slug;city;region;city_prepositional;title;description;hero_intro;status
moskva;Москва;Москва;Москве;Системы безопасности в Москве | Прометей01;Прометей01 выполняет видеонаблюдение, СКУД, слаботочные сети, электромонтаж, пожарную сигнализацию, огнезащиту и ПНР в Москве для коммерческих и жилых объектов.;Прометей01 выполняет монтаж и настройку систем безопасности в Москве: видеонаблюдение, СКУД, пожарную сигнализацию, слаботочные сети и сопутствующую документацию. Формат работ зависит от типа объекта, требований к доступу, пожарной безопасности и обслуживанию.;draft
sankt-peterburg;Санкт-Петербург;Санкт-Петербург;Санкт-Петербурге;Системы безопасности в Санкт-Петербурге | Прометей01;Прометей01 выполняет видеонаблюдение, СКУД, слаботочные сети, электромонтаж, пожарную сигнализацию, огнезащиту и ПНР в Санкт-Петербурге для коммерческих и жилых объектов.;Прометей01 выполняет монтаж и настройку систем безопасности в Санкт-Петербурге: видеонаблюдение, СКУД, пожарную сигнализацию, слаботочные сети и сопутствующую документацию. Формат работ зависит от типа объекта, требований к доступу, пожарной безопасности и обслуживанию.;draft
novosibirsk;Новосибирск;Новосибирская область;Новосибирске;Системы безопасности в Новосибирске | Прометей01;Прометей01 выполняет видеонаблюдение, СКУД, слаботочные сети, электромонтаж, пожарную сигнализацию, огнезащиту и ПНР в Новосибирске для коммерческих и жилых объектов.;Прометей01 выполняет монтаж и настройку систем безопасности в Новосибирске: видеонаблюдение, СКУД, пожарную сигнализацию, слаботочные сети и сопутствующую документацию. Формат работ зависит от типа объекта, требований к доступу, пожарной безопасности и обслуживанию.;draft
ekaterinburg;Екатеринбург;Свердловская область;Екатеринбурге;Системы безопасности в Екатеринбурге | Прометей01;Прометей01 выполняет видеонаблюдение, СКУД, слаботочные сети, электромонтаж, пожарную сигнализацию, огнезащиту и ПНР в Екатеринбурге для коммерческих и жилых объектов.;Прометей01 выполняет монтаж и настройку систем безопасности в Екатеринбурге: видеонаблюдение, СКУД, пожарную сигнализацию, слаботочные сети и сопутствующую документацию. Формат работ зависит от типа объекта, требований к доступу, пожарной безопасности и обслуживанию.;draft
kazan;Казань;Республика Татарстан;Казани;Системы безопасности в Казани | Прометей01;Прометей01 выполняет видеонаблюдение, СКУД, слаботочные сети, электромонтаж, пожарную сигнализацию, огнезащиту и ПНР в Казани для коммерческих и жилых объектов.;Прометей01 выполняет монтаж и настройку систем безопасности в Казани: видеонаблюдение, СКУД, пожарную сигнализацию, слаботочные сети и сопутствующую документацию. Формат работ зависит от типа объекта, требований к доступу, пожарной безопасности и обслуживанию.;draft
nizhniy-novgorod;Нижний Новгород;Нижегородская область;Нижнем Новгороде;Системы безопасности в Нижнем Новгороде | Прометей01;Прометей01 выполняет видеонаблюдение, СКУД, слаботочные сети, электромонтаж, пожарную сигнализацию, огнезащиту и ПНР в Нижнем Новгороде для коммерческих и жилых объектов.;Прометей01 выполняет монтаж и настройку систем безопасности в Нижнем Новгороде: видеонаблюдение, СКУД, пожарную сигнализацию, слаботочные сети и сопутствующую документацию. Формат работ зависит от типа объекта, требований к доступу, пожарной безопасности и обслуживанию.;draft
chelyabinsk;Челябинск;Челябинская область;Челябинске;Системы безопасности в Челябинске | Прометей01;Прометей01 выполняет видеонаблюдение, СКУД, слаботочные сети, электромонтаж, пожарную сигнализацию, огнезащиту и ПНР в Челябинске для коммерческих и жилых объектов.;Прометей01 выполняет монтаж и настройку систем безопасности в Челябинске: видеонаблюдение, СКУД, пожарную сигнализацию, слаботочные сети и сопутствующую документацию. Формат работ зависит от типа объекта, требований к доступу, пожарной безопасности и обслуживанию.;draft
samara;Самара;Самарская область;Самаре;Системы безопасности в Самаре | Прометей01;Прометей01 выполняет видеонаблюдение, СКУД, слаботочные сети, электромонтаж, пожарную сигнализацию, огнезащиту и ПНР в Самаре для коммерческих и жилых объектов.;Прометей01 выполняет монтаж и настройку систем безопасности в Самаре: видеонаблюдение, СКУД, пожарную сигнализацию, слаботочные сети и сопутствующую документацию. Формат работ зависит от типа объекта, требований к доступу, пожарной безопасности и обслуживанию.;draft
omsk;Омск;Омская область;Омске;Системы безопасности в Омске | Прометей01;Прометей01 выполняет видеонаблюдение, СКУД, слаботочные сети, электромонтаж, пожарную сигнализацию, огнезащиту и ПНР в Омске для коммерческих и жилых объектов.;Прометей01 выполняет монтаж и настройку систем безопасности в Омске: видеонаблюдение, СКУД, пожарную сигнализацию, слаботочные сети и сопутствующую документацию. Формат работ зависит от типа объекта, требований к доступу, пожарной безопасности и обслуживанию.;draft
rostov-na-donu;Ростов-на-Дону;Ростовская область;Ростове-на-Дону;Системы безопасности в Ростове-на-Дону | Прометей01;Прометей01 выполняет видеонаблюдение, СКУД, слаботочные сети, электромонтаж, пожарную сигнализацию, огнезащиту и ПНР в Ростове-на-Дону для коммерческих и жилых объектов.;Прометей01 выполняет монтаж и настройку систем безопасности в Ростове-на-Дону: видеонаблюдение, СКУД, пожарную сигнализацию, слаботочные сети и сопутствующую документацию. Формат работ зависит от типа объекта, требований к доступу, пожарной безопасности и обслуживанию.;draft
ufa;Уфа;Республика Башкортостан;Уфе;Системы безопасности в Уфе | Прометей01;Прометей01 выполняет видеонаблюдение, СКУД, слаботочные сети, электромонтаж, пожарную сигнализацию, огнезащиту и ПНР в Уфе для коммерческих и жилых объектов.;Прометей01 выполняет монтаж и настройку систем безопасности в Уфе: видеонаблюдение, СКУД, пожарную сигнализацию, слаботочные сети и сопутствующую документацию. Формат работ зависит от типа объекта, требований к доступу, пожарной безопасности и обслуживанию.;draft
krasnoyarsk;Красноярск;Красноярский край;Красноярске;Системы безопасности в Красноярске | Прометей01;Прометей01 выполняет видеонаблюдение, СКУД, слаботочные сети, электромонтаж, пожарную сигнализацию, огнезащиту и ПНР в Красноярске для коммерческих и жилых объектов.;Прометей01 выполняет монтаж и настройку систем безопасности в Красноярске: видеонаблюдение, СКУД, пожарную сигнализацию, слаботочные сети и сопутствующую документацию. Формат работ зависит от типа объекта, требований к доступу, пожарной безопасности и обслуживанию.;draft
voronezh;Воронеж;Воронежская область;Воронеже;Системы безопасности в Воронеже | Прометей01;Прометей01 выполняет видеонаблюдение, СКУД, слаботочные сети, электромонтаж, пожарную сигнализацию, огнезащиту и ПНР в Воронеже для коммерческих и жилых объектов.;Прометей01 выполняет монтаж и настройку систем безопасности в Воронеже: видеонаблюдение, СКУД, пожарную сигнализацию, слаботочные сети и сопутствующую документацию. Формат работ зависит от типа объекта, требований к доступу, пожарной безопасности и обслуживанию.;draft
perm;Пермь;Пермский край;Перми;Системы безопасности в Перми | Прометей01;Прометей01 выполняет видеонаблюдение, СКУД, слаботочные сети, электромонтаж, пожарную сигнализацию, огнезащиту и ПНР в Перми для коммерческих и жилых объектов.;Прометей01 выполняет монтаж и настройку систем безопасности в Перми: видеонаблюдение, СКУД, пожарную сигнализацию, слаботочные сети и сопутствующую документацию. Формат работ зависит от типа объекта, требований к доступу, пожарной безопасности и обслуживанию.;draft
volgograd;Волгоград;Волгоградская область;Волгограде;Системы безопасности в Волгограде | Прометей01;Прометей01 выполняет видеонаблюдение, СКУД, слаботочные сети, электромонтаж, пожарную сигнализацию, огнезащиту и ПНР в Волгограде для коммерческих и жилых объектов.;Прометей01 выполняет монтаж и настройку систем безопасности в Волгограде: видеонаблюдение, СКУД, пожарную сигнализацию, слаботочные сети и сопутствующую документацию. Формат работ зависит от типа объекта, требований к доступу, пожарной безопасности и обслуживанию.;draft
krasnodar;Краснодар;Краснодарский край;Краснодаре;Системы безопасности в Краснодаре | Прометей01;Прометей01 выполняет видеонаблюдение, СКУД, слаботочные сети, электромонтаж, пожарную сигнализацию, огнезащиту и ПНР в Краснодаре для коммерческих и жилых объектов.;Прометей01 выполняет монтаж и настройку систем безопасности в Краснодаре: видеонаблюдение, СКУД, пожарную сигнализацию, слаботочные сети и сопутствующую документацию. Формат работ зависит от типа объекта, требований к доступу, пожарной безопасности и обслуживанию.;draft
saratov;Саратов;Саратовская область;Саратове;Системы безопасности в Саратове | Прометей01;Прометей01 выполняет видеонаблюдение, СКУД, слаботочные сети, электромонтаж, пожарную сигнализацию, огнезащиту и ПНР в Саратове для коммерческих и жилых объектов.;Прометей01 выполняет монтаж и настройку систем безопасности в Саратове: видеонаблюдение, СКУД, пожарную сигнализацию, слаботочные сети и сопутствующую документацию. Формат работ зависит от типа объекта, требований к доступу, пожарной безопасности и обслуживанию.;draft
tyumen;Тюмень;Тюменская область;Тюмени;Системы безопасности в Тюмени | Прометей01;Прометей01 выполняет видеонаблюдение, СКУД, слаботочные сети, электромонтаж, пожарную сигнализацию, огнезащиту и ПНР в Тюмени для коммерческих и жилых объектов.;Прометей01 выполняет монтаж и настройку систем безопасности в Тюмени: видеонаблюдение, СКУД, пожарную сигнализацию, слаботочные сети и сопутствующую документацию. Формат работ зависит от типа объекта, требований к доступу, пожарной безопасности и обслуживанию.;draft
tolyatti;Тольятти;Самарская область;Тольятти;Системы безопасности в Тольятти | Прометей01;Прометей01 выполняет видеонаблюдение, СКУД, слаботочные сети, электромонтаж, пожарную сигнализацию, огнезащиту и ПНР в Тольятти для коммерческих и жилых объектов.;Прометей01 выполняет монтаж и настройку систем безопасности в Тольятти: видеонаблюдение, СКУД, пожарную сигнализацию, слаботочные сети и сопутствующую документацию. Формат работ зависит от типа объекта, требований к доступу, пожарной безопасности и обслуживанию.;draft
izhevsk;Ижевск;Удмуртская Республика;Ижевске;Системы безопасности в Ижевске | Прометей01;Прометей01 выполняет видеонаблюдение, СКУД, слаботочные сети, электромонтаж, пожарную сигнализацию, огнезащиту и ПНР в Ижевске для коммерческих и жилых объектов.;Прометей01 выполняет монтаж и настройку систем безопасности в Ижевске: видеонаблюдение, СКУД, пожарную сигнализацию, слаботочные сети и сопутствующую документацию. Формат работ зависит от типа объекта, требований к доступу, пожарной безопасности и обслуживанию.;draft
barnaul;Барнаул;Алтайский край;Барнауле;Системы безопасности в Барнауле | Прометей01;Прометей01 выполняет видеонаблюдение, СКУД, слаботочные сети, электромонтаж, пожарную сигнализацию, огнезащиту и ПНР в Барнауле для коммерческих и жилых объектов.;Прометей01 выполняет монтаж и настройку систем безопасности в Барнауле: видеонаблюдение, СКУД, пожарную сигнализацию, слаботочные сети и сопутствующую документацию. Формат работ зависит от типа объекта, требований к доступу, пожарной безопасности и обслуживанию.;draft
ulyanovsk;Ульяновск;Ульяновская область;Ульяновске;Системы безопасности в Ульяновске | Прометей01;Прометей01 выполняет видеонаблюдение, СКУД, слаботочные сети, электромонтаж, пожарную сигнализацию, огнезащиту и ПНР в Ульяновске для коммерческих и жилых объектов.;Прометей01 выполняет монтаж и настройку систем безопасности в Ульяновске: видеонаблюдение, СКУД, пожарную сигнализацию, слаботочные сети и сопутствующую документацию. Формат работ зависит от типа объекта, требований к доступу, пожарной безопасности и обслуживанию.;draft
irkutsk;Иркутск;Иркутская область;Иркутске;Системы безопасности в Иркутске | Прометей01;Прометей01 выполняет видеонаблюдение, СКУД, слаботочные сети, электромонтаж, пожарную сигнализацию, огнезащиту и ПНР в Иркутске для коммерческих и жилых объектов.;Прометей01 выполняет монтаж и настройку систем безопасности в Иркутске: видеонаблюдение, СКУД, пожарную сигнализацию, слаботочные сети и сопутствующую документацию. Формат работ зависит от типа объекта, требований к доступу, пожарной безопасности и обслуживанию.;draft
habarovsk;Хабаровск;Хабаровский край;Хабаровске;Системы безопасности в Хабаровске | Прометей01;Прометей01 выполняет видеонаблюдение, СКУД, слаботочные сети, электромонтаж, пожарную сигнализацию, огнезащиту и ПНР в Хабаровске для коммерческих и жилых объектов.;Прометей01 выполняет монтаж и настройку систем безопасности в Хабаровске: видеонаблюдение, СКУД, пожарную сигнализацию, слаботочные сети и сопутствующую документацию. Формат работ зависит от типа объекта, требований к доступу, пожарной безопасности и обслуживанию.;draft
mahachkala;Махачкала;Республика Дагестан;Махачкале;Системы безопасности в Махачкале | Прометей01;Прометей01 выполняет видеонаблюдение, СКУД, слаботочные сети, электромонтаж, пожарную сигнализацию, огнезащиту и ПНР в Махачкале для коммерческих и жилых объектов.;Прометей01 выполняет монтаж и настройку систем безопасности в Махачкале: видеонаблюдение, СКУД, пожарную сигнализацию, слаботочные сети и сопутствующую документацию. Формат работ зависит от типа объекта, требований к доступу, пожарной безопасности и обслуживанию.;draft
yaroslavl;Ярославль;Ярославская область;Ярославле;Системы безопасности в Ярославле | Прометей01;Прометей01 выполняет видеонаблюдение, СКУД, слаботочные сети, электромонтаж, пожарную сигнализацию, огнезащиту и ПНР в Ярославле для коммерческих и жилых объектов.;Прометей01 выполняет монтаж и настройку систем безопасности в Ярославле: видеонаблюдение, СКУД, пожарную сигнализацию, слаботочные сети и сопутствующую документацию. Формат работ зависит от типа объекта, требований к доступу, пожарной безопасности и обслуживанию.;draft
vladivostok;Владивосток;Приморский край;Владивостоке;Системы безопасности во Владивостоке | Прометей01;Прометей01 выполняет видеонаблюдение, СКУД, слаботочные сети, электромонтаж, пожарную сигнализацию, огнезащиту и ПНР во Владивостоке для коммерческих и жилых объектов.;Прометей01 выполняет монтаж и настройку систем безопасности во Владивостоке: видеонаблюдение, СКУД, пожарную сигнализацию, слаботочные сети и сопутствующую документацию. Формат работ зависит от типа объекта, требований к доступу, пожарной безопасности и обслуживанию.;draft
orenburg;Оренбург;Оренбургская область;Оренбурге;Системы безопасности в Оренбурге | Прометей01;Прометей01 выполняет видеонаблюдение, СКУД, слаботочные сети, электромонтаж, пожарную сигнализацию, огнезащиту и ПНР в Оренбурге для коммерческих и жилых объектов.;Прометей01 выполняет монтаж и настройку систем безопасности в Оренбурге: видеонаблюдение, СКУД, пожарную сигнализацию, слаботочные сети и сопутствующую документацию. Формат работ зависит от типа объекта, требований к доступу, пожарной безопасности и обслуживанию.;draft
tomsk;Томск;Томская область;Томске;Системы безопасности в Томске | Прометей01;Прометей01 выполняет видеонаблюдение, СКУД, слаботочные сети, электромонтаж, пожарную сигнализацию, огнезащиту и ПНР в Томске для коммерческих и жилых объектов.;Прометей01 выполняет монтаж и настройку систем безопасности в Томске: видеонаблюдение, СКУД, пожарную сигнализацию, слаботочные сети и сопутствующую документацию. Формат работ зависит от типа объекта, требований к доступу, пожарной безопасности и обслуживанию.;draft
kemerovo;Кемерово;Кемеровская область;Кемерове;Системы безопасности в Кемерове | Прометей01;Прометей01 выполняет видеонаблюдение, СКУД, слаботочные сети, электромонтаж, пожарную сигнализацию, огнезащиту и ПНР в Кемерове для коммерческих и жилых объектов.;Прометей01 выполняет монтаж и настройку систем безопасности в Кемерове: видеонаблюдение, СКУД, пожарную сигнализацию, слаботочные сети и сопутствующую документацию. Формат работ зависит от типа объекта, требований к доступу, пожарной безопасности и обслуживанию.;draft
novokuzneck;Новокузнецк;Кемеровская область;Новокузнецке;Системы безопасности в Новокузнецке | Прометей01;Прометей01 выполняет видеонаблюдение, СКУД, слаботочные сети, электромонтаж, пожарную сигнализацию, огнезащиту и ПНР в Новокузнецке для коммерческих объектов.;Прометей01 выполняет монтаж и настройку систем безопасности в Новокузнецке: видеонаблюдение, СКУД, пожарная сигнализация, слаботочные сети и сопутствующая документация. Формат работ зависит от тип объекта, требования к доступу, пожарной безопасности и дальнейшему обслуживанию.;draft
ryazan;Рязань;Рязанская область;Рязани;Системы безопасности в Рязани | Прометей01;Прометей01 выполняет видеонаблюдение, СКУД, слаботочные сети, электромонтаж, пожарную сигнализацию, огнезащиту и ПНР в Рязани для коммерческих объектов.;Прометей01 выполняет монтаж и настройку систем безопасности в Рязани: видеонаблюдение, СКУД, пожарная сигнализация, слаботочные сети и сопутствующая документация. Формат работ зависит от тип объекта, требования к доступу, пожарной безопасности и дальнейшему обслуживанию.;draft
astrahan;Астрахань;Астраханская область;Астрахани;Системы безопасности в Астрахани | Прометей01;Прометей01 выполняет видеонаблюдение, СКУД, слаботочные сети, электромонтаж, пожарную сигнализацию, огнезащиту и ПНР в Астрахани для коммерческих объектов.;Прометей01 выполняет монтаж и настройку систем безопасности в Астрахани: видеонаблюдение, СКУД, пожарная сигнализация, слаботочные сети и сопутствующая документация. Формат работ зависит от тип объекта, требования к доступу, пожарной безопасности и дальнейшему обслуживанию.;draft
penza;Пенза;Пензенская область;Пензе;Системы безопасности в Пензе | Прометей01;Прометей01 выполняет видеонаблюдение, СКУД, слаботочные сети, электромонтаж, пожарную сигнализацию, огнезащиту и ПНР в Пензе для объектов разного назначения.;Прометей01 выполняет монтаж и настройку систем безопасности в Пензе: видеонаблюдение, СКУД, пожарная сигнализация, слаботочные сети и сопутствующая документация. Формат работ зависит от тип объекта, требования к доступу, пожарной безопасности и дальнейшему обслуживанию.;draft
naberezhnye-chelny;Набережные Челны;Республика Татарстан;Набережных Челнах;Системы безопасности в Набережных Челнах | Прометей01;Прометей01 выполняет видеонаблюдение, СКУД, слаботочные сети, электромонтаж, пожарную сигнализацию, огнезащиту и ПНР в Набережных Челнах для объектов.;Прометей01 выполняет монтаж и настройку систем безопасности в Набережных Челнах: видеонаблюдение, СКУД, пожарная сигнализация, слаботочные сети и сопутствующая документация. Формат работ зависит от тип объекта, требования к доступу, пожарной безопасности и дальнейшему обслуживанию.;draft
lipeck;Липецк;Липецкая область;Липецке;Системы безопасности в Липецке | Прометей01;Прометей01 выполняет видеонаблюдение, СКУД, слаботочные сети, электромонтаж, пожарную сигнализацию, огнезащиту и ПНР в Липецке для коммерческих объектов.;Прометей01 выполняет монтаж и настройку систем безопасности в Липецке: видеонаблюдение, СКУД, пожарная сигнализация, слаботочные сети и сопутствующая документация. Формат работ зависит от тип объекта, требования к доступу, пожарной безопасности и дальнейшему обслуживанию.;draft
tula;Тула;Тульская область;Туле;Системы безопасности в Туле | Прометей01;Прометей01 выполняет видеонаблюдение, СКУД, слаботочные сети, электромонтаж, пожарную сигнализацию, огнезащиту и ПНР в Туле для объектов разного назначения.;Прометей01 выполняет монтаж и настройку систем безопасности в Туле: видеонаблюдение, СКУД, пожарная сигнализация, слаботочные сети и сопутствующая документация. Формат работ зависит от тип объекта, требования к доступу, пожарной безопасности и дальнейшему обслуживанию.;draft
kirov;Киров;Кировская область;Кирове;Системы безопасности в Кирове | Прометей01;Прометей01 выполняет видеонаблюдение, СКУД, слаботочные сети, электромонтаж, пожарную сигнализацию, огнезащиту и ПНР в Кирове для коммерческих объектов.;Прометей01 выполняет монтаж и настройку систем безопасности в Кирове: видеонаблюдение, СКУД, пожарная сигнализация, слаботочные сети и сопутствующая документация. Формат работ зависит от тип объекта, требования к доступу, пожарной безопасности и дальнейшему обслуживанию.;draft
cheboksary;Чебоксары;Чувашская Республика;Чебоксарах;Системы безопасности в Чебоксарах | Прометей01;Прометей01 выполняет видеонаблюдение, СКУД, слаботочные сети, электромонтаж, пожарную сигнализацию, огнезащиту и ПНР в Чебоксарах для коммерческих объектов.;Прометей01 выполняет монтаж и настройку систем безопасности в Чебоксарах: видеонаблюдение, СКУД, пожарная сигнализация, слаботочные сети и сопутствующая документация. Формат работ зависит от тип объекта, требования к доступу, пожарной безопасности и дальнейшему обслуживанию.;draft
ulan-ude;Улан-Удэ;Республика Бурятия;Улан-Удэ;Системы безопасности в Улан-Удэ | Прометей01;Прометей01 выполняет видеонаблюдение, СКУД, слаботочные сети, электромонтаж, пожарную сигнализацию, огнезащиту и ПНР в Улан-Удэ для коммерческих объектов.;Прометей01 выполняет монтаж и настройку систем безопасности в Улан-Удэ: видеонаблюдение, СКУД, пожарная сигнализация, слаботочные сети и сопутствующая документация. Формат работ зависит от тип объекта, требования к доступу, пожарной безопасности и дальнейшему обслуживанию.;draft
kaliningrad;Калининград;Калининградская область;Калининграде;Системы безопасности в Калининграде | Прометей01;Прометей01 выполняет видеонаблюдение, СКУД, слаботочные сети, электромонтаж, пожарную сигнализацию, огнезащиту и ПНР в Калининграде для коммерческих объектов.;Прометей01 выполняет монтаж и настройку систем безопасности в Калининграде: видеонаблюдение, СКУД, пожарная сигнализация, слаботочные сети и сопутствующая документация. Формат работ зависит от тип объекта, требования к доступу, пожарной безопасности и дальнейшему обслуживанию.;draft
bryansk;Брянск;Брянская область;Брянске;Системы безопасности в Брянске | Прометей01;Прометей01 выполняет видеонаблюдение, СКУД, слаботочные сети, электромонтаж, пожарную сигнализацию, огнезащиту и ПНР в Брянске для коммерческих объектов.;Прометей01 выполняет монтаж и настройку систем безопасности в Брянске: видеонаблюдение, СКУД, пожарная сигнализация, слаботочные сети и сопутствующая документация. Формат работ зависит от тип объекта, требования к доступу, пожарной безопасности и дальнейшему обслуживанию.;draft
kursk;Курск;Курская область;Курске;Системы безопасности в Курске | Прометей01;Прометей01 выполняет видеонаблюдение, СКУД, слаботочные сети, электромонтаж, пожарную сигнализацию, огнезащиту и ПНР в Курске для коммерческих объектов.;Прометей01 выполняет монтаж и настройку систем безопасности в Курске: видеонаблюдение, СКУД, пожарная сигнализация, слаботочные сети и сопутствующая документация. Формат работ зависит от тип объекта, требования к доступу, пожарной безопасности и дальнейшему обслуживанию.;draft
ivanovo;Иваново;Ивановская область;Иванове;Системы безопасности в Иванове | Прометей01;Прометей01 выполняет видеонаблюдение, СКУД, слаботочные сети, электромонтаж, пожарную сигнализацию, огнезащиту и ПНР в Иванове для коммерческих объектов.;Прометей01 выполняет монтаж и настройку систем безопасности в Иванове: видеонаблюдение, СКУД, пожарная сигнализация, слаботочные сети и сопутствующая документация. Формат работ зависит от тип объекта, требования к доступу, пожарной безопасности и дальнейшему обслуживанию.;draft
magnitogorsk;Магнитогорск;Челябинская область;Магнитогорске;Системы безопасности в Магнитогорске | Прометей01;Прометей01 выполняет видеонаблюдение, СКУД, слаботочные сети, электромонтаж, пожарную сигнализацию, огнезащиту и ПНР в Магнитогорске для коммерческих объектов.;Прометей01 выполняет монтаж и настройку систем безопасности в Магнитогорске: видеонаблюдение, СКУД, пожарная сигнализация, слаботочные сети и сопутствующая документация. Формат работ зависит от тип объекта, требования к доступу, пожарной безопасности и дальнейшему обслуживанию.;draft
tver;Тверь;Тверская область;Твери;Системы безопасности в Твери | Прометей01;Прометей01 выполняет видеонаблюдение, СКУД, слаботочные сети, электромонтаж, пожарную сигнализацию, огнезащиту и ПНР в Твери для объектов разного назначения.;Прометей01 выполняет монтаж и настройку систем безопасности в Твери: видеонаблюдение, СКУД, пожарная сигнализация, слаботочные сети и сопутствующая документация. Формат работ зависит от тип объекта, требования к доступу, пожарной безопасности и дальнейшему обслуживанию.;draft
stavropol;Ставрополь;Ставропольский край;Ставрополе;Системы безопасности в Ставрополе | Прометей01;Прометей01 выполняет видеонаблюдение, СКУД, слаботочные сети, электромонтаж, пожарную сигнализацию, огнезащиту и ПНР в Ставрополе для коммерческих объектов.;Прометей01 выполняет монтаж и настройку систем безопасности в Ставрополе: видеонаблюдение, СКУД, пожарная сигнализация, слаботочные сети и сопутствующая документация. Формат работ зависит от тип объекта, требования к доступу, пожарной безопасности и дальнейшему обслуживанию.;draft
sevastopol;Севастополь;Севастополь;Севастополе;Системы безопасности в Севастополе | Прометей01;Прометей01 выполняет видеонаблюдение, СКУД, слаботочные сети, электромонтаж, пожарную сигнализацию, огнезащиту и ПНР в Севастополе для коммерческих объектов.;Прометей01 выполняет монтаж и настройку систем безопасности в Севастополе: видеонаблюдение, СКУД, пожарная сигнализация, слаботочные сети и сопутствующая документация. Формат работ зависит от тип объекта, требования к доступу, пожарной безопасности и дальнейшему обслуживанию.;draft
nizhniy-tagil;Нижний Тагил;Свердловская область;Нижнем Тагиле;Системы безопасности в Нижнем Тагиле | Прометей01;Прометей01 выполняет видеонаблюдение, СКУД, слаботочные сети, электромонтаж, пожарную сигнализацию, огнезащиту и ПНР в Нижнем Тагиле для коммерческих объектов.;Прометей01 выполняет монтаж и настройку систем безопасности в Нижнем Тагиле: видеонаблюдение, СКУД, пожарная сигнализация, слаботочные сети и сопутствующая документация. Формат работ зависит от тип объекта, требования к доступу, пожарной безопасности и дальнейшему обслуживанию.;draft
belgorod;Белгород;Белгородская область;Белгороде;Системы безопасности в Белгороде | Прометей01;Прометей01 выполняет видеонаблюдение, СКУД, слаботочные сети, электромонтаж, пожарную сигнализацию, огнезащиту и ПНР в Белгороде для коммерческих объектов.;Прометей01 выполняет монтаж и настройку систем безопасности в Белгороде: видеонаблюдение, СКУД, пожарная сигнализация, слаботочные сети и сопутствующая документация. Формат работ зависит от тип объекта, требования к доступу, пожарной безопасности и дальнейшему обслуживанию.;draft
arhangelsk;Архангельск;Архангельская область;Архангельске;Системы безопасности в Архангельске | Прометей01;Прометей01 выполняет видеонаблюдение, СКУД, слаботочные сети, электромонтаж, пожарную сигнализацию, огнезащиту и ПНР в Архангельске для коммерческих объектов.;Прометей01 выполняет монтаж и настройку систем безопасности в Архангельске: видеонаблюдение, СКУД, пожарная сигнализация, слаботочные сети, электромонтаж и сопутствующая документация. На странице стоит сразу показать, для каких объектов в Архангельске актуальны эти работы и как организуется обслуживание после запуска.;draft
vladimir;Владимир;Владимирская область;Владимире;Системы безопасности в Владимире | Прометей01;Прометей01 выполняет видеонаблюдение, СКУД, слаботочные сети, электромонтаж, пожарную сигнализацию, огнезащиту и ПНР в Владимире для коммерческих объектов.;Прометей01 выполняет монтаж и настройку систем безопасности в Владимире: видеонаблюдение, СКУД, пожарная сигнализация, слаботочные сети, электромонтаж и сопутствующая документация. На странице стоит сразу показать, для каких объектов в Владимире актуальны эти работы и как организуется обслуживание после запуска.;draft
sochi;Сочи;Краснодарский край;Сочи;Системы безопасности в Сочи | Прометей01;Прометей01 выполняет видеонаблюдение, СКУД, слаботочные сети, электромонтаж, пожарную сигнализацию, огнезащиту и ПНР в Сочи для объектов разного назначения.;Прометей01 выполняет монтаж и настройку систем безопасности в Сочи: видеонаблюдение, СКУД, пожарная сигнализация, слаботочные сети, электромонтаж и сопутствующая документация. На странице стоит сразу показать, для каких объектов в Сочи актуальны эти работы и как организуется обслуживание после запуска.;draft
kurgan;Курган;Курганская область;Кургане;Системы безопасности в Кургане | Прометей01;Прометей01 выполняет видеонаблюдение, СКУД, слаботочные сети, электромонтаж, пожарную сигнализацию, огнезащиту и ПНР в Кургане для коммерческих объектов.;Прометей01 выполняет монтаж и настройку систем безопасности в Кургане: видеонаблюдение, СКУД, пожарная сигнализация, слаботочные сети, электромонтаж и сопутствующая документация. На странице стоит сразу показать, для каких объектов в Кургане актуальны эти работы и как организуется обслуживание после запуска.;draft
simferopol;Симферополь;Республика Крым;Симферополе;Системы безопасности в Симферополе | Прометей01;Прометей01 выполняет видеонаблюдение, СКУД, слаботочные сети, электромонтаж, пожарную сигнализацию, огнезащиту и ПНР в Симферополе для коммерческих объектов.;Прометей01 выполняет монтаж и настройку систем безопасности в Симферополе: видеонаблюдение, СКУД, пожарная сигнализация, слаботочные сети, электромонтаж и сопутствующая документация. На странице стоит сразу показать, для каких объектов в Симферополе актуальны эти работы и как организуется обслуживание после запуска.;draft
smolensk;Смоленск;Смоленская область;Смоленске;Системы безопасности в Смоленске | Прометей01;Прометей01 выполняет видеонаблюдение, СКУД, слаботочные сети, электромонтаж, пожарную сигнализацию, огнезащиту и ПНР в Смоленске для коммерческих объектов.;Прометей01 выполняет монтаж и настройку систем безопасности в Смоленске: видеонаблюдение, СКУД, пожарная сигнализация, слаботочные сети, электромонтаж и сопутствующая документация. На странице стоит сразу показать, для каких объектов в Смоленске актуальны эти работы и как организуется обслуживание после запуска.;draft
kaluga;Калуга;Калужская область;Калуге;Системы безопасности в Калуге | Прометей01;Прометей01 выполняет видеонаблюдение, СКУД, слаботочные сети, электромонтаж, пожарную сигнализацию, огнезащиту и ПНР в Калуге для коммерческих объектов.;Прометей01 выполняет монтаж и настройку систем безопасности в Калуге: видеонаблюдение, СКУД, пожарная сигнализация, слаботочные сети, электромонтаж и сопутствующая документация. На странице стоит сразу показать, для каких объектов в Калуге актуальны эти работы и как организуется обслуживание после запуска.;draft
chita;Чита;Забайкальский край;Чите;Системы безопасности в Чите | Прометей01;Прометей01 выполняет видеонаблюдение, СКУД, слаботочные сети, электромонтаж, пожарную сигнализацию, огнезащиту и ПНР в Чите для объектов разного назначения.;Прометей01 выполняет монтаж и настройку систем безопасности в Чите: видеонаблюдение, СКУД, пожарная сигнализация, слаботочные сети, электромонтаж и сопутствующая документация. На странице стоит сразу показать, для каких объектов в Чите актуальны эти работы и как организуется обслуживание после запуска.;draft
saransk;Саранск;Республика Мордовия;Саранске;Системы безопасности в Саранске | Прометей01;Прометей01 выполняет видеонаблюдение, СКУД, слаботочные сети, электромонтаж, пожарную сигнализацию, огнезащиту и ПНР в Саранске для коммерческих объектов.;Прометей01 выполняет монтаж и настройку систем безопасности в Саранске: видеонаблюдение, СКУД, пожарная сигнализация, слаботочные сети, электромонтаж и сопутствующая документация. На странице стоит сразу показать, для каких объектов в Саранске актуальны эти работы и как организуется обслуживание после запуска.;draft
orel;Орёл;Орловская область;Орле;Системы безопасности в Орле | Прометей01;Прометей01 выполняет видеонаблюдение, СКУД, слаботочные сети, электромонтаж, пожарную сигнализацию, огнезащиту и ПНР в Орле для объектов разного назначения.;Прометей01 выполняет монтаж и настройку систем безопасности в Орле: видеонаблюдение, СКУД, пожарная сигнализация, слаботочные сети, электромонтаж и сопутствующая документация. На странице стоит сразу показать, для каких объектов в Орле актуальны эти работы и как организуется обслуживание после запуска.;draft
volzhskiy;Волжский;Волгоградская область;Волжском;Системы безопасности в Волжском | Прометей01;Прометей01 выполняет видеонаблюдение, СКУД, слаботочные сети, электромонтаж, пожарную сигнализацию, огнезащиту и ПНР в Волжском для коммерческих и жилых объектов.;Прометей01 выполняет монтаж и настройку систем безопасности в Волжском: видеонаблюдение, СКУД, пожарную сигнализацию, слаботочные сети и сопутствующую документацию. Формат работ зависит от типа объекта, требований к доступу, пожарной безопасности и обслуживанию.;draft
cherepovec;Череповец;Вологодская область;Череповце;Системы безопасности в Череповце | Прометей01;Прометей01 выполняет видеонаблюдение, СКУД, слаботочные сети, электромонтаж, пожарную сигнализацию, огнезащиту и ПНР в Череповце для коммерческих и жилых объектов.;Прометей01 выполняет монтаж и настройку систем безопасности в Череповце: видеонаблюдение, СКУД, пожарную сигнализацию, слаботочные сети и сопутствующую документацию. Формат работ зависит от типа объекта, требований к доступу, пожарной безопасности и обслуживанию.;draft
vladikavkaz;Владикавказ;Республика Северная Осетия — Алания;Владикавказе;Системы безопасности в Владикавказе | Прометей01;Прометей01 выполняет видеонаблюдение, СКУД, слаботочные сети, электромонтаж, пожарную сигнализацию, огнезащиту и ПНР в Владикавказе для коммерческих и жилых объектов.;Прометей01 выполняет монтаж и настройку систем безопасности в Владикавказе: видеонаблюдение, СКУД, пожарную сигнализацию, слаботочные сети и сопутствующую документацию. Формат работ зависит от типа объекта, требований к доступу, пожарной безопасности и обслуживанию.;draft
murmansk;Мурманск;Мурманская область;Мурманске;Системы безопасности в Мурманске | Прометей01;Прометей01 выполняет видеонаблюдение, СКУД, слаботочные сети, электромонтаж, пожарную сигнализацию, огнезащиту и ПНР в Мурманске для коммерческих и жилых объектов.;Прометей01 выполняет монтаж и настройку систем безопасности в Мурманске: видеонаблюдение, СКУД, пожарную сигнализацию, слаботочные сети и сопутствующую документацию. Формат работ зависит от типа объекта, требований к доступу, пожарной безопасности и обслуживанию.;draft
surgut;Сургут;Ханты-Мансийский автономный округ — Югра;Сургуте;Системы безопасности в Сургуте | Прометей01;Прометей01 выполняет видеонаблюдение, СКУД, слаботочные сети, электромонтаж, пожарную сигнализацию, огнезащиту и ПНР в Сургуте для коммерческих и жилых объектов.;Прометей01 выполняет монтаж и настройку систем безопасности в Сургуте: видеонаблюдение, СКУД, пожарную сигнализацию, слаботочные сети и сопутствующую документацию. Формат работ зависит от типа объекта, требований к доступу, пожарной безопасности и обслуживанию.;draft
vologda;Вологда;Вологодская область;Вологде;Системы безопасности в Вологде | Прометей01;Прометей01 выполняет видеонаблюдение, СКУД, слаботочные сети, электромонтаж, пожарную сигнализацию, огнезащиту и ПНР в Вологде для коммерческих и жилых объектов.;Прометей01 выполняет монтаж и настройку систем безопасности в Вологде: видеонаблюдение, СКУД, пожарную сигнализацию, слаботочные сети и сопутствующую документацию. Формат работ зависит от типа объекта, требований к доступу, пожарной безопасности и обслуживанию.;draft
tambov;Тамбов;Тамбовская область;Тамбове;Системы безопасности в Тамбове | Прометей01;Прометей01 выполняет видеонаблюдение, СКУД, слаботочные сети, электромонтаж, пожарную сигнализацию, огнезащиту и ПНР в Тамбове для коммерческих и жилых объектов.;Прометей01 выполняет монтаж и настройку систем безопасности в Тамбове: видеонаблюдение, СКУД, пожарную сигнализацию, слаботочные сети и сопутствующую документацию. Формат работ зависит от типа объекта, требований к доступу, пожарной безопасности и обслуживанию.;draft
sterlitamak;Стерлитамак;Республика Башкортостан;Стерлитамаке;Системы безопасности в Стерлитамаке | Прометей01;Прометей01 выполняет видеонаблюдение, СКУД, слаботочные сети, электромонтаж, пожарную сигнализацию, огнезащиту и ПНР в Стерлитамаке для коммерческих и жилых объектов.;Прометей01 выполняет монтаж и настройку систем безопасности в Стерлитамаке: видеонаблюдение, СКУД, пожарную сигнализацию, слаботочные сети и сопутствующую документацию. Формат работ зависит от типа объекта, требований к доступу, пожарной безопасности и обслуживанию.;draft
groznyy;Грозный;Чеченская Республика;Грозном;Системы безопасности в Грозном | Прометей01;Прометей01 выполняет видеонаблюдение, СКУД, слаботочные сети, электромонтаж, пожарную сигнализацию, огнезащиту и ПНР в Грозном для коммерческих и жилых объектов.;Прометей01 выполняет монтаж и настройку систем безопасности в Грозном: видеонаблюдение, СКУД, пожарную сигнализацию, слаботочные сети и сопутствующую документацию. Формат работ зависит от типа объекта, требований к доступу, пожарной безопасности и обслуживанию.;draft
yakutsk;Якутск;Республика Саха (Якутия);Якутске;Системы безопасности в Якутске | Прометей01;Прометей01 выполняет видеонаблюдение, СКУД, слаботочные сети, электромонтаж, пожарную сигнализацию, огнезащиту и ПНР в Якутске для коммерческих и жилых объектов.;Прометей01 выполняет монтаж и настройку систем безопасности в Якутске: видеонаблюдение, СКУД, пожарную сигнализацию, слаботочные сети и сопутствующую документацию. Формат работ зависит от типа объекта, требований к доступу, пожарной безопасности и обслуживанию.;draft
kostroma;Кострома;Костромская область;Костроме;Системы безопасности в Костроме | Прометей01;Прометей01 выполняет видеонаблюдение, СКУД, слаботочные сети, электромонтаж, пожарную сигнализацию, огнезащиту и ПНР в Костроме для коммерческих и жилых объектов.;Прометей01 выполняет монтаж и настройку систем безопасности в Костроме: видеонаблюдение, СКУД, пожарную сигнализацию, слаботочные сети и сопутствующую документацию. Формат работ зависит от типа объекта, требований к доступу, пожарной безопасности и обслуживанию.;draft
komsomolsk-na-amure;Комсомольск-на-Амуре;Хабаровский край;Комсомольске-на-Амуре;Системы безопасности в Комсомольске-на-Амуре | Прометей01;Прометей01 выполняет видеонаблюдение, СКУД, слаботочные сети, пожарную сигнализацию, огнезащиту и ПНР в Комсомольске-на-Амуре для коммерческих и жилых объектов.;Прометей01 выполняет монтаж и настройку систем безопасности в Комсомольске-на-Амуре: видеонаблюдение, СКУД, пожарную сигнализацию, слаботочные сети и сопутствующую документацию. Формат работ зависит от типа объекта, требований к доступу, пожарной безопасности и обслуживанию.;draft
petrozavodsk;Петрозаводск;Республика Карелия;Петрозаводске;Системы безопасности в Петрозаводске | Прометей01;Прометей01 выполняет видеонаблюдение, СКУД, слаботочные сети, электромонтаж, пожарную сигнализацию, огнезащиту и ПНР в Петрозаводске для коммерческих и жилых объектов.;Прометей01 выполняет монтаж и настройку систем безопасности в Петрозаводске: видеонаблюдение, СКУД, пожарную сигнализацию, слаботочные сети и сопутствующую документацию. Формат работ зависит от типа объекта, требований к доступу, пожарной безопасности и обслуживанию.;draft
taganrog;Таганрог;Ростовская область;Таганроге;Системы безопасности в Таганроге | Прометей01;Прометей01 выполняет видеонаблюдение, СКУД, слаботочные сети, электромонтаж, пожарную сигнализацию, огнезащиту и ПНР в Таганроге для коммерческих и жилых объектов.;Прометей01 выполняет монтаж и настройку систем безопасности в Таганроге: видеонаблюдение, СКУД, пожарную сигнализацию, слаботочные сети и сопутствующую документацию. Формат работ зависит от типа объекта, требований к доступу, пожарной безопасности и обслуживанию.;draft
nizhnevartovsk;Нижневартовск;Ханты-Мансийский автономный округ — Югра;Нижневартовске;Системы безопасности в Нижневартовске | Прометей01;Прометей01 выполняет видеонаблюдение, СКУД, слаботочные сети, электромонтаж, пожарную сигнализацию, огнезащиту и ПНР в Нижневартовске для коммерческих и жилых объектов.;Прометей01 выполняет монтаж и настройку систем безопасности в Нижневартовске: видеонаблюдение, СКУД, пожарную сигнализацию, слаботочные сети и сопутствующую документацию. Формат работ зависит от типа объекта, требований к доступу, пожарной безопасности и обслуживанию.;draft
yoshkar-ola;Йошкар-Ола;Республика Марий Эл;Йошкар-Оле;Системы безопасности в Йошкар-Оле | Прометей01;Прометей01 выполняет видеонаблюдение, СКУД, слаботочные сети, электромонтаж, пожарную сигнализацию, огнезащиту и ПНР в Йошкар-Оле для коммерческих и жилых объектов.;Прометей01 выполняет монтаж и настройку систем безопасности в Йошкар-Оле: видеонаблюдение, СКУД, пожарную сигнализацию, слаботочные сети и сопутствующую документацию. Формат работ зависит от типа объекта, требований к доступу, пожарной безопасности и обслуживанию.;draft
bratsk;Братск;Иркутская область;Братске;Системы безопасности в Братске | Прометей01;Прометей01 выполняет видеонаблюдение, СКУД, слаботочные сети, электромонтаж, пожарную сигнализацию, огнезащиту и ПНР в Братске для коммерческих и жилых объектов.;Прометей01 выполняет монтаж и настройку систем безопасности в Братске: видеонаблюдение, СКУД, пожарную сигнализацию, слаботочные сети и сопутствующую документацию. Формат работ зависит от типа объекта, требований к доступу, пожарной безопасности и обслуживанию.;draft
novorossiysk;Новороссийск;Краснодарский край;Новороссийске;Системы безопасности в Новороссийске | Прометей01;Прометей01 выполняет видеонаблюдение, СКУД, слаботочные сети, электромонтаж, пожарную сигнализацию, огнезащиту и ПНР в Новороссийске для коммерческих и жилых объектов.;Прометей01 выполняет монтаж и настройку систем безопасности в Новороссийске: видеонаблюдение, СКУД, пожарную сигнализацию, слаботочные сети и сопутствующую документацию. Формат работ зависит от типа объекта, требований к доступу, пожарной безопасности и обслуживанию.;draft
dzerzhinsk;Дзержинск;Нижегородская область;Дзержинске;Системы безопасности в Дзержинске | Прометей01;Прометей01 выполняет видеонаблюдение, СКУД, слаботочные сети, электромонтаж, пожарную сигнализацию, огнезащиту и ПНР в Дзержинске для коммерческих и жилых объектов.;Прометей01 выполняет монтаж и настройку систем безопасности в Дзержинске: видеонаблюдение, СКУД, пожарную сигнализацию, слаботочные сети и сопутствующую документацию. Формат работ зависит от типа объекта, требований к доступу, пожарной безопасности и обслуживанию.;draft
shahty;Шахты;Ростовская область;Шахтах;Системы безопасности в Шахтах | Прометей01;Прометей01 выполняет видеонаблюдение, СКУД, слаботочные сети, электромонтаж, пожарную сигнализацию, огнезащиту и ПНР в Шахтах для коммерческих и жилых объектов.;Прометей01 выполняет монтаж и настройку систем безопасности в Шахтах: видеонаблюдение, СКУД, пожарную сигнализацию, слаботочные сети и сопутствующую документацию. Формат работ зависит от типа объекта, требований к доступу, пожарной безопасности и обслуживанию.;draft
nalchik;Нальчик;Кабардино-Балкарская Республика;Нальчике;Системы безопасности в Нальчике | Прометей01;Прометей01 выполняет видеонаблюдение, СКУД, слаботочные сети, электромонтаж, пожарную сигнализацию, огнезащиту и ПНР в Нальчике для коммерческих и жилых объектов.;Прометей01 выполняет монтаж и настройку систем безопасности в Нальчике: видеонаблюдение, СКУД, пожарную сигнализацию, слаботочные сети и сопутствующую документацию. Формат работ зависит от типа объекта, требований к доступу, пожарной безопасности и обслуживанию.;draft
orsk;Орск;Оренбургская область;Орске;Системы безопасности в Орске | Прометей01;Прометей01 выполняет видеонаблюдение, СКУД, слаботочные сети, электромонтаж, пожарную сигнализацию, огнезащиту и ПНР в Орске для коммерческих и жилых объектов.;Прометей01 выполняет монтаж и настройку систем безопасности в Орске: видеонаблюдение, СКУД, пожарную сигнализацию, слаботочные сети и сопутствующую документацию. Формат работ зависит от типа объекта, требований к доступу, пожарной безопасности и обслуживанию.;draft
syktyvkar;Сыктывкар;Республика Коми;Сыктывкаре;Системы безопасности в Сыктывкаре | Прометей01;Прометей01 выполняет видеонаблюдение, СКУД, слаботочные сети, электромонтаж, пожарную сигнализацию, огнезащиту и ПНР в Сыктывкаре для коммерческих и жилых объектов.;Прометей01 выполняет монтаж и настройку систем безопасности в Сыктывкаре: видеонаблюдение, СКУД, пожарную сигнализацию, слаботочные сети и сопутствующую документацию. Формат работ зависит от типа объекта, требований к доступу, пожарной безопасности и обслуживанию.;draft
nizhnekamsk;Нижнекамск;Республика Татарстан;Нижнекамске;Системы безопасности в Нижнекамске | Прометей01;Прометей01 выполняет видеонаблюдение, СКУД, слаботочные сети, электромонтаж, пожарную сигнализацию, огнезащиту и ПНР в Нижнекамске для коммерческих и жилых объектов.;Прометей01 выполняет монтаж и настройку систем безопасности в Нижнекамске: видеонаблюдение, СКУД, пожарную сигнализацию, слаботочные сети и сопутствующую документацию. Формат работ зависит от типа объекта, требований к доступу, пожарной безопасности и обслуживанию.;draft
angarsk;Ангарск;Иркутская область;Ангарске;Системы безопасности в Ангарске | Прометей01;Прометей01 выполняет видеонаблюдение, СКУД, слаботочные сети, электромонтаж, пожарную сигнализацию, огнезащиту и ПНР в Ангарске для коммерческих и жилых объектов.;Прометей01 выполняет монтаж и настройку систем безопасности в Ангарске: видеонаблюдение, СКУД, пожарную сигнализацию, слаботочные сети и сопутствующую документацию. Формат работ зависит от типа объекта, требований к доступу, пожарной безопасности и обслуживанию.;draft
korolev;Королёв;Московская область;Королёве;Системы безопасности в Королёве | Прометей01;Прометей01 выполняет видеонаблюдение, СКУД, слаботочные сети, электромонтаж, пожарную сигнализацию, огнезащиту и ПНР в Королёве для коммерческих и жилых объектов.;Прометей01 выполняет монтаж и настройку систем безопасности в Королёве: видеонаблюдение, СКУД, пожарную сигнализацию, слаботочные сети и сопутствующую документацию. Формат работ зависит от типа объекта, требований к доступу, пожарной безопасности и обслуживанию.;draft
staryy-oskol;Старый Оскол;Белгородская область;Старом Осколе;Системы безопасности в Старом Осколе | Прометей01;Прометей01 выполняет видеонаблюдение, СКУД, слаботочные сети, электромонтаж, пожарную сигнализацию, огнезащиту и ПНР в Старом Осколе для коммерческих и жилых объектов.;Прометей01 выполняет монтаж и настройку систем безопасности в Старом Осколе: видеонаблюдение, СКУД, пожарную сигнализацию, слаботочные сети и сопутствующую документацию. Формат работ зависит от типа объекта, требований к доступу, пожарной безопасности и обслуживанию.;draft
velikiy-novgorod;Великий Новгород;Новгородская область;Великом Новгороде;Системы безопасности в Великом Новгороде | Прометей01;Прометей01 выполняет видеонаблюдение, СКУД, слаботочные сети, пожарную сигнализацию, огнезащиту и ПНР в Великом Новгороде для коммерческих и жилых объектов.;Прометей01 выполняет монтаж и настройку систем безопасности в Великом Новгороде: видеонаблюдение, СКУД, пожарную сигнализацию, слаботочные сети и сопутствующую документацию. Формат работ зависит от типа объекта, требований к доступу, пожарной безопасности и обслуживанию.;draft
balashiha;Балашиха;Московская область;Балашихе;Системы безопасности в Балашихе | Прометей01;Прометей01 выполняет видеонаблюдение, СКУД, слаботочные сети, электромонтаж, пожарную сигнализацию, огнезащиту и ПНР в Балашихе для коммерческих и жилых объектов.;Прометей01 выполняет монтаж и настройку систем безопасности в Балашихе: видеонаблюдение, СКУД, пожарную сигнализацию, слаботочные сети и сопутствующую документацию. Формат работ зависит от типа объекта, требований к доступу, пожарной безопасности и обслуживанию.;draft
blagoveschensk;Благовещенск;Амурская область;Благовещенске;Системы безопасности в Благовещенске | Прометей01;Прометей01 выполняет видеонаблюдение, СКУД, слаботочные сети, электромонтаж, пожарную сигнализацию, огнезащиту и ПНР в Благовещенске для коммерческих и жилых объектов.;Прометей01 выполняет монтаж и настройку систем безопасности в Благовещенске: видеонаблюдение, СКУД, пожарную сигнализацию, слаботочные сети и сопутствующую документацию. Формат работ зависит от типа объекта, требований к доступу, пожарной безопасности и обслуживанию.;draft
prokopevsk;Прокопьевск;Кемеровская область — Кузбасс;Прокопьевске;Системы безопасности в Прокопьевске | Прометей01;Прометей01 выполняет видеонаблюдение, СКУД, слаботочные сети, электромонтаж, пожарную сигнализацию, огнезащиту и ПНР для объектов разного назначения в Прокопьевске.;Прометей01 выполняет монтаж и настройку систем безопасности в Прокопьевске: видеонаблюдение, СКУД, пожарную сигнализацию, слаботочные сети, электромонтаж и сопутствующую документацию. Формат работ зависит от объекта, требований к доступу, пожарной безопасности и обслуживанию.;draft
himki;Химки;Московская область;Химках;Системы безопасности в Химках | Прометей01;Прометей01 выполняет видеонаблюдение, СКУД, слаботочные сети, электромонтаж, пожарную сигнализацию, огнезащиту и ПНР для объектов разного назначения в Химках.;Прометей01 выполняет монтаж и настройку систем безопасности в Химках: видеонаблюдение, СКУД, пожарную сигнализацию, слаботочные сети, электромонтаж и сопутствующую документацию. Формат работ зависит от объекта, требований к доступу, пожарной безопасности и обслуживанию.;draft
pskov;Псков;Псковская область;Пскове;Системы безопасности в Пскове | Прометей01;Прометей01 выполняет видеонаблюдение, СКУД, слаботочные сети, электромонтаж, пожарную сигнализацию, огнезащиту и ПНР для объектов разного назначения в Пскове.;Прометей01 выполняет монтаж и настройку систем безопасности в Пскове: видеонаблюдение, СКУД, пожарную сигнализацию, слаботочные сети, электромонтаж и сопутствующую документацию. Формат работ зависит от объекта, требований к доступу, пожарной безопасности и обслуживанию.;draft
biysk;Бийск;Алтайский край;Бийске;Системы безопасности в Бийске | Прометей01;Прометей01 выполняет видеонаблюдение, СКУД, слаботочные сети, электромонтаж, пожарную сигнализацию, огнезащиту и ПНР для объектов разного назначения в Бийске.;Прометей01 выполняет монтаж и настройку систем безопасности в Бийске: видеонаблюдение, СКУД, пожарную сигнализацию, слаботочные сети, электромонтаж и сопутствующую документацию. Формат работ зависит от объекта, требований к доступу, пожарной безопасности и обслуживанию.;draft
engels;Энгельс;Саратовская область;Энгельсе;Системы безопасности в Энгельсе | Прометей01;Прометей01 выполняет видеонаблюдение, СКУД, слаботочные сети, электромонтаж, пожарную сигнализацию, огнезащиту и ПНР для объектов разного назначения в Энгельсе.;Прометей01 выполняет монтаж и настройку систем безопасности в Энгельсе: видеонаблюдение, СКУД, пожарную сигнализацию, слаботочные сети, электромонтаж и сопутствующую документацию. Формат работ зависит от объекта, требований к доступу, пожарной безопасности и обслуживанию.;draft
rybinsk;Рыбинск;Ярославская область;Рыбинске;Системы безопасности в Рыбинске | Прометей01;Прометей01 выполняет видеонаблюдение, СКУД, слаботочные сети, электромонтаж, пожарную сигнализацию, огнезащиту и ПНР для объектов разного назначения в Рыбинске.;Прометей01 выполняет монтаж и настройку систем безопасности в Рыбинске: видеонаблюдение, СКУД, пожарную сигнализацию, слаботочные сети, электромонтаж и сопутствующую документацию. Формат работ зависит от объекта, требований к доступу, пожарной безопасности и обслуживанию.;draft
balakovo;Балаково;Саратовская область;Балакове;Системы безопасности в Балакове | Прометей01;Прометей01 выполняет видеонаблюдение, СКУД, слаботочные сети, электромонтаж, пожарную сигнализацию, огнезащиту и ПНР для объектов разного назначения в Балакове.;Прометей01 выполняет монтаж и настройку систем безопасности в Балакове: видеонаблюдение, СКУД, пожарную сигнализацию, слаботочные сети, электромонтаж и сопутствующую документацию. Формат работ зависит от объекта, требований к доступу, пожарной безопасности и обслуживанию.;draft
severodvinsk;Северодвинск;Архангельская область;Северодвинске;Системы безопасности в Северодвинске | Прометей01;Прометей01 выполняет видеонаблюдение, СКУД, слаботочные сети, электромонтаж, пожарную сигнализацию, огнезащиту и ПНР для объектов разного назначения в Северодвинске.;Прометей01 выполняет монтаж и настройку систем безопасности в Северодвинске: видеонаблюдение, СКУД, пожарную сигнализацию, слаботочные сети, электромонтаж и сопутствующую документацию. Формат работ зависит от объекта, требований к доступу, пожарной безопасности и обслуживанию.;draft
armavir;Армавир;Краснодарский край;Армавире;Системы безопасности в Армавире | Прометей01;Прометей01 выполняет видеонаблюдение, СКУД, слаботочные сети, электромонтаж, пожарную сигнализацию, огнезащиту и ПНР для объектов разного назначения в Армавире.;Прометей01 выполняет монтаж и настройку систем безопасности в Армавире: видеонаблюдение, СКУД, пожарную сигнализацию, слаботочные сети, электромонтаж и сопутствующую документацию. Формат работ зависит от объекта, требований к доступу, пожарной безопасности и обслуживанию.;draft
podolsk;Подольск;Московская область;Подольске;Системы безопасности в Подольске | Прометей01;Прометей01 выполняет видеонаблюдение, СКУД, слаботочные сети, электромонтаж, пожарную сигнализацию, огнезащиту и ПНР для объектов разного назначения в Подольске.;Прометей01 выполняет монтаж и настройку систем безопасности в Подольске: видеонаблюдение, СКУД, пожарную сигнализацию, слаботочные сети, электромонтаж и сопутствующую документацию. Формат работ зависит от объекта, требований к доступу, пожарной безопасности и обслуживанию.;draft
yuzhno-sahalinsk;Южно-Сахалинск;Сахалинская область;Южно-Сахалинске;Системы безопасности в Южно-Сахалинске | Прометей01;Прометей01 выполняет видеонаблюдение, СКУД, слаботочные сети, электромонтаж, пожарную сигнализацию, огнезащиту и ПНР для объектов разного назначения в Южно-Сахалинске.;Прометей01 выполняет монтаж и настройку систем безопасности в Южно-Сахалинске: видеонаблюдение, СКУД, пожарную сигнализацию, слаботочные сети, электромонтаж и сопутствующую документацию. Формат работ зависит от объекта, требований к доступу, пожарной безопасности и обслуживанию.;draft
petropavlovsk-kamchatskiy;Петропавловск-Камчатский;Камчатский край;Петропавловске-Камчатском;Системы безопасности в Петропавловске-Камчатском | Прометей01;Прометей01 выполняет видеонаблюдение, СКУД, слаботочные сети, электромонтаж, пожарную сигнализацию, огнезащиту и ПНР для объектов в Петропавловске-Камчатском.;Прометей01 выполняет монтаж и настройку систем безопасности в Петропавловске-Камчатском: видеонаблюдение, СКУД, пожарную сигнализацию, слаботочные сети, электромонтаж и сопутствующую документацию. Формат работ зависит от объекта, требований к доступу, пожарной безопасности и обслуживанию.;draft
syzran;Сызрань;Самарская область;Сызрани;Системы безопасности в Сызрани | Прометей01;Прометей01 выполняет видеонаблюдение, СКУД, слаботочные сети, электромонтаж, пожарную сигнализацию, огнезащиту и ПНР для объектов разного назначения в Сызрани.;Прометей01 выполняет монтаж и настройку систем безопасности в Сызрани: видеонаблюдение, СКУД, пожарную сигнализацию, слаботочные сети, электромонтаж и сопутствующую документацию. Формат работ зависит от объекта, требований к доступу, пожарной безопасности и обслуживанию.;draft
norilsk;Норильск;Красноярский край;Норильске;Системы безопасности в Норильске | Прометей01;Прометей01 выполняет видеонаблюдение, СКУД, слаботочные сети, электромонтаж, пожарную сигнализацию, огнезащиту и ПНР для объектов разного назначения в Норильске.;Прометей01 выполняет монтаж и настройку систем безопасности в Норильске: видеонаблюдение, СКУД, пожарную сигнализацию, слаботочные сети, электромонтаж и сопутствующую документацию. Формат работ зависит от объекта, требований к доступу, пожарной безопасности и обслуживанию.;draft
zlatoust;Златоуст;Челябинская область;Златоусте;Системы безопасности в Златоусте | Прометей01;Прометей01 выполняет видеонаблюдение, СКУД, слаботочные сети, электромонтаж, пожарную сигнализацию, огнезащиту и ПНР для объектов разного назначения в Златоусте.;Прометей01 выполняет монтаж и настройку систем безопасности в Златоусте: видеонаблюдение, СКУД, пожарную сигнализацию, слаботочные сети, электромонтаж и сопутствующую документацию. Формат работ зависит от объекта, требований к доступу, пожарной безопасности и обслуживанию.;draft
kamensk-uralskiy;Каменск-Уральский;Свердловская область;Каменске-Уральском;Системы безопасности в Каменске-Уральском | Прометей01;Прометей01 выполняет видеонаблюдение, СКУД, слаботочные сети, электромонтаж, пожарную сигнализацию, огнезащиту и ПНР для объектов разного назначения в Каменске-Уральском.;Прометей01 выполняет монтаж и настройку систем безопасности в Каменске-Уральском: видеонаблюдение, СКУД, пожарную сигнализацию, слаботочные сети, электромонтаж и сопутствующую документацию. Формат работ зависит от объекта, требований к доступу, пожарной безопасности и обслуживанию.;draft
mytischi;Мытищи;Московская область;Мытищах;Системы безопасности в Мытищах | Прометей01;Прометей01 выполняет видеонаблюдение, СКУД, слаботочные сети, электромонтаж, пожарную сигнализацию, огнезащиту и ПНР для объектов разного назначения в Мытищах.;Прометей01 выполняет монтаж и настройку систем безопасности в Мытищах: видеонаблюдение, СКУД, пожарную сигнализацию, слаботочные сети, электромонтаж и сопутствующую документацию. Формат работ зависит от объекта, требований к доступу, пожарной безопасности и обслуживанию.;draft
lyubercy;Люберцы;Московская область;Люберцах;Системы безопасности в Люберцах | Прометей01;Прометей01 выполняет видеонаблюдение, СКУД, слаботочные сети, электромонтаж, пожарную сигнализацию, огнезащиту и ПНР для объектов разного назначения в Люберцах.;Прометей01 выполняет монтаж и настройку систем безопасности в Люберцах: видеонаблюдение, СКУД, пожарную сигнализацию, слаботочные сети, электромонтаж и сопутствующую документацию. Формат работ зависит от объекта, требований к доступу, пожарной безопасности и обслуживанию.;draft
volgodonsk;Волгодонск;Ростовская область;Волгодонске;Системы безопасности в Волгодонске | Прометей01;Прометей01 выполняет видеонаблюдение, СКУД, слаботочные сети, электромонтаж, пожарную сигнализацию, огнезащиту и ПНР для объектов разного назначения в Волгодонске.;Прометей01 выполняет монтаж и настройку систем безопасности в Волгодонске: видеонаблюдение, СКУД, пожарную сигнализацию, слаботочные сети, электромонтаж и сопутствующую документацию. Формат работ зависит от объекта, требований к доступу, пожарной безопасности и обслуживанию.;draft
novocherkassk;Новочеркасск;Ростовская область;Новочеркасске;Системы безопасности в Новочеркасске | Прометей01;Прометей01 выполняет видеонаблюдение, СКУД, слаботочные сети, электромонтаж, пожарную сигнализацию, огнезащиту и ПНР для объектов разного назначения в Новочеркасске.;Прометей01 выполняет монтаж и настройку систем безопасности в Новочеркасске: видеонаблюдение, СКУД, пожарную сигнализацию, слаботочные сети, электромонтаж и сопутствующую документацию. Формат работ зависит от объекта, требований к доступу, пожарной безопасности и обслуживанию.;draft
abakan;Абакан;Республика Хакасия;Абакане;Системы безопасности в Абакане | Прометей01;Прометей01 выполняет видеонаблюдение, СКУД, слаботочные сети, электромонтаж, пожарную сигнализацию, огнезащиту и ПНР для объектов разного назначения в Абакане.;Прометей01 выполняет монтаж и настройку систем безопасности в Абакане: видеонаблюдение, СКУД, пожарную сигнализацию, слаботочные сети, электромонтаж и сопутствующую документацию. Формат работ зависит от объекта, требований к доступу, пожарной безопасности и обслуживанию.;draft
nahodka;Находка;Приморский край;Находке;Системы безопасности в Находке | Прометей01;Прометей01 выполняет видеонаблюдение, СКУД, слаботочные сети, электромонтаж, пожарную сигнализацию, огнезащиту и ПНР для объектов разного назначения в Находке.;Прометей01 выполняет монтаж и настройку систем безопасности в Находке: видеонаблюдение, СКУД, пожарную сигнализацию, слаботочные сети, электромонтаж и сопутствующую документацию. Формат работ зависит от объекта, требований к доступу, пожарной безопасности и обслуживанию.;draft
ussuriysk;Уссурийск;Приморский край;Уссурийске;Системы безопасности в Уссурийске | Прометей01;Прометей01 выполняет видеонаблюдение, СКУД, слаботочные сети, электромонтаж, пожарную сигнализацию, огнезащиту и ПНР для объектов разного назначения в Уссурийске.;Прометей01 выполняет монтаж и настройку систем безопасности в Уссурийске: видеонаблюдение, СКУД, пожарную сигнализацию, слаботочные сети, электромонтаж и сопутствующую документацию. Формат работ зависит от объекта, требований к доступу, пожарной безопасности и обслуживанию.;draft
berezniki;Березники;Пермский край;Березниках;Системы безопасности в Березниках | Прометей01;Прометей01 выполняет видеонаблюдение, СКУД, слаботочные сети, электромонтаж, пожарную сигнализацию, огнезащиту и ПНР для объектов разного назначения в Березниках.;Прометей01 выполняет монтаж и настройку систем безопасности в Березниках: видеонаблюдение, СКУД, пожарную сигнализацию, слаботочные сети, электромонтаж и сопутствующую документацию. Формат работ зависит от объекта, требований к доступу, пожарной безопасности и обслуживанию.;draft
salavat;Салават;Республика Башкортостан;Салавате;Системы безопасности в Салавате | Прометей01;Прометей01 выполняет видеонаблюдение, СКУД, слаботочные сети, электромонтаж, пожарную сигнализацию, огнезащиту и ПНР для объектов разного назначения в Салавате.;Прометей01 выполняет монтаж и настройку систем безопасности в Салавате: видеонаблюдение, СКУД, пожарную сигнализацию, слаботочные сети, электромонтаж и сопутствующую документацию. Формат работ зависит от объекта, требований к доступу, пожарной безопасности и обслуживанию.;draft
elektrostal;Электросталь;Московская область;Электростали;Системы безопасности в Электростали | Прометей01;Прометей01 выполняет видеонаблюдение, СКУД, слаботочные сети, электромонтаж, пожарную сигнализацию, огнезащиту и ПНР для объектов разного назначения в Электростали.;Прометей01 выполняет монтаж и настройку систем безопасности в Электростали: видеонаблюдение, СКУД, пожарную сигнализацию, слаботочные сети, электромонтаж и сопутствующую документацию. Формат работ зависит от объекта, требований к доступу, пожарной безопасности и обслуживанию.;draft
miass;Миасс;Челябинская область;Миассе;Системы безопасности в Миассе | Прометей01;Прометей01 выполняет видеонаблюдение, СКУД, слаботочные сети, электромонтаж, пожарную сигнализацию, огнезащиту и ПНР для объектов разного назначения в Миассе.;Прометей01 выполняет монтаж и настройку систем безопасности в Миассе: видеонаблюдение, СКУД, пожарную сигнализацию, слаботочные сети, электромонтаж и сопутствующую документацию. Формат работ зависит от объекта, требований к доступу, пожарной безопасности и обслуживанию.;draft
pervouralsk;Первоуральск;Свердловская область;Первоуральске;Системы безопасности в Первоуральске | Прометей01;Прометей01 выполняет видеонаблюдение, СКУД, слаботочные сети, электромонтаж, пожарную сигнализацию, огнезащиту и ПНР для объектов разного назначения в Первоуральске.;Прометей01 выполняет монтаж и настройку систем безопасности в Первоуральске: видеонаблюдение, СКУД, пожарную сигнализацию, слаботочные сети, электромонтаж и сопутствующую документацию. Формат работ зависит от объекта, требований к доступу, пожарной безопасности и обслуживанию.;draft
kerch;Керчь;Республика Крым;Керчи;Системы безопасности в Керчи | Прометей01;Прометей01 выполняет видеонаблюдение, СКУД, слаботочные сети, электромонтаж, пожарную сигнализацию, огнезащиту и ПНР для объектов разного назначения в Керчи.;Прометей01 выполняет монтаж и настройку систем безопасности в Керчи: видеонаблюдение, СКУД, пожарную сигнализацию, слаботочные сети, электромонтаж и сопутствующую документацию. Формат работ зависит от объекта, требований к доступу, пожарной безопасности и обслуживанию.;draft
rubcovsk;Рубцовск;Алтайский край;Рубцовске;Системы безопасности в Рубцовске | Прометей01;Прометей01 выполняет видеонаблюдение, СКУД, слаботочные сети, электромонтаж, пожарную сигнализацию, огнезащиту и ПНР для объектов разного назначения в Рубцовске.;Прометей01 выполняет монтаж и настройку систем безопасности в Рубцовске: видеонаблюдение, СКУД, пожарную сигнализацию, слаботочные сети, электромонтаж и сопутствующую документацию. Формат работ зависит от объекта, требований к доступу, пожарной безопасности и обслуживанию.;draft
almetyevsk;Альметьевск;Республика Татарстан;Альметьевске;Системы безопасности в Альметьевске | Прометей01;Прометей01 выполняет видеонаблюдение, СКУД, слаботочные сети, электромонтаж, пожарную сигнализацию, огнезащиту и ПНР по объектам в Альметьевске.;Прометей01 выполняет монтаж, настройку и обслуживание систем безопасности в Альметьевске: видеонаблюдение, СКУД, пожарную сигнализацию, слаботочные сети, электромонтаж и сопутствующую документацию. На первом экране стоит сразу обозначить типы объектов в Альметьевске и какие работы можно рассчитать после осмотра или по исходным данным.;draft
kovrov;Ковров;Владимирская область;Коврове;Системы безопасности в Коврове | Прометей01;Прометей01 выполняет видеонаблюдение, СКУД, слаботочные сети, электромонтаж, пожарную сигнализацию, огнезащиту и ПНР для объектов в Коврове.;Прометей01 выполняет монтаж, настройку и обслуживание систем безопасности в Коврове: видеонаблюдение, СКУД, пожарную сигнализацию, слаботочные сети, электромонтаж и сопутствующую документацию. На первом экране стоит сразу обозначить типы объектов в Коврове и какие работы можно рассчитать после осмотра или по исходным данным.;draft
kolomna;Коломна;Московская область;Коломне;Системы безопасности в Коломне | Прометей01;Прометей01 выполняет видеонаблюдение, СКУД, слаботочные сети, электромонтаж, пожарную сигнализацию, огнезащиту и ПНР для объектов в Коломне.;Прометей01 выполняет монтаж, настройку и обслуживание систем безопасности в Коломне: видеонаблюдение, СКУД, пожарную сигнализацию, слаботочные сети, электромонтаж и сопутствующую документацию. На первом экране стоит сразу обозначить типы объектов в Коломне и какие работы можно рассчитать после осмотра или по исходным данным.;draft
maykop;Майкоп;Республика Адыгея;Майкопе;Системы безопасности в Майкопе | Прометей01;Прометей01 выполняет видеонаблюдение, СКУД, слаботочные сети, электромонтаж, пожарную сигнализацию, огнезащиту и ПНР для объектов в Майкопе.;Прометей01 выполняет монтаж, настройку и обслуживание систем безопасности в Майкопе: видеонаблюдение, СКУД, пожарную сигнализацию, слаботочные сети, электромонтаж и сопутствующую документацию. На первом экране стоит сразу обозначить типы объектов в Майкопе и какие работы можно рассчитать после осмотра или по исходным данным.;draft
pyatigorsk;Пятигорск;Ставропольский край;Пятигорске;Системы безопасности в Пятигорске | Прометей01;Прометей01 выполняет видеонаблюдение, СКУД, слаботочные сети, электромонтаж, пожарную сигнализацию, огнезащиту и ПНР по объектам в Пятигорске.;Прометей01 выполняет монтаж, настройку и обслуживание систем безопасности в Пятигорске: видеонаблюдение, СКУД, пожарную сигнализацию, слаботочные сети, электромонтаж и сопутствующую документацию. На первом экране стоит сразу обозначить типы объектов в Пятигорске и какие работы можно рассчитать после осмотра или по исходным данным.;draft
odincovo;Одинцово;Московская область;Одинцове;Системы безопасности в Одинцове | Прометей01;Прометей01 выполняет видеонаблюдение, СКУД, слаботочные сети, электромонтаж, пожарную сигнализацию, огнезащиту и ПНР по объектам в Одинцове.;Прометей01 выполняет монтаж, настройку и обслуживание систем безопасности в Одинцове: видеонаблюдение, СКУД, пожарную сигнализацию, слаботочные сети, электромонтаж и сопутствующую документацию. На первом экране стоит сразу обозначить типы объектов в Одинцове и какие работы можно рассчитать после осмотра или по исходным данным.;draft
kopeysk;Копейск;Челябинская область;Копейске;Системы безопасности в Копейске | Прометей01;Прометей01 выполняет видеонаблюдение, СКУД, слаботочные сети, электромонтаж, пожарную сигнализацию, огнезащиту и ПНР по объектам в Копейске.;Прометей01 выполняет монтаж, настройку и обслуживание систем безопасности в Копейске: видеонаблюдение, СКУД, пожарную сигнализацию, слаботочные сети, электромонтаж и сопутствующую документацию. На первом экране стоит сразу обозначить типы объектов в Копейске и какие работы можно рассчитать после осмотра или по исходным данным.;draft
hasavyurt;Хасавюрт;Республика Дагестан;Хасавюрте;Системы безопасности в Хасавюрте | Прометей01;Прометей01 выполняет видеонаблюдение, СКУД, слаботочные сети, электромонтаж, пожарную сигнализацию, огнезащиту и ПНР по объектам в Хасавюрте.;Прометей01 выполняет монтаж, настройку и обслуживание систем безопасности в Хасавюрте: видеонаблюдение, СКУД, пожарную сигнализацию, слаботочные сети, электромонтаж и сопутствующую документацию. На первом экране стоит сразу обозначить типы объектов в Хасавюрте и какие работы можно рассчитать после осмотра или по исходным данным.;draft
novomoskovsk;Новомосковск;Тульская область;Новомосковске;Системы безопасности в Новомосковске | Прометей01;Прометей01 выполняет видеонаблюдение, СКУД, слаботочные сети, электромонтаж, пожарную сигнализацию, огнезащиту и ПНР по объектам в Новомосковске.;Прометей01 выполняет монтаж, настройку и обслуживание систем безопасности в Новомосковске: видеонаблюдение, СКУД, пожарную сигнализацию, слаботочные сети, электромонтаж и сопутствующую документацию. На первом экране стоит сразу обозначить типы объектов в Новомосковске и какие работы можно рассчитать после осмотра или по исходным данным.;draft
kislovodsk;Кисловодск;Ставропольский край;Кисловодске;Системы безопасности в Кисловодске | Прометей01;Прометей01 выполняет видеонаблюдение, СКУД, слаботочные сети, электромонтаж, пожарную сигнализацию, огнезащиту и ПНР по объектам в Кисловодске.;Прометей01 выполняет монтаж, настройку и обслуживание систем безопасности в Кисловодске: видеонаблюдение, СКУД, пожарную сигнализацию, слаботочные сети, электромонтаж и сопутствующую документацию. На первом экране стоит сразу обозначить типы объектов в Кисловодске и какие работы можно рассчитать после осмотра или по исходным данным.;draft
serpuhov;Серпухов;Московская область;Серпухове;Системы безопасности в Серпухове | Прометей01;Прометей01 выполняет видеонаблюдение, СКУД, слаботочные сети, электромонтаж, пожарную сигнализацию, огнезащиту и ПНР по объектам в Серпухове.;Прометей01 выполняет монтаж, настройку и обслуживание систем безопасности в Серпухове: видеонаблюдение, СКУД, пожарную сигнализацию, слаботочные сети, электромонтаж и сопутствующую документацию. На первом экране стоит сразу обозначить типы объектов в Серпухове и какие работы можно рассчитать после осмотра или по исходным данным.;draft
novocheboksarsk;Новочебоксарск;Чувашская Республика;Новочебоксарске;Системы безопасности в Новочебоксарске | Прометей01;Прометей01 выполняет видеонаблюдение, СКУД, слаботочные сети, электромонтаж, пожарную сигнализацию, огнезащиту и ПНР по объектам в Новочебоксарске.;Прометей01 выполняет монтаж, настройку и обслуживание систем безопасности в Новочебоксарске: видеонаблюдение, СКУД, пожарную сигнализацию, слаботочные сети, электромонтаж и сопутствующую документацию. На первом экране стоит сразу обозначить типы объектов в Новочебоксарске и какие работы можно рассчитать после осмотра или по исходным данным.;draft
nefteyugansk;Нефтеюганск;Ханты-Мансийский автономный округ — Югра;Нефтеюганске;Системы безопасности в Нефтеюганске | Прометей01;Прометей01 выполняет видеонаблюдение, СКУД, слаботочные сети, электромонтаж, пожарную сигнализацию, огнезащиту и ПНР по объектам в Нефтеюганске.;Прометей01 выполняет монтаж, настройку и обслуживание систем безопасности в Нефтеюганске: видеонаблюдение, СКУД, пожарную сигнализацию, слаботочные сети, электромонтаж и сопутствующую документацию. На первом экране стоит сразу обозначить типы объектов в Нефтеюганске и какие работы можно рассчитать после осмотра или по исходным данным.;draft
dimitrovgrad;Димитровград;Ульяновская область;Димитровграде;Системы безопасности в Димитровграде | Прометей01;Прометей01 выполняет видеонаблюдение, СКУД, слаботочные сети, электромонтаж, пожарную сигнализацию, огнезащиту и ПНР по объектам в Димитровграде.;Прометей01 выполняет монтаж, настройку и обслуживание систем безопасности в Димитровграде: видеонаблюдение, СКУД, пожарную сигнализацию, слаботочные сети, электромонтаж и сопутствующую документацию. На первом экране стоит сразу обозначить типы объектов в Димитровграде и какие работы можно рассчитать после осмотра или по исходным данным.;draft
neftekamsk;Нефтекамск;Республика Башкортостан;Нефтекамске;Системы безопасности в Нефтекамске | Прометей01;Прометей01 выполняет видеонаблюдение, СКУД, слаботочные сети, электромонтаж, пожарную сигнализацию, огнезащиту и ПНР по объектам в Нефтекамске.;Прометей01 выполняет монтаж, настройку и обслуживание систем безопасности в Нефтекамске: видеонаблюдение, СКУД, пожарную сигнализацию, слаботочные сети, электромонтаж и сопутствующую документацию. На первом экране стоит сразу обозначить типы объектов в Нефтекамске и какие работы можно рассчитать после осмотра или по исходным данным.;draft
cherkessk;Черкесск;Карачаево-Черкесская Республика;Черкесске;Системы безопасности в Черкесске | Прометей01;Прометей01 выполняет видеонаблюдение, СКУД, слаботочные сети, электромонтаж, пожарную сигнализацию, огнезащиту и ПНР по объектам в Черкесске.;Прометей01 выполняет монтаж, настройку и обслуживание систем безопасности в Черкесске: видеонаблюдение, СКУД, пожарную сигнализацию, слаботочные сети, электромонтаж и сопутствующую документацию. На первом экране стоит сразу обозначить типы объектов в Черкесске и какие работы можно рассчитать после осмотра или по исходным данным.;draft
orehovo-zuevo;Орехово-Зуево;Московская область;Орехово-Зуеве;Системы безопасности в Орехово-Зуеве | Прометей01;Прометей01 выполняет видеонаблюдение, СКУД, слаботочные сети, электромонтаж, пожарную сигнализацию, огнезащиту и ПНР по объектам в Орехово-Зуеве.;Прометей01 выполняет монтаж, настройку и обслуживание систем безопасности в Орехово-Зуеве: видеонаблюдение, СКУД, пожарную сигнализацию, слаботочные сети, электромонтаж и сопутствующую документацию. На первом экране стоит сразу обозначить типы объектов в Орехово-Зуеве и какие работы можно рассчитать после осмотра или по исходным данным.;draft
derbent;Дербент;Республика Дагестан;Дербенте;Системы безопасности в Дербенте | Прометей01;Прометей01 выполняет видеонаблюдение, СКУД, слаботочные сети, электромонтаж, пожарную сигнализацию, огнезащиту и ПНР по объектам в Дербенте.;Прометей01 выполняет монтаж, настройку и обслуживание систем безопасности в Дербенте: видеонаблюдение, СКУД, пожарную сигнализацию, слаботочные сети, электромонтаж и сопутствующую документацию. На первом экране стоит сразу обозначить типы объектов в Дербенте и какие работы можно рассчитать после осмотра или по исходным данным.;draft
kamyshin;Камышин;Волгоградская область;Камышине;Системы безопасности в Камышине | Прометей01;Прометей01 выполняет видеонаблюдение, СКУД, слаботочные сети, электромонтаж, пожарную сигнализацию, огнезащиту и ПНР по объектам в Камышине.;Прометей01 выполняет монтаж, настройку и обслуживание систем безопасности в Камышине: видеонаблюдение, СКУД, пожарную сигнализацию, слаботочные сети, электромонтаж и сопутствующую документацию. На первом экране стоит сразу обозначить типы объектов в Камышине и какие работы можно рассчитать после осмотра или по исходным данным.;draft
nevinnomyssk;Невинномысск;Ставропольский край;Невинномысске;Системы безопасности в Невинномысске | Прометей01;Прометей01 выполняет видеонаблюдение, СКУД, слаботочные сети, электромонтаж, пожарную сигнализацию, огнезащиту и ПНР по объектам в Невинномысске.;Прометей01 выполняет монтаж, настройку и обслуживание систем безопасности в Невинномысске: видеонаблюдение, СКУД, пожарную сигнализацию, слаботочные сети, электромонтаж и сопутствующую документацию. На первом экране стоит сразу обозначить типы объектов в Невинномысске и какие работы можно рассчитать после осмотра или по исходным данным.;draft
krasnogorsk;Красногорск;Московская область;Красногорске;Системы безопасности в Красногорске | Прометей01;Прометей01 выполняет видеонаблюдение, СКУД, слаботочные сети, электромонтаж, пожарную сигнализацию, огнезащиту и ПНР по объектам в Красногорске.;Прометей01 выполняет монтаж, настройку и обслуживание систем безопасности в Красногорске: видеонаблюдение, СКУД, пожарную сигнализацию, слаботочные сети, электромонтаж и сопутствующую документацию. На первом экране стоит сразу обозначить типы объектов в Красногорске и какие работы можно рассчитать после осмотра или по исходным данным.;draft
murom;Муром;Владимирская область;Муроме;Системы безопасности в Муроме | Прометей01;Прометей01 выполняет видеонаблюдение, СКУД, слаботочные сети, электромонтаж, пожарную сигнализацию, огнезащиту и ПНР для объектов в Муроме города.;Прометей01 выполняет монтаж, настройку и обслуживание систем безопасности в Муроме: видеонаблюдение, СКУД, пожарную сигнализацию, слаботочные сети, электромонтаж и сопутствующую документацию. На первом экране стоит сразу обозначить типы объектов в Муроме и какие работы можно рассчитать после осмотра или по исходным данным.;draft
bataysk;Батайск;Ростовская область;Батайске;Системы безопасности в Батайске | Прометей01;Прометей01 выполняет видеонаблюдение, СКУД, слаботочные сети, электромонтаж, пожарную сигнализацию, огнезащиту и ПНР по объектам в Батайске.;Прометей01 выполняет монтаж, настройку и обслуживание систем безопасности в Батайске: видеонаблюдение, СКУД, пожарную сигнализацию, слаботочные сети, электромонтаж и сопутствующую документацию. На первом экране стоит сразу обозначить типы объектов в Батайске и какие работы можно рассчитать после осмотра или по исходным данным.;draft
novoshahtinsk;Новошахтинск;Ростовская область;Новошахтинске;Системы безопасности в Новошахтинске | Прометей01;Прометей01 выполняет видеонаблюдение, СКУД, слаботочные сети, электромонтаж, пожарную сигнализацию, огнезащиту и ПНР по объектам в Новошахтинске.;Прометей01 выполняет монтаж, настройку и обслуживание систем безопасности в Новошахтинске: видеонаблюдение, СКУД, пожарную сигнализацию, слаботочные сети, электромонтаж и сопутствующую документацию. На первом экране стоит сразу обозначить типы объектов в Новошахтинске и какие работы можно рассчитать после осмотра или по исходным данным.;draft
sergiev-posad;Сергиев Посад;Московская область;Сергиевом Посаде;Системы безопасности в Сергиевом Посаде | Прометей01;Прометей01 выполняет видеонаблюдение, СКУД, слаботочные сети, электромонтаж, пожарную сигнализацию, огнезащиту и ПНР по объектам в Сергиевом Посаде.;Прометей01 выполняет монтаж, настройку и обслуживание систем безопасности в Сергиевом Посаде: видеонаблюдение, СКУД, пожарную сигнализацию, слаботочные сети, электромонтаж и сопутствующую документацию. На первом экране стоит сразу обозначить типы объектов в Сергиевом Посаде и какие работы можно рассчитать после осмотра или по исходным данным.;draft
noyabrsk;Ноябрьск;Ямало-Ненецкий автономный округ;Ноябрьске;Системы безопасности в Ноябрьске | Прометей01;Прометей01 выполняет видеонаблюдение, СКУД, слаботочные сети, электромонтаж, пожарную сигнализацию, огнезащиту и ПНР по объектам в Ноябрьске.;Прометей01 выполняет монтаж, настройку и обслуживание систем безопасности в Ноябрьске: видеонаблюдение, СКУД, пожарную сигнализацию, слаботочные сети, электромонтаж и сопутствующую документацию. На первом экране стоит сразу обозначить типы объектов в Ноябрьске и какие работы можно рассчитать после осмотра или по исходным данным.;draft
schelkovo;Щёлково;Московская область;Щёлкове;Системы безопасности в Щёлкове | Прометей01;Прометей01 выполняет видеонаблюдение, СКУД, слаботочные сети, электромонтаж, пожарную сигнализацию, огнезащиту и ПНР для объектов в Щёлкове.;Прометей01 выполняет монтаж, настройку и обслуживание систем безопасности в Щёлкове: видеонаблюдение, СКУД, пожарную сигнализацию, слаботочные сети, электромонтаж и сопутствующую документацию. На первом экране стоит сразу обозначить типы объектов в Щёлкове и какие работы можно рассчитать после осмотра или по исходным данным.;draft
kyzyl;Кызыл;Республика Тыва;Кызыле;Системы безопасности в Кызыле | Прометей01;Прометей01 выполняет видеонаблюдение, СКУД, слаботочные сети, электромонтаж, пожарную сигнализацию, огнезащиту и ПНР для объектов в Кызыле города.;Прометей01 выполняет монтаж, настройку и обслуживание систем безопасности в Кызыле: видеонаблюдение, СКУД, пожарную сигнализацию, слаботочные сети, электромонтаж и сопутствующую документацию. На первом экране стоит сразу обозначить типы объектов в Кызыле и какие работы можно рассчитать после осмотра или по исходным данным.;draft
oktyabrskiy;Октябрьский;Республика Башкортостан;Октябрьском;Системы безопасности в Октябрьском | Прометей01;Прометей01 выполняет видеонаблюдение, СКУД, слаботочные сети, электромонтаж, пожарную сигнализацию, огнезащиту и ПНР по объектам в Октябрьском.;Прометей01 выполняет монтаж, настройку и обслуживание систем безопасности в Октябрьском: видеонаблюдение, СКУД, пожарную сигнализацию, слаботочные сети, электромонтаж и сопутствующую документацию. На первом экране стоит сразу обозначить типы объектов в Октябрьском и какие работы можно рассчитать после осмотра или по исходным данным.;draft
achinsk;Ачинск;Красноярский край;Ачинске;Системы безопасности в Ачинске | Прометей01;Прометей01 выполняет видеонаблюдение, СКУД, слаботочные сети, электромонтаж, пожарную сигнализацию, огнезащиту и ПНР для объектов в Ачинске.;Прометей01 выполняет монтаж, настройку и обслуживание систем безопасности в Ачинске: видеонаблюдение, СКУД, пожарную сигнализацию, слаботочные сети, электромонтаж и сопутствующую документацию. На первом экране стоит сразу обозначить типы объектов в Ачинске и какие работы можно рассчитать после осмотра или по исходным данным.;draft
seversk;Северск;Томская область;Северске;Системы безопасности в Северске | Прометей01;Прометей01 выполняет видеонаблюдение, СКУД, слаботочные сети, электромонтаж, пожарную сигнализацию, огнезащиту и ПНР для объектов в Северске.;Прометей01 выполняет монтаж, настройку и обслуживание систем безопасности в Северске: видеонаблюдение, СКУД, пожарную сигнализацию, слаботочные сети, электромонтаж и сопутствующую документацию. Формат работ и предварительный расчет зависят от типа объекта и исходных требований.;draft
novokuybyshevsk;Новокуйбышевск;Самарская область;Новокуйбышевске;Системы безопасности в Новокуйбышевске | Прометей01;Прометей01 выполняет видеонаблюдение, СКУД, слаботочные сети, электромонтаж, пожарную сигнализацию, огнезащиту и ПНР для объектов в Новокуйбышевске.;Прометей01 выполняет монтаж, настройку и обслуживание систем безопасности в Новокуйбышевске: видеонаблюдение, СКУД, пожарную сигнализацию, слаботочные сети, электромонтаж и сопутствующую документацию. Формат работ и предварительный расчет зависят от типа объекта и исходных требований.;draft
elec;Елец;Липецкая область;Ельце;Системы безопасности в Ельце | Прометей01;Монтаж и обслуживание систем безопасности в Ельце: видеонаблюдение, СКУД, слаботочные сети, электромонтаж, пожарная сигнализация, огнезащита и ПНР.;Прометей01 выполняет монтаж, настройку и обслуживание систем безопасности в Ельце: видеонаблюдение, СКУД, пожарную сигнализацию, слаботочные сети, электромонтаж и сопутствующую документацию. Формат работ и предварительный расчет зависят от типа объекта и исходных требований.;draft
arzamas;Арзамас;Нижегородская область;Арзамасе;Системы безопасности в Арзамасе | Прометей01;Прометей01 выполняет видеонаблюдение, СКУД, слаботочные сети, электромонтаж, пожарную сигнализацию, огнезащиту и ПНР для объектов в Арзамасе.;Прометей01 выполняет монтаж, настройку и обслуживание систем безопасности в Арзамасе: видеонаблюдение, СКУД, пожарную сигнализацию, слаботочные сети, электромонтаж и сопутствующую документацию. Формат работ и предварительный расчет зависят от типа объекта и исходных требований.;draft
evpatoriya;Евпатория;Республика Крым;Евпатории;Системы безопасности в Евпатории | Прометей01;Прометей01 выполняет видеонаблюдение, СКУД, слаботочные сети, электромонтаж, пожарную сигнализацию, огнезащиту и ПНР для объектов в Евпатории.;Прометей01 выполняет монтаж, настройку и обслуживание систем безопасности в Евпатории: видеонаблюдение, СКУД, пожарную сигнализацию, слаботочные сети, электромонтаж и сопутствующую документацию. Формат работ и предварительный расчет зависят от типа объекта и исходных требований.;draft
obninsk;Обнинск;Калужская область;Обнинске;Системы безопасности в Обнинске | Прометей01;Прометей01 выполняет видеонаблюдение, СКУД, слаботочные сети, электромонтаж, пожарную сигнализацию, огнезащиту и ПНР для объектов в Обнинске.;Прометей01 выполняет монтаж, настройку и обслуживание систем безопасности в Обнинске: видеонаблюдение, СКУД, пожарную сигнализацию, слаботочные сети, электромонтаж и сопутствующую документацию. Формат работ и предварительный расчет зависят от типа объекта и исходных требований.;draft
novyy-urengoy;Новый Уренгой;Ямало-Ненецкий автономный округ;Новом Уренгое;Системы безопасности в Новом Уренгое | Прометей01;Прометей01 выполняет видеонаблюдение, СКУД, слаботочные сети, электромонтаж, пожарную сигнализацию, огнезащиту и ПНР для объектов в Новом Уренгое.;Прометей01 выполняет монтаж, настройку и обслуживание систем безопасности в Новом Уренгое: видеонаблюдение, СКУД, пожарную сигнализацию, слаботочные сети, электромонтаж и сопутствующую документацию. Формат работ и предварительный расчет зависят от типа объекта и исходных требований.;draft
kaspiysk;Каспийск;Республика Дагестан;Каспийске;Системы безопасности в Каспийске | Прометей01;Прометей01 выполняет видеонаблюдение, СКУД, слаботочные сети, электромонтаж, пожарную сигнализацию, огнезащиту и ПНР для объектов в Каспийске.;Прометей01 выполняет монтаж, настройку и обслуживание систем безопасности в Каспийске: видеонаблюдение, СКУД, пожарную сигнализацию, слаботочные сети, электромонтаж и сопутствующую документацию. Формат работ и предварительный расчет зависят от типа объекта и исходных требований.;draft
elista;Элиста;Республика Калмыкия;Элисте;Системы безопасности в Элисте | Прометей01;Монтаж и обслуживание систем безопасности в Элисте: видеонаблюдение, СКУД, слаботочные сети, электромонтаж, пожарная сигнализация, огнезащита и ПНР.;Прометей01 выполняет монтаж, настройку и обслуживание систем безопасности в Элисте: видеонаблюдение, СКУД, пожарную сигнализацию, слаботочные сети, электромонтаж и сопутствующую документацию. Формат работ и предварительный расчет зависят от типа объекта и исходных требований.;draft
pushkino;Пушкино;Московская область;Пушкино;Системы безопасности в Пушкино | Прометей01;Прометей01 выполняет видеонаблюдение, СКУД, слаботочные сети, электромонтаж, пожарную сигнализацию, огнезащиту и ПНР для объектов в Пушкино.;Прометей01 выполняет монтаж, настройку и обслуживание систем безопасности в Пушкино: видеонаблюдение, СКУД, пожарную сигнализацию, слаботочные сети, электромонтаж и сопутствующую документацию. Формат работ и предварительный расчет зависят от типа объекта и исходных требований.;draft
zhukovskiy;Жуковский;Московская область;Жуковском;Системы безопасности в Жуковском | Прометей01;Прометей01 выполняет видеонаблюдение, СКУД, слаботочные сети, электромонтаж, пожарную сигнализацию, огнезащиту и ПНР для объектов в Жуковском.;Прометей01 выполняет монтаж, настройку и обслуживание систем безопасности в Жуковском: видеонаблюдение, СКУД, пожарную сигнализацию, слаботочные сети, электромонтаж и сопутствующую документацию. Формат работ и предварительный расчет зависят от типа объекта и исходных требований.;draft
artem;Артём;Приморский край;Артёме;Системы безопасности в Артёме | Прометей01;Монтаж и обслуживание систем безопасности в Артёме: видеонаблюдение, СКУД, слаботочные сети, электромонтаж, пожарная сигнализация, огнезащита и ПНР.;Прометей01 выполняет монтаж, настройку и обслуживание систем безопасности в Артёме: видеонаблюдение, СКУД, пожарную сигнализацию, слаботочные сети, электромонтаж и сопутствующую документацию. Формат работ и предварительный расчет зависят от типа объекта и исходных требований.;draft
mezhdurechensk;Междуреченск;Кемеровская область;Междуреченске;Системы безопасности в Междуреченске | Прометей01;Прометей01 выполняет видеонаблюдение, СКУД, слаботочные сети, электромонтаж, пожарную сигнализацию, огнезащиту и ПНР для объектов в Междуреченске.;Прометей01 выполняет монтаж, настройку и обслуживание систем безопасности в Междуреченске: видеонаблюдение, СКУД, пожарную сигнализацию, слаботочные сети, электромонтаж и сопутствующую документацию. Формат работ и предварительный расчет зависят от типа объекта и исходных требований.;draft
leninsk-kuzneckiy;Ленинск-Кузнецкий;Кемеровская область;Ленинске-Кузнецком;Системы безопасности в Ленинске-Кузнецком | Прометей01;Прометей01 выполняет видеонаблюдение, СКУД, слаботочные сети, электромонтаж, пожарную сигнализацию, огнезащиту и ПНР для объектов в Ленинске-Кузнецком.;Прометей01 выполняет монтаж, настройку и обслуживание систем безопасности в Ленинске-Кузнецком: видеонаблюдение, СКУД, пожарную сигнализацию, слаботочные сети, электромонтаж и сопутствующую документацию. Формат работ и предварительный расчет зависят от типа объекта и исходных требований.;draft
sarapul;Сарапул;Удмуртская Республика;Сарапуле;Системы безопасности в Сарапуле | Прометей01;Прометей01 выполняет видеонаблюдение, СКУД, слаботочные сети, электромонтаж, пожарную сигнализацию, огнезащиту и ПНР для объектов в Сарапуле.;Прометей01 выполняет монтаж, настройку и обслуживание систем безопасности в Сарапуле: видеонаблюдение, СКУД, пожарную сигнализацию, слаботочные сети, электромонтаж и сопутствующую документацию. Формат работ и предварительный расчет зависят от типа объекта и исходных требований.;draft
essentuki;Ессентуки;Ставропольский край;Ессентуках;Системы безопасности в Ессентуках | Прометей01;Прометей01 выполняет видеонаблюдение, СКУД, слаботочные сети, электромонтаж, пожарную сигнализацию, огнезащиту и ПНР для объектов в Ессентуках.;Прометей01 выполняет монтаж, настройку и обслуживание систем безопасности в Ессентуках: видеонаблюдение, СКУД, пожарную сигнализацию, слаботочные сети, электромонтаж и сопутствующую документацию. Формат работ и предварительный расчет зависят от типа объекта и исходных требований.;draft
votkinsk;Воткинск;Удмуртская Республика;Воткинске;Системы безопасности в Воткинске | Прометей01;Прометей01 выполняет видеонаблюдение, СКУД, слаботочные сети, электромонтаж, пожарную сигнализацию, огнезащиту и ПНР для объектов в Воткинске.;Прометей01 выполняет монтаж, настройку и обслуживание систем безопасности в Воткинске: видеонаблюдение, СКУД, пожарную сигнализацию, слаботочные сети, электромонтаж и сопутствующую документацию. Формат работ и предварительный расчет зависят от типа объекта и исходных требований.;draft
noginsk;Ногинск;Московская область;Ногинске;Системы безопасности в Ногинске | Прометей01;Прометей01 выполняет видеонаблюдение, СКУД, слаботочные сети, электромонтаж, пожарную сигнализацию, огнезащиту и ПНР для объектов в Ногинске.;Прометей01 выполняет монтаж, настройку и обслуживание систем безопасности в Ногинске: видеонаблюдение, СКУД, пожарную сигнализацию, слаботочные сети, электромонтаж и сопутствующую документацию. Формат работ и предварительный расчет зависят от типа объекта и исходных требований.;draft
tobolsk;Тобольск;Тюменская область;Тобольске;Системы безопасности в Тобольске | Прометей01;Прометей01 выполняет видеонаблюдение, СКУД, слаботочные сети, электромонтаж, пожарную сигнализацию, огнезащиту и ПНР для объектов в Тобольске.;Прометей01 выполняет монтаж, настройку и обслуживание систем безопасности в Тобольске: видеонаблюдение, СКУД, пожарную сигнализацию, слаботочные сети, электромонтаж и сопутствующую документацию. Формат работ и предварительный расчет зависят от типа объекта и исходных требований.;draft
uhta;Ухта;Республика Коми;Ухте;Системы безопасности в Ухте | Прометей01;Монтаж и обслуживание систем безопасности в Ухте: видеонаблюдение, СКУД, слаботочные сети, электромонтаж, пожарная сигнализация, огнезащита и ПНР.;Прометей01 выполняет монтаж, настройку и обслуживание систем безопасности в Ухте: видеонаблюдение, СКУД, пожарную сигнализацию, слаботочные сети, электромонтаж и сопутствующую документацию. Формат работ и предварительный расчет зависят от типа объекта и исходных требований.;draft
serov;Серов;Свердловская область;Серове;Системы безопасности в Серове | Прометей01;Монтаж и обслуживание систем безопасности в Серове: видеонаблюдение, СКУД, слаботочные сети, электромонтаж, пожарная сигнализация, огнезащита и ПНР.;Прометей01 выполняет монтаж, настройку и обслуживание систем безопасности в Серове: видеонаблюдение, СКУД, пожарную сигнализацию, слаботочные сети, электромонтаж и сопутствующую документацию. Формат работ и предварительный расчет зависят от типа объекта и исходных требований.;draft
berdsk;Бердск;Новосибирская область;Бердске;Системы безопасности в Бердске | Прометей01;Прометей01 выполняет видеонаблюдение, СКУД, слаботочные сети, электромонтаж, пожарную сигнализацию, огнезащиту и ПНР для объектов в Бердске.;Прометей01 выполняет монтаж, настройку и обслуживание систем безопасности в Бердске: видеонаблюдение, СКУД, пожарную сигнализацию, слаботочные сети, электромонтаж и сопутствующую документацию. Формат работ и предварительный расчет зависят от типа объекта и исходных требований.;draft
velikie-luki;Великие Луки;Псковская область;Великих Луках;Системы безопасности в Великих Луках | Прометей01;Прометей01 выполняет видеонаблюдение, СКУД, слаботочные сети, электромонтаж, пожарную сигнализацию, огнезащиту и ПНР для объектов в Великих Луках.;Прометей01 выполняет монтаж, настройку и обслуживание систем безопасности в Великих Луках: видеонаблюдение, СКУД, пожарную сигнализацию, слаботочные сети, электромонтаж и сопутствующую документацию. Формат работ и предварительный расчет зависят от типа объекта и исходных требований.;draft
michurinsk;Мичуринск;Тамбовская область;Мичуринске;Системы безопасности в Мичуринске | Прометей01;Прометей01 выполняет видеонаблюдение, СКУД, слаботочные сети, электромонтаж, пожарную сигнализацию, огнезащиту и ПНР для объектов в Мичуринске.;Прометей01 выполняет монтаж, настройку и обслуживание систем безопасности в Мичуринске: видеонаблюдение, СКУД, пожарную сигнализацию, слаботочные сети, электромонтаж и сопутствующую документацию. Формат работ и предварительный расчет зависят от типа объекта и исходных требований.;draft
kiselevsk;Киселёвск;Кемеровская область;Киселёвске;Системы безопасности в Киселёвске | Прометей01;Прометей01 выполняет видеонаблюдение, СКУД, слаботочные сети, электромонтаж, пожарную сигнализацию, огнезащиту и ПНР для объектов в Киселёвске.;Прометей01 выполняет монтаж, настройку и обслуживание систем безопасности в Киселёвске: видеонаблюдение, СКУД, пожарную сигнализацию, слаботочные сети, электромонтаж и сопутствующую документацию. Формат работ и предварительный расчет зависят от типа объекта и исходных требований.;draft
novotroick;Новотроицк;Оренбургская область;Новотроицке;Системы безопасности в Новотроицке | Прометей01;Прометей01 выполняет видеонаблюдение, СКУД, слаботочные сети, электромонтаж, пожарную сигнализацию, огнезащиту и ПНР для объектов в Новотроицке.;Прометей01 выполняет монтаж, настройку и обслуживание систем безопасности в Новотроицке: видеонаблюдение, СКУД, пожарную сигнализацию, слаботочные сети, электромонтаж и сопутствующую документацию. Формат работ и предварительный расчет зависят от типа объекта и исходных требований.;draft
zelenodolsk;Зеленодольск;Республика Татарстан;Зеленодольске;Системы безопасности в Зеленодольске | Прометей01;Прометей01 выполняет видеонаблюдение, СКУД, слаботочные сети, электромонтаж, пожарную сигнализацию, огнезащиту и ПНР для объектов в Зеленодольске.;Прометей01 выполняет монтаж, настройку и обслуживание систем безопасности в Зеленодольске: видеонаблюдение, СКУД, пожарную сигнализацию, слаботочные сети, электромонтаж и сопутствующую документацию. Формат работ и предварительный расчет зависят от типа объекта и исходных требований.;draft
solikamsk;Соликамск;Пермский край;Соликамске;Системы безопасности в Соликамске | Прометей01;Прометей01 выполняет видеонаблюдение, СКУД, слаботочные сети, электромонтаж, пожарную сигнализацию, огнезащиту и ПНР для объектов в Соликамске.;Прометей01 выполняет монтаж, настройку и обслуживание систем безопасности в Соликамске: видеонаблюдение, СКУД, пожарную сигнализацию, слаботочные сети, электромонтаж и сопутствующую документацию. Формат работ и предварительный расчет зависят от типа объекта и исходных требований.;draft
ramenskoe;Раменское;Московская область;Раменском;Системы безопасности в Раменском | Прометей01;Прометей01 выполняет видеонаблюдение, СКУД, слаботочные сети, электромонтаж, пожарную сигнализацию, огнезащиту и ПНР для объектов в Раменском.;Прометей01 выполняет монтаж, настройку и обслуживание систем безопасности в Раменском: видеонаблюдение, СКУД, пожарную сигнализацию, слаботочные сети, электромонтаж и сопутствующую документацию. Формат работ и предварительный расчет зависят от типа объекта и исходных требований.;draft
domodedovo;Домодедово;Московская область;Домодедово;Системы безопасности в Домодедово | Прометей01;Прометей01 выполняет видеонаблюдение, СКУД, слаботочные сети, электромонтаж, пожарную сигнализацию, огнезащиту и ПНР для объектов в Домодедово.;Прометей01 выполняет монтаж, настройку и обслуживание систем безопасности в Домодедово: видеонаблюдение, СКУД, пожарную сигнализацию, слаботочные сети, электромонтаж и сопутствующую документацию. Формат работ и предварительный расчет зависят от типа объекта и исходных требований.;draft
magadan;Магадан;Магаданская область;Магадане;Системы безопасности в Магадане | Прометей01;Прометей01 выполняет видеонаблюдение, СКУД, слаботочные сети, электромонтаж, пожарную сигнализацию, огнезащиту и ПНР в Магадане для объектов разных типов.;Прометей01 выполняет монтаж и настройку систем безопасности в Магадане: видеонаблюдение, СКУД, пожарная сигнализация, слаботочные сети и сопутствующая документация. Формат работ зависит от объекта, требований к доступу и пожарной безопасности.;draft
glazov;Глазов;Удмуртская Республика;Глазове;Системы безопасности в Глазове | Прометей01;Прометей01 выполняет видеонаблюдение, СКУД, слаботочные сети, электромонтаж, пожарную сигнализацию, огнезащиту и ПНР в Глазове для объектов разных типов.;Прометей01 выполняет монтаж и настройку систем безопасности в Глазове: видеонаблюдение, СКУД, пожарная сигнализация, слаботочные сети и сопутствующая документация. Формат работ зависит от объекта, требований к доступу и пожарной безопасности.;draft
kamensk-shahtinskiy;Каменск-Шахтинский;Ростовская область;Каменске-Шахтинском;Системы безопасности в Каменске-Шахтинском | Прометей01;Прометей01 выполняет видеонаблюдение, СКУД, слаботочные сети, электромонтаж, пожарную сигнализацию, огнезащиту и ПНР в Каменске-Шахтинском для объектов разных типов.;Прометей01 выполняет монтаж и настройку систем безопасности в Каменске-Шахтинском: видеонаблюдение, СКУД, пожарная сигнализация, слаботочные сети и сопутствующая документация. Формат работ зависит от объекта, требований к доступу и пожарной безопасности.;draft
zheleznogorsk;Железногорск;Красноярский край;Железногорске;Системы безопасности в Железногорске | Прометей01;Прометей01 выполняет видеонаблюдение, СКУД, слаботочные сети, электромонтаж, пожарную сигнализацию, огнезащиту и ПНР в Железногорске для объектов разных типов.;Прометей01 выполняет монтаж и настройку систем безопасности в Железногорске: видеонаблюдение, СКУД, пожарная сигнализация, слаботочные сети и сопутствующая документация. Формат работ зависит от объекта, требований к доступу и пожарной безопасности.;draft
kansk;Канск;Красноярский край;Канске;Системы безопасности в Канске | Прометей01;Прометей01 выполняет видеонаблюдение, СКУД, слаботочные сети, электромонтаж, пожарную сигнализацию, огнезащиту и ПНР в Канске для объектов разных типов.;Прометей01 выполняет монтаж и настройку систем безопасности в Канске: видеонаблюдение, СКУД, пожарная сигнализация, слаботочные сети и сопутствующая документация. Формат работ зависит от объекта, требований к доступу и пожарной безопасности.;draft
nazran;Назрань;Республика Ингушетия;Назрани;Системы безопасности в Назрани | Прометей01;Прометей01 выполняет видеонаблюдение, СКУД, слаботочные сети, электромонтаж, пожарную сигнализацию, огнезащиту и ПНР в Назрани для объектов разных типов.;Прометей01 выполняет монтаж и настройку систем безопасности в Назрани: видеонаблюдение, СКУД, пожарная сигнализация, слаботочные сети и сопутствующая документация. Формат работ зависит от объекта, требований к доступу и пожарной безопасности.;draft
gatchina;Гатчина;Ленинградская область;Гатчине;Системы безопасности в Гатчине | Прометей01;Прометей01 выполняет видеонаблюдение, СКУД, слаботочные сети, электромонтаж, пожарную сигнализацию, огнезащиту и ПНР в Гатчине для объектов разных типов.;Прометей01 выполняет монтаж и настройку систем безопасности в Гатчине: видеонаблюдение, СКУД, пожарная сигнализация, слаботочные сети и сопутствующая документация. Формат работ зависит от объекта, требований к доступу и пожарной безопасности.;draft
sarov;Саров;Нижегородская область;Сарове;Системы безопасности в Сарове | Прометей01;Прометей01 выполняет видеонаблюдение, СКУД, слаботочные сети, электромонтаж, пожарную сигнализацию, огнезащиту и ПНР в Сарове для объектов разных типов.;Прометей01 выполняет монтаж и настройку систем безопасности в Сарове: видеонаблюдение, СКУД, пожарная сигнализация, слаботочные сети и сопутствующая документация. Формат работ зависит от объекта, требований к доступу и пожарной безопасности.;draft
novouralsk;Новоуральск;Свердловская область;Новоуральске;Системы безопасности в Новоуральске | Прометей01;Прометей01 выполняет видеонаблюдение, СКУД, слаботочные сети, электромонтаж, пожарную сигнализацию, огнезащиту и ПНР в Новоуральске для объектов разных типов.;Прометей01 выполняет монтаж и настройку систем безопасности в Новоуральске: видеонаблюдение, СКУД, пожарная сигнализация, слаботочные сети и сопутствующая документация. Формат работ зависит от объекта, требований к доступу и пожарной безопасности.;draft
voskresensk;Воскресенск;Московская область;Воскресенске;Системы безопасности в Воскресенске | Прометей01;Прометей01 выполняет видеонаблюдение, СКУД, слаботочные сети, электромонтаж, пожарную сигнализацию, огнезащиту и ПНР в Воскресенске для объектов разных типов.;Прометей01 выполняет монтаж и настройку систем безопасности в Воскресенске: видеонаблюдение, СКУД, пожарная сигнализация, слаботочные сети и сопутствующая документация. Формат работ зависит от объекта, требований к доступу и пожарной безопасности.;draft
dolgoprudnyy;Долгопрудный;Московская область;Долгопрудном;Системы безопасности в Долгопрудном | Прометей01;Прометей01 выполняет видеонаблюдение, СКУД, слаботочные сети, электромонтаж, пожарную сигнализацию, огнезащиту и ПНР в Долгопрудном для объектов разных типов.;Прометей01 выполняет монтаж и настройку систем безопасности в Долгопрудном: видеонаблюдение, СКУД, пожарная сигнализация, слаботочные сети и сопутствующая документация. Формат работ зависит от объекта, требований к доступу и пожарной безопасности.;draft
bugulma;Бугульма;Республика Татарстан;Бугульме;Системы безопасности в Бугульме | Прометей01;Прометей01 выполняет видеонаблюдение, СКУД, слаботочные сети, электромонтаж, пожарную сигнализацию, огнезащиту и ПНР в Бугульме для объектов разных типов.;Прометей01 выполняет монтаж и настройку систем безопасности в Бугульме: видеонаблюдение, СКУД, пожарная сигнализация, слаботочные сети и сопутствующая документация. Формат работ зависит от объекта, требований к доступу и пожарной безопасности.;draft
kuzneck;Кузнецк;Пензенская область;Кузнецке;Системы безопасности в Кузнецке | Прометей01;Прометей01 выполняет видеонаблюдение, СКУД, слаботочные сети, электромонтаж, пожарную сигнализацию, огнезащиту и ПНР в Кузнецке для объектов разных типов.;Прометей01 выполняет монтаж и настройку систем безопасности в Кузнецке: видеонаблюдение, СКУД, пожарная сигнализация, слаботочные сети и сопутствующая документация. Формат работ зависит от объекта, требований к доступу и пожарной безопасности.;draft
gubkin;Губкин;Белгородская область;Губкине;Системы безопасности в Губкине | Прометей01;Прометей01 выполняет видеонаблюдение, СКУД, слаботочные сети, электромонтаж, пожарную сигнализацию, огнезащиту и ПНР в Губкине для объектов разных типов.;Прометей01 выполняет монтаж и настройку систем безопасности в Губкине: видеонаблюдение, СКУД, пожарная сигнализация, слаботочные сети и сопутствующая документация. Формат работ зависит от объекта, требований к доступу и пожарной безопасности.;draft
kineshma;Кинешма;Ивановская область;Кинешме;Системы безопасности в Кинешме | Прометей01;Прометей01 выполняет видеонаблюдение, СКУД, слаботочные сети, электромонтаж, пожарную сигнализацию, огнезащиту и ПНР в Кинешме для объектов разных типов.;Прометей01 выполняет монтаж и настройку систем безопасности в Кинешме: видеонаблюдение, СКУД, пожарная сигнализация, слаботочные сети и сопутствующая документация. Формат работ зависит от объекта, требований к доступу и пожарной безопасности.;draft
eysk;Ейск;Краснодарский край;Ейске;Системы безопасности в Ейске | Прометей01;Прометей01 выполняет видеонаблюдение, СКУД, слаботочные сети, электромонтаж, пожарную сигнализацию, огнезащиту и ПНР в Ейске для объектов разных типов.;Прометей01 выполняет монтаж и настройку систем безопасности в Ейске: видеонаблюдение, СКУД, пожарная сигнализация, слаботочные сети и сопутствующая документация. Формат работ зависит от объекта, требований к доступу и пожарной безопасности.;draft
reutov;Реутов;Московская область;Реутове;Системы безопасности в Реутове | Прометей01;Прометей01 выполняет видеонаблюдение, СКУД, слаботочные сети, электромонтаж, пожарную сигнализацию, огнезащиту и ПНР в Реутове для объектов разных типов.;Прометей01 выполняет монтаж и настройку систем безопасности в Реутове: видеонаблюдение, СКУД, пожарная сигнализация, слаботочные сети и сопутствующая документация. Формат работ зависит от объекта, требований к доступу и пожарной безопасности.;draft
ust-ilimsk;Усть-Илимск;Иркутская область;Усть-Илимске;Системы безопасности в Усть-Илимске | Прометей01;Прометей01 выполняет видеонаблюдение, СКУД, слаботочные сети, электромонтаж, пожарную сигнализацию, огнезащиту и ПНР в Усть-Илимске для объектов разных типов.;Прометей01 выполняет монтаж и настройку систем безопасности в Усть-Илимске: видеонаблюдение, СКУД, пожарная сигнализация, слаботочные сети и сопутствующая документация. Формат работ зависит от объекта, требований к доступу и пожарной безопасности.;draft
usole-sibirskoe;Усолье-Сибирское;Иркутская область;Усолье-Сибирском;Системы безопасности в Усолье-Сибирском | Прометей01;Прометей01 выполняет видеонаблюдение, СКУД, слаботочные сети, электромонтаж, пожарную сигнализацию, огнезащиту и ПНР в Усолье-Сибирском для объектов разных типов.;Прометей01 выполняет монтаж и настройку систем безопасности в Усолье-Сибирском: видеонаблюдение, СКУД, пожарная сигнализация, слаботочные сети и сопутствующая документация. Формат работ зависит от объекта, требований к доступу и пожарной безопасности.;draft
chaykovskiy;Чайковский;Пермский край;Чайковском;Системы безопасности в Чайковском | Прометей01;Прометей01 выполняет видеонаблюдение, СКУД, слаботочные сети, электромонтаж, пожарную сигнализацию, огнезащиту и ПНР в Чайковском для объектов разных типов.;Прометей01 выполняет монтаж и настройку систем безопасности в Чайковском: видеонаблюдение, СКУД, пожарная сигнализация, слаботочные сети и сопутствующая документация. Формат работ зависит от объекта, требований к доступу и пожарной безопасности.;draft
azov;Азов;Ростовская область;Азове;Системы безопасности в Азове | Прометей01;Прометей01 выполняет видеонаблюдение, СКУД, слаботочные сети, электромонтаж, пожарную сигнализацию, огнезащиту и ПНР в Азове для объектов разных типов.;Прометей01 выполняет монтаж и настройку систем безопасности в Азове: видеонаблюдение, СКУД, пожарная сигнализация, слаботочные сети и сопутствующая документация. Формат работ зависит от объекта, требований к доступу и пожарной безопасности.;draft
buzuluk;Бузулук;Оренбургская область;Бузулуке;Системы безопасности в Бузулуке | Прометей01;Прометей01 выполняет видеонаблюдение, СКУД, слаботочные сети, электромонтаж, пожарную сигнализацию, огнезащиту и ПНР в Бузулуке для объектов разных типов.;Прометей01 выполняет монтаж и настройку систем безопасности в Бузулуке: видеонаблюдение, СКУД, пожарная сигнализация, слаботочные сети и сопутствующая документация. Формат работ зависит от объекта, требований к доступу и пожарной безопасности.;draft
ozersk;Озёрск;Челябинская область;Озёрске;Системы безопасности в Озёрске | Прометей01;Прометей01 выполняет видеонаблюдение, СКУД, слаботочные сети, электромонтаж, пожарную сигнализацию, огнезащиту и ПНР в Озёрске для объектов разных типов.;Прометей01 выполняет монтаж и настройку систем безопасности в Озёрске: видеонаблюдение, СКУД, пожарная сигнализация, слаботочные сети и сопутствующая документация. Формат работ зависит от объекта, требований к доступу и пожарной безопасности.;draft
balashov;Балашов;Саратовская область;Балашове;Системы безопасности в Балашове | Прометей01;Прометей01 выполняет видеонаблюдение, СКУД, слаботочные сети, электромонтаж, пожарную сигнализацию, огнезащиту и ПНР в Балашове для объектов разных типов.;Прометей01 выполняет монтаж и настройку систем безопасности в Балашове: видеонаблюдение, СКУД, пожарная сигнализация, слаботочные сети и сопутствующая документация. Формат работ зависит от объекта, требований к доступу и пожарной безопасности.;draft
yurga;Юрга;Кемеровская область;Юрге;Системы безопасности в Юрге | Прометей01;Прометей01 выполняет видеонаблюдение, СКУД, слаботочные сети, электромонтаж, пожарную сигнализацию, огнезащиту и ПНР в Юрге для объектов разных типов.;Прометей01 выполняет монтаж и настройку систем безопасности в Юрге: видеонаблюдение, СКУД, пожарная сигнализация, слаботочные сети и сопутствующая документация. Формат работ зависит от объекта, требований к доступу и пожарной безопасности.;draft
kirovo-chepeck;Кирово-Чепецк;Кировская область;Кирово-Чепецке;Системы безопасности в Кирово-Чепецке | Прометей01;Прометей01 выполняет видеонаблюдение, СКУД, слаботочные сети, электромонтаж, пожарную сигнализацию, огнезащиту и ПНР в Кирово-Чепецке для объектов разных типов.;Прометей01 выполняет монтаж и настройку систем безопасности в Кирово-Чепецке: видеонаблюдение, СКУД, пожарная сигнализация, слаботочные сети и сопутствующая документация. Формат работ зависит от объекта, требований к доступу и пожарной безопасности.;draft
kropotkin;Кропоткин;Краснодарский край;Кропоткине;Системы безопасности в Кропоткине | Прометей01;Прометей01 выполняет видеонаблюдение, СКУД, слаботочные сети, электромонтаж, пожарную сигнализацию, огнезащиту и ПНР в Кропоткине для объектов разных типов.;Прометей01 выполняет монтаж и настройку систем безопасности в Кропоткине: видеонаблюдение, СКУД, пожарная сигнализация, слаботочные сети и сопутствующая документация. Формат работ зависит от объекта, требований к доступу и пожарной безопасности.;draft
klin;Клин;Московская область;Клину;Системы безопасности в Клину | Прометей01;Прометей01 выполняет видеонаблюдение, СКУД, слаботочные сети, электромонтаж, пожарную сигнализацию, огнезащиту и ПНР в Клину для объектов разных типов.;Прометей01 выполняет монтаж и настройку систем безопасности в Клину: видеонаблюдение, СКУД, пожарная сигнализация, слаботочные сети и сопутствующая документация. Формат работ зависит от объекта, требований к доступу и пожарной безопасности.;draft
vyborg;Выборг;Ленинградская область;Выборге;Системы безопасности в Выборге | Прометей01;Прометей01 выполняет видеонаблюдение, СКУД, слаботочные сети, электромонтаж, пожарную сигнализацию, огнезащиту и ПНР в Выборге для объектов разных типов.;Прометей01 выполняет монтаж и настройку систем безопасности в Выборге: видеонаблюдение, СКУД, пожарная сигнализация, слаботочные сети и сопутствующая документация. Формат работ зависит от объекта, требований к доступу и пожарной безопасности.;draft
hanty-mansiysk;Ханты-Мансийск;Ханты-Мансийский автономный округ — Югра;Ханты-Мансийске;Системы безопасности в Ханты-Мансийске | Прометей01;Прометей01 выполняет видеонаблюдение, СКУД, слаботочные сети, электромонтаж, пожарную сигнализацию, огнезащиту и ПНР в Ханты-Мансийске для объектов разных типов.;Прометей01 выполняет монтаж и настройку систем безопасности в Ханты-Мансийске: видеонаблюдение, СКУД, пожарная сигнализация, слаботочные сети и сопутствующая документация. Формат работ зависит от объекта, требований к доступу и пожарной безопасности.;draft
troick;Троицк;Челябинская область;Троицке;Системы безопасности в Троицке | Прометей01;Прометей01 выполняет видеонаблюдение, СКУД, слаботочные сети, электромонтаж, пожарную сигнализацию, огнезащиту, ПНР и исполнительную документацию в Троицке.;Прометей01 выполняет монтаж, настройку и обслуживание систем безопасности в Троицке: видеонаблюдение, СКУД, пожарную сигнализацию, слаботочные сети, электромонтаж и сопутствующую документацию. На первом экране стоит сразу обозначить типы объектов в Троицке и какие работы можно рассчитать после осмотра или по исходным данным.;draft
bor;Бор;Нижегородская область;Боре;Системы безопасности в Боре | Прометей01;Прометей01 выполняет видеонаблюдение, СКУД, слаботочные сети, электромонтаж, пожарную сигнализацию, огнезащиту, ПНР и исполнительную документацию в Боре.;Прометей01 выполняет монтаж, настройку и обслуживание систем безопасности в Боре: видеонаблюдение, СКУД, пожарную сигнализацию, слаботочные сети, электромонтаж и сопутствующую документацию. На первом экране стоит сразу обозначить типы объектов в Боре и какие работы можно рассчитать после осмотра или по исходным данным.;draft
shadrinsk;Шадринск;Курганская область;Шадринске;Системы безопасности в Шадринске | Прометей01;Прометей01 выполняет видеонаблюдение, СКУД, слаботочные сети, электромонтаж, пожарную сигнализацию, огнезащиту, ПНР и исполнительную документацию в Шадринске.;Прометей01 выполняет монтаж, настройку и обслуживание систем безопасности в Шадринске: видеонаблюдение, СКУД, пожарную сигнализацию, слаботочные сети, электромонтаж и сопутствующую документацию. На первом экране стоит сразу обозначить типы объектов в Шадринске и какие работы можно рассчитать после осмотра или по исходным данным.;draft
belovo;Белово;Кемеровская область;Белове;Системы безопасности в Белове | Прометей01;Прометей01 выполняет видеонаблюдение, СКУД, слаботочные сети, электромонтаж, пожарную сигнализацию, огнезащиту, ПНР и исполнительную документацию в Белове.;Прометей01 выполняет монтаж, настройку и обслуживание систем безопасности в Белове: видеонаблюдение, СКУД, пожарную сигнализацию, слаботочные сети, электромонтаж и сопутствующую документацию. На первом экране стоит сразу обозначить типы объектов в Белове и какие работы можно рассчитать после осмотра или по исходным данным.;draft
yalta;Ялта;Республика Крым;Ялте;Системы безопасности в Ялте | Прометей01;Прометей01 выполняет видеонаблюдение, СКУД, слаботочные сети, электромонтаж, пожарную сигнализацию, огнезащиту, ПНР и исполнительную документацию в Ялте.;Прометей01 выполняет монтаж, настройку и обслуживание систем безопасности в Ялте: видеонаблюдение, СКУД, пожарную сигнализацию, слаботочные сети, электромонтаж и сопутствующую документацию. На первом экране стоит сразу обозначить типы объектов в Ялте и какие работы можно рассчитать после осмотра или по исходным данным.;draft
mineralnye-vody;Минеральные Воды;Ставропольский край;Минеральных Водах;Системы безопасности в Минеральных Водах | Прометей01;Прометей01 выполняет видеонаблюдение, СКУД, слаботочные сети, электромонтаж, пожарную сигнализацию, огнезащиту, ПНР и исполнительную документацию в Минеральных Водах.;Прометей01 выполняет монтаж, настройку и обслуживание систем безопасности в Минеральных Водах: видеонаблюдение, СКУД, пожарную сигнализацию, слаботочные сети, электромонтаж и сопутствующую документацию. На первом экране стоит сразу обозначить типы объектов в Минеральных Водах и какие работы можно рассчитать после осмотра или по исходным данным.;draft
anzhero-sudzhensk;Анжеро-Судженск;Кемеровская область;Анжеро-Судженске;Системы безопасности в Анжеро-Судженске | Прометей01;Прометей01 выполняет видеонаблюдение, СКУД, слаботочные сети, электромонтаж, пожарную сигнализацию, огнезащиту, ПНР и исполнительную документацию в Анжеро-Судженске.;Прометей01 выполняет монтаж, настройку и обслуживание систем безопасности в Анжеро-Судженске: видеонаблюдение, СКУД, пожарную сигнализацию, слаботочные сети, электромонтаж и сопутствующую документацию. На первом экране стоит сразу обозначить типы объектов в Анжеро-Судженске и какие работы можно рассчитать после осмотра или по исходным данным.;draft
birobidzhan;Биробиджан;Еврейская автономная область;Биробиджане;Системы безопасности в Биробиджане | Прометей01;Прометей01 выполняет видеонаблюдение, СКУД, слаботочные сети, электромонтаж, пожарную сигнализацию, огнезащиту, ПНР и исполнительную документацию в Биробиджане.;Прометей01 выполняет монтаж, настройку и обслуживание систем безопасности в Биробиджане: видеонаблюдение, СКУД, пожарную сигнализацию, слаботочные сети, электромонтаж и сопутствующую документацию. На первом экране стоит сразу обозначить типы объектов в Биробиджане и какие работы можно рассчитать после осмотра или по исходным данным.;draft
lobnya;Лобня;Московская область;Лобне;Системы безопасности в Лобне | Прометей01;Прометей01 выполняет видеонаблюдение, СКУД, слаботочные сети, электромонтаж, пожарную сигнализацию, огнезащиту, ПНР и исполнительную документацию в Лобне.;Прометей01 выполняет монтаж, настройку и обслуживание систем безопасности в Лобне: видеонаблюдение, СКУД, пожарную сигнализацию, слаботочные сети, электромонтаж и сопутствующую документацию. На первом экране стоит сразу обозначить типы объектов в Лобне и какие работы можно рассчитать после осмотра или по исходным данным.;draft
novoaltaysk;Новоалтайск;Алтайский край;Новоалтайске;Системы безопасности в Новоалтайске | Прометей01;Прометей01 выполняет видеонаблюдение, СКУД, слаботочные сети, электромонтаж, пожарную сигнализацию, огнезащиту, ПНР и исполнительную документацию в Новоалтайске.;Прометей01 выполняет монтаж, настройку и обслуживание систем безопасности в Новоалтайске: видеонаблюдение, СКУД, пожарную сигнализацию, слаботочные сети, электромонтаж и сопутствующую документацию. На первом экране стоит сразу обозначить типы объектов в Новоалтайске и какие работы можно рассчитать после осмотра или по исходным данным.;draft
chapaevsk;Чапаевск;Самарская область;Чапаевске;Системы безопасности в Чапаевске | Прометей01;Прометей01 выполняет видеонаблюдение, СКУД, слаботочные сети, электромонтаж, пожарную сигнализацию, огнезащиту, ПНР и исполнительную документацию в Чапаевске.;Прометей01 выполняет монтаж, настройку и обслуживание систем безопасности в Чапаевске: видеонаблюдение, СКУД, пожарную сигнализацию, слаботочные сети, электромонтаж и сопутствующую документацию. На первом экране стоит сразу обозначить типы объектов в Чапаевске и какие работы можно рассчитать после осмотра или по исходным данным.;draft
georgievsk;Георгиевск;Ставропольский край;Георгиевске;Системы безопасности в Георгиевске | Прометей01;Прометей01 выполняет видеонаблюдение, СКУД, слаботочные сети, электромонтаж, пожарную сигнализацию, огнезащиту, ПНР и исполнительную документацию в Георгиевске.;Прометей01 выполняет монтаж, настройку и обслуживание систем безопасности в Георгиевске: видеонаблюдение, СКУД, пожарную сигнализацию, слаботочные сети, электромонтаж и сопутствующую документацию. На первом экране стоит сразу обозначить типы объектов в Георгиевске и какие работы можно рассчитать после осмотра или по исходным данным.;draft
chernogorsk;Черногорск;Республика Хакасия;Черногорске;Системы безопасности в Черногорске | Прометей01;Прометей01 выполняет видеонаблюдение, СКУД, слаботочные сети, электромонтаж, пожарную сигнализацию, огнезащиту, ПНР и исполнительную документацию в Черногорске.;Прометей01 выполняет монтаж, настройку и обслуживание систем безопасности в Черногорске: видеонаблюдение, СКУД, пожарную сигнализацию, слаботочные сети, электромонтаж и сопутствующую документацию. На первом экране стоит сразу обозначить типы объектов в Черногорске и какие работы можно рассчитать после осмотра или по исходным данным.;draft
minusinsk;Минусинск;Красноярский край;Минусинске;Системы безопасности в Минусинске | Прометей01;Прометей01 выполняет видеонаблюдение, СКУД, слаботочные сети, электромонтаж, пожарную сигнализацию, огнезащиту, ПНР и исполнительную документацию в Минусинске.;Прометей01 выполняет монтаж, настройку и обслуживание систем безопасности в Минусинске: видеонаблюдение, СКУД, пожарную сигнализацию, слаботочные сети, электромонтаж и сопутствующую документацию. На первом экране стоит сразу обозначить типы объектов в Минусинске и какие работы можно рассчитать после осмотра или по исходным данным.;draft
mihaylovsk;Михайловск;Ставропольский край;Михайловске;Системы безопасности в Михайловске | Прометей01;Прометей01 выполняет видеонаблюдение, СКУД, слаботочные сети, электромонтаж, пожарную сигнализацию, огнезащиту, ПНР и исполнительную документацию в Михайловске.;Прометей01 выполняет монтаж, настройку и обслуживание систем безопасности в Михайловске: видеонаблюдение, СКУД, пожарную сигнализацию, слаботочные сети, электромонтаж и сопутствующую документацию. На первом экране стоит сразу обозначить типы объектов в Михайловске и какие работы можно рассчитать после осмотра или по исходным данным.;draft
elabuga;Елабуга;Республика Татарстан;Елабуге;Системы безопасности в Елабуге | Прометей01;Прометей01 выполняет видеонаблюдение, СКУД, слаботочные сети, электромонтаж, пожарную сигнализацию, огнезащиту, ПНР и исполнительную документацию в Елабуге.;Прометей01 выполняет монтаж, настройку и обслуживание систем безопасности в Елабуге: видеонаблюдение, СКУД, пожарную сигнализацию, слаботочные сети, электромонтаж и сопутствующую документацию. На первом экране стоит сразу обозначить типы объектов в Елабуге и какие работы можно рассчитать после осмотра или по исходным данным.;draft
dubna;Дубна;Московская область;Дубне;Системы безопасности в Дубне | Прометей01;Прометей01 выполняет видеонаблюдение, СКУД, слаботочные сети, электромонтаж, пожарную сигнализацию, огнезащиту, ПНР и исполнительную документацию в Дубне.;Прометей01 выполняет монтаж, настройку и обслуживание систем безопасности в Дубне: видеонаблюдение, СКУД, пожарную сигнализацию, слаботочные сети, электромонтаж и сопутствующую документацию. На первом экране стоит сразу обозначить типы объектов в Дубне и какие работы можно рассчитать после осмотра или по исходным данным.;draft
vorkuta;Воркута;Республика Коми;Воркуте;Системы безопасности в Воркуте | Прометей01;Прометей01 выполняет видеонаблюдение, СКУД, слаботочные сети, электромонтаж, пожарную сигнализацию, огнезащиту, ПНР и исполнительную документацию в Воркуте.;Прометей01 выполняет монтаж, настройку и обслуживание систем безопасности в Воркуте: видеонаблюдение, СКУД, пожарную сигнализацию, слаботочные сети, электромонтаж и сопутствующую документацию. На первом экране стоит сразу обозначить типы объектов в Воркуте и какие работы можно рассчитать после осмотра или по исходным данным.;draft
egorevsk;Егорьевск;Московская область;Егорьевске;Системы безопасности в Егорьевске | Прометей01;Прометей01 выполняет видеонаблюдение, СКУД, слаботочные сети, электромонтаж, пожарную сигнализацию, огнезащиту, ПНР и исполнительную документацию в Егорьевске.;Прометей01 выполняет монтаж, настройку и обслуживание систем безопасности в Егорьевске: видеонаблюдение, СКУД, пожарную сигнализацию, слаботочные сети, электромонтаж и сопутствующую документацию. На первом экране стоит сразу обозначить типы объектов в Егорьевске и какие работы можно рассчитать после осмотра или по исходным данным.;draft
asbest;Асбест;Свердловская область;Асбесте;Системы безопасности в Асбесте | Прометей01;Прометей01 выполняет видеонаблюдение, СКУД, слаботочные сети, электромонтаж, пожарную сигнализацию, огнезащиту, ПНР и исполнительную документацию в Асбесте.;Прометей01 выполняет монтаж, настройку и обслуживание систем безопасности в Асбесте: видеонаблюдение, СКУД, пожарную сигнализацию, слаботочные сети, электромонтаж и сопутствующую документацию. На первом экране стоит сразу обозначить типы объектов в Асбесте и какие работы можно рассчитать после осмотра или по исходным данным.;draft
ishim;Ишим;Тюменская область;Ишиме;Системы безопасности в Ишиме | Прометей01;Прометей01 выполняет видеонаблюдение, СКУД, слаботочные сети, электромонтаж, пожарную сигнализацию, огнезащиту, ПНР и исполнительную документацию в Ишиме.;Прометей01 выполняет монтаж, настройку и обслуживание систем безопасности в Ишиме: видеонаблюдение, СКУД, пожарную сигнализацию, слаботочные сети, электромонтаж и сопутствующую документацию. На первом экране стоит сразу обозначить типы объектов в Ишиме и какие работы можно рассчитать после осмотра или по исходным данным.;draft
feodosiya;Феодосия;Республика Крым;Феодосии;Системы безопасности в Феодосии | Прометей01;Прометей01 выполняет видеонаблюдение, СКУД, слаботочные сети, электромонтаж, пожарную сигнализацию, огнезащиту, ПНР и исполнительную документацию в Феодосии.;Прометей01 выполняет монтаж, настройку и обслуживание систем безопасности в Феодосии: видеонаблюдение, СКУД, пожарную сигнализацию, слаботочные сети, электромонтаж и сопутствующую документацию. На первом экране стоит сразу обозначить типы объектов в Феодосии и какие работы можно рассчитать после осмотра или по исходным данным.;draft
beloreck;Белорецк;Республика Башкортостан;Белорецке;Системы безопасности в Белорецке | Прометей01;Прометей01 выполняет видеонаблюдение, СКУД, слаботочные сети, электромонтаж, пожарную сигнализацию, огнезащиту, ПНР и исполнительную документацию в Белорецке.;Прометей01 выполняет монтаж, настройку и обслуживание систем безопасности в Белорецке: видеонаблюдение, СКУД, пожарную сигнализацию, слаботочные сети, электромонтаж и сопутствующую документацию. На первом экране стоит сразу обозначить типы объектов в Белорецке и какие работы можно рассчитать после осмотра или по исходным данным.;draft
belogorsk;Белогорск;Амурская область;Белогорске;Системы безопасности в Белогорске | Прометей01;Прометей01 выполняет видеонаблюдение, СКУД, слаботочные сети, электромонтаж, пожарную сигнализацию, огнезащиту, ПНР и исполнительную документацию в Белогорске.;Прометей01 выполняет монтаж, настройку и обслуживание систем безопасности в Белогорске: видеонаблюдение, СКУД, пожарную сигнализацию, слаботочные сети, электромонтаж и сопутствующую документацию. На первом экране стоит сразу обозначить типы объектов в Белогорске и какие работы можно рассчитать после осмотра или по исходным данным.;draft
kungur;Кунгур;Пермский край;Кунгуре;Системы безопасности в Кунгуре | Прометей01;Прометей01 выполняет видеонаблюдение, СКУД, слаботочные сети, электромонтаж, пожарную сигнализацию, огнезащиту, ПНР и исполнительную документацию в Кунгуре.;Прометей01 выполняет монтаж, настройку и обслуживание систем безопасности в Кунгуре: видеонаблюдение, СКУД, пожарную сигнализацию, слаботочные сети, электромонтаж и сопутствующую документацию. На первом экране стоит сразу обозначить типы объектов в Кунгуре и какие работы можно рассчитать после осмотра или по исходным данным.;draft
lysva;Лысьва;Пермский край;Лысьве;Системы безопасности в Лысьве | Прометей01;Прометей01 выполняет видеонаблюдение, СКУД, слаботочные сети, электромонтаж, пожарную сигнализацию, огнезащиту, ПНР и исполнительную документацию в Лысьве.;Прометей01 выполняет монтаж, настройку и обслуживание систем безопасности в Лысьве: видеонаблюдение, СКУД, пожарную сигнализацию, слаботочные сети, электромонтаж и сопутствующую документацию. На первом экране стоит сразу обозначить типы объектов в Лысьве и какие работы можно рассчитать после осмотра или по исходным данным.;draft
gukovo;Гуково;Ростовская область;Гуково;Системы безопасности в Гуково | Прометей01;Прометей01 выполняет видеонаблюдение, СКУД, слаботочные сети, электромонтаж, пожарную сигнализацию, огнезащиту, ПНР и исполнительную документацию в Гуково.;Прометей01 выполняет монтаж, настройку и обслуживание систем безопасности в Гуково: видеонаблюдение, СКУД, пожарную сигнализацию, слаботочные сети, электромонтаж и сопутствующую документацию. На первом экране стоит сразу обозначить типы объектов в Гуково и какие работы можно рассчитать после осмотра или по исходным данным.;draft
stupino;Ступино;Московская область;Ступино;Системы безопасности в Ступино | Прометей01;Прометей01 выполняет видеонаблюдение, СКУД, слаботочные сети, электромонтаж, пожарную сигнализацию, огнезащиту, ПНР и исполнительную документацию в Ступино.;Прометей01 выполняет монтаж, настройку и обслуживание систем безопасности в Ступино: видеонаблюдение, СКУД, пожарную сигнализацию, слаботочные сети, электромонтаж и сопутствующую документацию. На первом экране стоит сразу обозначить типы объектов в Ступино и какие работы можно рассчитать после осмотра или по исходным данным.;draft
tuymazy;Туймазы;Республика Башкортостан;Туймазах;Системы безопасности в Туймазах | Прометей01;Прометей01 выполняет видеонаблюдение, СКУД, слаботочные сети, электромонтаж, пожарную сигнализацию, огнезащиту, ПНР и исполнительную документацию в Туймазах.;Прометей01 выполняет монтаж, настройку и обслуживание систем безопасности в Туймазах: видеонаблюдение, СКУД, пожарную сигнализацию, слаботочные сети, электромонтаж и сопутствующую документацию. На первом экране стоит сразу обозначить типы объектов в Туймазах и какие работы можно рассчитать после осмотра или по исходным данным.;draft
kstovo;Кстово;Нижегородская область;Кстово;Системы безопасности в Кстово | Прометей01;Прометей01 выполняет видеонаблюдение, СКУД, слаботочные сети, электромонтаж, пожарную сигнализацию, огнезащиту, ПНР и исполнительную документацию в Кстово.;Прометей01 выполняет монтаж, настройку и обслуживание систем безопасности в Кстово: видеонаблюдение, СКУД, пожарную сигнализацию, слаботочные сети, электромонтаж и сопутствующую документацию. На первом экране стоит сразу обозначить типы объектов в Кстово и какие работы можно рассчитать после осмотра или по исходным данным.;draft
volsk;Вольск;Саратовская область;Вольске;Системы безопасности в Вольске | Прометей01;Прометей01 выполняет видеонаблюдение, СКУД, слаботочные сети, электромонтаж, пожарную сигнализацию, огнезащиту, ПНР и исполнительную документацию в Вольске.;"Прометей01 выполняет монтаж, настройку и обслуживание систем безопасности в Вольске: видеонаблюдение, СКУД, пожарную сигнализацию, слаботочные сети, электромонтаж и сопутствующую документацию. Формат работ зависит от объекта; предварительный расчет возможен после уточнения задачи.";draft
ishimbay;Ишимбай;Республика Башкортостан;Ишимбае;Системы безопасности в Ишимбае | Прометей01;Прометей01 выполняет видеонаблюдение, СКУД, слаботочные сети, электромонтаж, пожарную сигнализацию, огнезащиту, ПНР и исполнительную документацию в Ишимбае.;"Прометей01 выполняет монтаж, настройку и обслуживание систем безопасности в Ишимбае: видеонаблюдение, СКУД, пожарную сигнализацию, слаботочные сети, электромонтаж и сопутствующую документацию. Формат работ зависит от объекта; предварительный расчет возможен после уточнения задачи.";draft
zelenogorsk;Зеленогорск;Красноярский край;Зеленогорске;Системы безопасности в Зеленогорске | Прометей01;Прометей01 выполняет видеонаблюдение, СКУД, слаботочные сети, электромонтаж, пожарную сигнализацию, огнезащиту, ПНР и исполнительную документацию в Зеленогорске.;"Прометей01 выполняет монтаж, настройку и обслуживание систем безопасности в Зеленогорске: видеонаблюдение, СКУД, пожарную сигнализацию, слаботочные сети, электромонтаж и сопутствующую документацию. Формат работ зависит от объекта; предварительный расчет возможен после уточнения задачи.";draft
sosnovyy-bor;Сосновый Бор;Ленинградская область;Сосновом Бору;Системы безопасности в Сосновом Бору | Прометей01;Прометей01 выполняет видеонаблюдение, СКУД, слаботочные сети, электромонтаж, пожарную сигнализацию, огнезащиту, ПНР и исполнительную документацию в Сосновом Бору.;"Прометей01 выполняет монтаж, настройку и обслуживание систем безопасности в Сосновом Бору: видеонаблюдение, СКУД, пожарную сигнализацию, слаботочные сети, электромонтаж и сопутствующую документацию. Формат работ зависит от объекта; предварительный расчет возможен после уточнения задачи.";draft
buynaksk;Буйнакск;Республика Дагестан;Буйнакске;Системы безопасности в Буйнакске | Прометей01;Прометей01 выполняет видеонаблюдение, СКУД, слаботочные сети, электромонтаж, пожарную сигнализацию, огнезащиту, ПНР и исполнительную документацию в Буйнакске.;"Прометей01 выполняет монтаж, настройку и обслуживание систем безопасности в Буйнакске: видеонаблюдение, СКУД, пожарную сигнализацию, слаботочные сети, электромонтаж и сопутствующую документацию. Формат работ зависит от объекта; предварительный расчет возможен после уточнения задачи.";draft
borisoglebsk;Борисоглебск;Воронежская область;Борисоглебске;Системы безопасности в Борисоглебске | Прометей01;Прометей01 выполняет видеонаблюдение, СКУД, слаботочные сети, электромонтаж, пожарную сигнализацию, огнезащиту, ПНР и исполнительную документацию в Борисоглебске.;"Прометей01 выполняет монтаж, настройку и обслуживание систем безопасности в Борисоглебске: видеонаблюдение, СКУД, пожарную сигнализацию, слаботочные сети, электромонтаж и сопутствующую документацию. Формат работ зависит от объекта; предварительный расчет возможен после уточнения задачи.";draft
naro-fominsk;Наро-Фоминск;Московская область;Наро-Фоминске;Системы безопасности в Наро-Фоминске | Прометей01;Прометей01 выполняет видеонаблюдение, СКУД, слаботочные сети, электромонтаж, пожарную сигнализацию, огнезащиту, ПНР и исполнительную документацию в Наро-Фоминске.;"Прометей01 выполняет монтаж, настройку и обслуживание систем безопасности в Наро-Фоминске: видеонаблюдение, СКУД, пожарную сигнализацию, слаботочные сети, электромонтаж и сопутствующую документацию. Формат работ зависит от объекта; предварительный расчет возможен после уточнения задачи.";draft
budennovsk;Будённовск;Ставропольский край;Будённовске;Системы безопасности в Будённовске | Прометей01;Прометей01 выполняет видеонаблюдение, СКУД, слаботочные сети, электромонтаж, пожарную сигнализацию, огнезащиту, ПНР и исполнительную документацию в Будённовске.;"Прометей01 выполняет монтаж, настройку и обслуживание систем безопасности в Будённовске: видеонаблюдение, СКУД, пожарную сигнализацию, слаботочные сети, электромонтаж и сопутствующую документацию. Формат работ зависит от объекта; предварительный расчет возможен после уточнения задачи.";draft
donskoy;Донской;Тульская область;Донском;Системы безопасности в Донском | Прометей01;Прометей01 выполняет видеонаблюдение, СКУД, слаботочные сети, электромонтаж, пожарную сигнализацию, огнезащиту, ПНР и исполнительную документацию в Донском.;"Прометей01 выполняет монтаж, настройку и обслуживание систем безопасности в Донском: видеонаблюдение, СКУД, пожарную сигнализацию, слаботочные сети, электромонтаж и сопутствующую документацию. Формат работ зависит от объекта; предварительный расчет возможен после уточнения задачи.";draft
sunzha;Сунжа;Республика Ингушетия;Сунже;Системы безопасности в Сунже | Прометей01;Прометей01 выполняет видеонаблюдение, СКУД, слаботочные сети, электромонтаж, пожарную сигнализацию, огнезащиту, ПНР и исполнительную документацию в Сунже.;"Прометей01 выполняет монтаж, настройку и обслуживание систем безопасности в Сунже: видеонаблюдение, СКУД, пожарную сигнализацию, слаботочные сети, электромонтаж и сопутствующую документацию. Формат работ зависит от объекта; предварительный расчет возможен после уточнения задачи.";draft
polevskoy;Полевской;Свердловская область;Полевском;Системы безопасности в Полевском | Прометей01;Прометей01 выполняет видеонаблюдение, СКУД, слаботочные сети, электромонтаж, пожарную сигнализацию, огнезащиту, ПНР и исполнительную документацию в Полевском.;"Прометей01 выполняет монтаж, настройку и обслуживание систем безопасности в Полевском: видеонаблюдение, СКУД, пожарную сигнализацию, слаботочные сети, электромонтаж и сопутствующую документацию. Формат работ зависит от объекта; предварительный расчет возможен после уточнения задачи.";draft
leninogorsk;Лениногорск;Республика Татарстан;Лениногорске;Системы безопасности в Лениногорске | Прометей01;Прометей01 выполняет видеонаблюдение, СКУД, слаботочные сети, электромонтаж, пожарную сигнализацию, огнезащиту, ПНР и исполнительную документацию в Лениногорске.;"Прометей01 выполняет монтаж, настройку и обслуживание систем безопасности в Лениногорске: видеонаблюдение, СКУД, пожарную сигнализацию, слаботочные сети, электромонтаж и сопутствующую документацию. Формат работ зависит от объекта; предварительный расчет возможен после уточнения задачи.";draft
pavlovskiy-posad;Павловский Посад;Московская область;Павловском Посаде;Системы безопасности в Павловском Посаде | Прометей01;Прометей01 выполняет видеонаблюдение, СКУД, слаботочные сети, электромонтаж, пожарную сигнализацию, огнезащиту, ПНР и исполнительную документацию в Павловском Посаде.;"Прометей01 выполняет монтаж, настройку и обслуживание систем безопасности в Павловском Посаде: видеонаблюдение, СКУД, пожарную сигнализацию, слаботочные сети, электромонтаж и сопутствующую документацию. Формат работ зависит от объекта; предварительный расчет возможен после уточнения задачи.";draft
slavyansk-na-kubani;Славянск-на-Кубани;Краснодарский край;Славянске-на-Кубани;Системы безопасности в Славянске-на-Кубани | Прометей01;Прометей01 выполняет видеонаблюдение, СКУД, слаботочные сети, электромонтаж, пожарную сигнализацию, огнезащиту, ПНР и исполнительную документацию в Славянске-на-Кубани.;"Прометей01 выполняет монтаж, настройку и обслуживание систем безопасности в Славянске-на-Кубани: видеонаблюдение, СКУД, пожарную сигнализацию, слаботочные сети, электромонтаж и сопутствующую документацию. Формат работ зависит от объекта; предварительный расчет возможен после уточнения задачи.";draft
zarechnyy;Заречный;Пензенская область;Заречном;Системы безопасности в Заречном | Прометей01;Прометей01 выполняет видеонаблюдение, СКУД, слаботочные сети, электромонтаж, пожарную сигнализацию, огнезащиту, ПНР и исполнительную документацию в Заречном.;"Прометей01 выполняет монтаж, настройку и обслуживание систем безопасности в Заречном: видеонаблюдение, СКУД, пожарную сигнализацию, слаботочные сети, электромонтаж и сопутствующую документацию. Формат работ зависит от объекта; предварительный расчет возможен после уточнения задачи.";draft
tuapse;Туапсе;Краснодарский край;Туапсе;Системы безопасности в Туапсе | Прометей01;Прометей01 выполняет видеонаблюдение, СКУД, слаботочные сети, электромонтаж, пожарную сигнализацию, огнезащиту, ПНР и исполнительную документацию в Туапсе.;"Прометей01 выполняет монтаж, настройку и обслуживание систем безопасности в Туапсе: видеонаблюдение, СКУД, пожарную сигнализацию, слаботочные сети, электромонтаж и сопутствующую документацию. Формат работ зависит от объекта; предварительный расчет возможен после уточнения задачи.";draft
rossosh;Россошь;Воронежская область;Россоши;Системы безопасности в Россоши | Прометей01;Прометей01 выполняет видеонаблюдение, СКУД, слаботочные сети, электромонтаж, пожарную сигнализацию, огнезащиту, ПНР и исполнительную документацию в Россоши.;"Прометей01 выполняет монтаж, настройку и обслуживание систем безопасности в Россоши: видеонаблюдение, СКУД, пожарную сигнализацию, слаботочные сети, электромонтаж и сопутствующую документацию. Формат работ зависит от объекта; предварительный расчет возможен после уточнения задачи.";draft
gorno-altaysk;Горно-Алтайск;Республика Алтай;Горно-Алтайске;Системы безопасности в Горно-Алтайске | Прометей01;Прометей01 выполняет видеонаблюдение, СКУД, слаботочные сети, электромонтаж, пожарную сигнализацию, огнезащиту, ПНР и исполнительную документацию в Горно-Алтайске.;"Прометей01 выполняет монтаж, настройку и обслуживание систем безопасности в Горно-Алтайске: видеонаблюдение, СКУД, пожарную сигнализацию, слаботочные сети, электромонтаж и сопутствующую документацию. Формат работ зависит от объекта; предварительный расчет возможен после уточнения задачи.";draft
kumertau;Кумертау;Республика Башкортостан;Кумертау;Системы безопасности в Кумертау | Прометей01;Прометей01 выполняет видеонаблюдение, СКУД, слаботочные сети, электромонтаж, пожарную сигнализацию, огнезащиту, ПНР и исполнительную документацию в Кумертау.;"Прометей01 выполняет монтаж, настройку и обслуживание систем безопасности в Кумертау: видеонаблюдение, СКУД, пожарную сигнализацию, слаботочные сети, электромонтаж и сопутствующую документацию. Формат работ зависит от объекта; предварительный расчет возможен после уточнения задачи.";draft
labinsk;Лабинск;Краснодарский край;Лабинске;Системы безопасности в Лабинске | Прометей01;Прометей01 выполняет видеонаблюдение, СКУД, слаботочные сети, электромонтаж, пожарную сигнализацию, огнезащиту, ПНР и исполнительную документацию в Лабинске.;"Прометей01 выполняет монтаж, настройку и обслуживание систем безопасности в Лабинске: видеонаблюдение, СКУД, пожарную сигнализацию, слаботочные сети, электромонтаж и сопутствующую документацию. Формат работ зависит от объекта; предварительный расчет возможен после уточнения задачи.";draft
sibay;Сибай;Республика Башкортостан;Сибае;Системы безопасности в Сибае | Прометей01;Прометей01 выполняет видеонаблюдение, СКУД, слаботочные сети, электромонтаж, пожарную сигнализацию, огнезащиту, ПНР и исполнительную документацию в Сибае.;"Прометей01 выполняет монтаж, настройку и обслуживание систем безопасности в Сибае: видеонаблюдение, СКУД, пожарную сигнализацию, слаботочные сети, электромонтаж и сопутствующую документацию. Формат работ зависит от объекта; предварительный расчет возможен после уточнения задачи.";draft
klincy;Клинцы;Брянская область;Клинцах;Системы безопасности в Клинцах | Прометей01;Прометей01 выполняет видеонаблюдение, СКУД, слаботочные сети, электромонтаж, пожарную сигнализацию, огнезащиту, ПНР и исполнительную документацию в Клинцах.;"Прометей01 выполняет монтаж, настройку и обслуживание систем безопасности в Клинцах: видеонаблюдение, СКУД, пожарную сигнализацию, слаботочные сети, электромонтаж и сопутствующую документацию. Формат работ зависит от объекта; предварительный расчет возможен после уточнения задачи.";draft
rzhev;Ржев;Тверская область;Ржеве;Системы безопасности в Ржеве | Прометей01;Прометей01 выполняет видеонаблюдение, СКУД, слаботочные сети, электромонтаж, пожарную сигнализацию, огнезащиту, ПНР и исполнительную документацию в Ржеве.;"Прометей01 выполняет монтаж, настройку и обслуживание систем безопасности в Ржеве: видеонаблюдение, СКУД, пожарную сигнализацию, слаботочные сети, электромонтаж и сопутствующую документацию. Формат работ зависит от объекта; предварительный расчет возможен после уточнения задачи.";draft
tihoreck;Тихорецк;Краснодарский край;Тихорецке;Системы безопасности в Тихорецке | Прометей01;Прометей01 выполняет видеонаблюдение, СКУД, слаботочные сети, электромонтаж, пожарную сигнализацию, огнезащиту, ПНР и исполнительную документацию в Тихорецке.;"Прометей01 выполняет монтаж, настройку и обслуживание систем безопасности в Тихорецке: видеонаблюдение, СКУД, пожарную сигнализацию, слаботочные сети, электромонтаж и сопутствующую документацию. Формат работ зависит от объекта; предварительный расчет возможен после уточнения задачи.";draft
neryungri;Нерюнгри;Республика Саха (Якутия);Нерюнгри;Системы безопасности в Нерюнгри | Прометей01;Прометей01 выполняет видеонаблюдение, СКУД, слаботочные сети, электромонтаж, пожарную сигнализацию, огнезащиту, ПНР и исполнительную документацию в Нерюнгри.;"Прометей01 выполняет монтаж, настройку и обслуживание систем безопасности в Нерюнгри: видеонаблюдение, СКУД, пожарную сигнализацию, слаботочные сети, электромонтаж и сопутствующую документацию. Формат работ зависит от объекта; предварительный расчет возможен после уточнения задачи.";draft
aleksin;Алексин;Тульская область;Алексине;Системы безопасности в Алексине | Прометей01;Прометей01 выполняет видеонаблюдение, СКУД, слаботочные сети, электромонтаж, пожарную сигнализацию, огнезащиту, ПНР и исполнительную документацию в Алексине.;"Прометей01 выполняет монтаж, настройку и обслуживание систем безопасности в Алексине: видеонаблюдение, СКУД, пожарную сигнализацию, слаботочные сети, электромонтаж и сопутствующую документацию. Формат работ зависит от объекта; предварительный расчет возможен после уточнения задачи.";draft
revda;Ревда;Свердловская область;Ревде;Системы безопасности в Ревде | Прометей01;Прометей01 выполняет видеонаблюдение, СКУД, слаботочные сети, электромонтаж, пожарную сигнализацию, огнезащиту, ПНР и исполнительную документацию в Ревде.;"Прометей01 выполняет монтаж, настройку и обслуживание систем безопасности в Ревде: видеонаблюдение, СКУД, пожарную сигнализацию, слаботочные сети, электромонтаж и сопутствующую документацию. Формат работ зависит от объекта; предварительный расчет возможен после уточнения задачи.";draft
aleksandrov;Александров;Владимирская область;Александрове;Системы безопасности в Александрове | Прометей01;Прометей01 выполняет видеонаблюдение, СКУД, слаботочные сети, электромонтаж, пожарную сигнализацию, огнезащиту, ПНР и исполнительную документацию в Александрове.;"Прометей01 выполняет монтаж, настройку и обслуживание систем безопасности в Александрове: видеонаблюдение, СКУД, пожарную сигнализацию, слаботочные сети, электромонтаж и сопутствующую документацию. Формат работ зависит от объекта; предварительный расчет возможен после уточнения задачи.";draft
dmitrov;Дмитров;Московская область;Дмитрове;Системы безопасности в Дмитрове | Прометей01;Прометей01 выполняет видеонаблюдение, СКУД, слаботочные сети, электромонтаж, пожарную сигнализацию, огнезащиту, ПНР и исполнительную документацию в Дмитрове.;"Прометей01 выполняет монтаж, настройку и обслуживание систем безопасности в Дмитрове: видеонаблюдение, СКУД, пожарную сигнализацию, слаботочные сети, электромонтаж и сопутствующую документацию. Формат работ зависит от объекта; предварительный расчет возможен после уточнения задачи.";draft
meleuz;Мелеуз;Республика Башкортостан;Мелеузе;Системы безопасности в Мелеузе | Прометей01;Прометей01 выполняет видеонаблюдение, СКУД, слаботочные сети, электромонтаж, пожарную сигнализацию, огнезащиту, ПНР и исполнительную документацию в Мелеузе.;"Прометей01 выполняет монтаж, настройку и обслуживание систем безопасности в Мелеузе: видеонаблюдение, СКУД, пожарную сигнализацию, слаботочные сети, электромонтаж и сопутствующую документацию. Формат работ зависит от объекта; предварительный расчет возможен после уточнения задачи.";draft
salsk;Сальск;Ростовская область;Сальске;Системы безопасности в Сальске | Прометей01;Прометей01 выполняет видеонаблюдение, СКУД, слаботочные сети, электромонтаж, пожарную сигнализацию, огнезащиту, ПНР и документацию в Сальске.;"Прометей01 выполняет монтаж, настройку и обслуживание систем безопасности в Сальске: видеонаблюдение, СКУД, пожарную сигнализацию, слаботочные сети, электромонтаж и сопутствующую документацию. Формат работ зависит от объекта; предварительный расчет возможен после уточнения задачи.";draft
lesosibirsk;Лесосибирск;Красноярский край;Лесосибирске;Системы безопасности в Лесосибирске | Прометей01;Прометей01 выполняет видеонаблюдение, СКУД, слаботочные сети, электромонтаж, пожарную сигнализацию, огнезащиту, ПНР и документацию в Лесосибирске.;"Прометей01 выполняет монтаж, настройку и обслуживание систем безопасности в Лесосибирске: видеонаблюдение, СКУД, пожарную сигнализацию, слаботочные сети, электромонтаж и сопутствующую документацию. Формат работ зависит от объекта; предварительный расчет возможен после уточнения задачи.";draft
gus-hrustalnyy;Гусь-Хрустальный;Владимирская область;Гусь-Хрустальном;Системы безопасности в Гусь-Хрустальном | Прометей01;Прометей01 выполняет видеонаблюдение, СКУД, слаботочные сети, электромонтаж, пожарную сигнализацию, огнезащиту, ПНР и документацию в Гусь-Хрустальном.;"Прометей01 выполняет монтаж, настройку и обслуживание систем безопасности в Гусь-Хрустальном: видеонаблюдение, СКУД, пожарную сигнализацию, слаботочные сети, электромонтаж и сопутствующую документацию. Формат работ зависит от объекта; предварительный расчет возможен после уточнения задачи.";draft
chistopol;Чистополь;Республика Татарстан;Чистополе;Системы безопасности в Чистополе | Прометей01;Прометей01 выполняет видеонаблюдение, СКУД, слаботочные сети, электромонтаж, пожарную сигнализацию, огнезащиту, ПНР и документацию в Чистополе.;"Прометей01 выполняет монтаж, настройку и обслуживание систем безопасности в Чистополе: видеонаблюдение, СКУД, пожарную сигнализацию, слаботочные сети, электромонтаж и сопутствующую документацию. Формат работ зависит от объекта; предварительный расчет возможен после уточнения задачи.";draft
pavlovo;Павлово;Нижегородская область;Павлове;Системы безопасности в Павлове | Прометей01;Прометей01 выполняет видеонаблюдение, СКУД, слаботочные сети, электромонтаж, пожарную сигнализацию, огнезащиту, ПНР и документацию в Павлове.;"Прометей01 выполняет монтаж, настройку и обслуживание систем безопасности в Павлове: видеонаблюдение, СКУД, пожарную сигнализацию, слаботочные сети, электромонтаж и сопутствующую документацию. Формат работ зависит от объекта; предварительный расчет возможен после уточнения задачи.";draft
chehov;Чехов;Московская область;Чехове;Системы безопасности в Чехове | Прометей01;Прометей01 выполняет видеонаблюдение, СКУД, слаботочные сети, электромонтаж, пожарную сигнализацию, огнезащиту, ПНР и документацию в Чехове.;"Прометей01 выполняет монтаж, настройку и обслуживание систем безопасности в Чехове: видеонаблюдение, СКУД, пожарную сигнализацию, слаботочные сети, электромонтаж и сопутствующую документацию. Формат работ зависит от объекта; предварительный расчет возможен после уточнения задачи.";draft
kotlas;Котлас;Архангельская область;Котласе;Системы безопасности в Котласе | Прометей01;Прометей01 выполняет видеонаблюдение, СКУД, слаботочные сети, электромонтаж, пожарную сигнализацию, огнезащиту, ПНР и документацию в Котласе.;"Прометей01 выполняет монтаж, настройку и обслуживание систем безопасности в Котласе: видеонаблюдение, СКУД, пожарную сигнализацию, слаботочные сети, электромонтаж и сопутствующую документацию. Формат работ зависит от объекта; предварительный расчет возможен после уточнения задачи.";draft
belebey;Белебей;Республика Башкортостан;Белебее;Системы безопасности в Белебее | Прометей01;Прометей01 выполняет видеонаблюдение, СКУД, слаботочные сети, электромонтаж, пожарную сигнализацию, огнезащиту, ПНР и документацию в Белебее.;"Прометей01 выполняет монтаж, настройку и обслуживание систем безопасности в Белебее: видеонаблюдение, СКУД, пожарную сигнализацию, слаботочные сети, электромонтаж и сопутствующую документацию. Формат работ зависит от объекта; предварительный расчет возможен после уточнения задачи.";draft
iskitim;Искитим;Новосибирская область;Искитиме;Системы безопасности в Искитиме | Прометей01;Прометей01 выполняет видеонаблюдение, СКУД, слаботочные сети, электромонтаж, пожарную сигнализацию, огнезащиту, ПНР и документацию в Искитиме.;"Прометей01 выполняет монтаж, настройку и обслуживание систем безопасности в Искитиме: видеонаблюдение, СКУД, пожарную сигнализацию, слаботочные сети, электромонтаж и сопутствующую документацию. Формат работ зависит от объекта; предварительный расчет возможен после уточнения задачи.";draft
krasnoturinsk;Краснотурьинск;Свердловская область;Краснотурьинске;Системы безопасности в Краснотурьинске | Прометей01;Прометей01 выполняет видеонаблюдение, СКУД, слаботочные сети, электромонтаж, пожарную сигнализацию, огнезащиту, ПНР и документацию в Краснотурьинске.;"Прометей01 выполняет монтаж, настройку и обслуживание систем безопасности в Краснотурьинске: видеонаблюдение, СКУД, пожарную сигнализацию, слаботочные сети, электромонтаж и сопутствующую документацию. Формат работ зависит от объекта; предварительный расчет возможен после уточнения задачи.";draft
apatity;Апатиты;Мурманская область;Апатитах;Системы безопасности в Апатитах | Прометей01;Прометей01 выполняет видеонаблюдение, СКУД, слаботочные сети, электромонтаж, пожарную сигнализацию, огнезащиту, ПНР и документацию в Апатитах.;"Прометей01 выполняет монтаж, настройку и обслуживание систем безопасности в Апатитах: видеонаблюдение, СКУД, пожарную сигнализацию, слаботочные сети, электромонтаж и сопутствующую документацию. Формат работ зависит от объекта; предварительный расчет возможен после уточнения задачи.";draft
vsevolozhsk;Всеволожск;Ленинградская область;Всеволожске;Системы безопасности в Всеволожске | Прометей01;Прометей01 выполняет видеонаблюдение, СКУД, слаботочные сети, электромонтаж, пожарную сигнализацию, огнезащиту, ПНР и документацию в Всеволожске.;"Прометей01 выполняет монтаж, настройку и обслуживание систем безопасности в Всеволожске: видеонаблюдение, СКУД, пожарную сигнализацию, слаботочные сети, электромонтаж и сопутствующую документацию. Формат работ зависит от объекта; предварительный расчет возможен после уточнения задачи.";draft
prohladnyy;Прохладный;Кабардино-Балкарская Республика;Прохладном;Системы безопасности в Прохладном | Прометей01;Прометей01 выполняет видеонаблюдение, СКУД, слаботочные сети, электромонтаж, пожарную сигнализацию, огнезащиту, ПНР и документацию в Прохладном.;"Прометей01 выполняет монтаж, настройку и обслуживание систем безопасности в Прохладном: видеонаблюдение, СКУД, пожарную сигнализацию, слаботочные сети, электромонтаж и сопутствующую документацию. Формат работ зависит от объекта; предварительный расчет возможен после уточнения задачи.";draft
mihaylovka;Михайловка;Волгоградская область;Михайловке;Системы безопасности в Михайловке | Прометей01;Прометей01 выполняет видеонаблюдение, СКУД, слаботочные сети, электромонтаж, пожарную сигнализацию, огнезащиту, ПНР и документацию в Михайловке.;"Прометей01 выполняет монтаж, настройку и обслуживание систем безопасности в Михайловке: видеонаблюдение, СКУД, пожарную сигнализацию, слаботочные сети, электромонтаж и сопутствующую документацию. Формат работ зависит от объекта; предварительный расчет возможен после уточнения задачи.";draft
anapa;Анапа;Краснодарский край;Анапе;Системы безопасности в Анапе | Прометей01;Прометей01 выполняет видеонаблюдение, СКУД, слаботочные сети, электромонтаж, пожарную сигнализацию, огнезащиту, ПНР и документацию в Анапе для объектов разных типов.;"Прометей01 выполняет монтаж, настройку и обслуживание систем безопасности в Анапе: видеонаблюдение, СКУД, пожарную сигнализацию, слаботочные сети, электромонтаж и сопутствующую документацию. Формат работ зависит от объекта; предварительный расчет возможен после уточнения задачи.";draft
tihvin;Тихвин;Ленинградская область;Тихвине;Системы безопасности в Тихвине | Прометей01;Прометей01 выполняет видеонаблюдение, СКУД, слаботочные сети, электромонтаж, пожарную сигнализацию, огнезащиту, ПНР и документацию в Тихвине.;"Прометей01 выполняет монтаж, настройку и обслуживание систем безопасности в Тихвине: видеонаблюдение, СКУД, пожарную сигнализацию, слаботочные сети, электромонтаж и сопутствующую документацию. Формат работ зависит от объекта; предварительный расчет возможен после уточнения задачи.";draft
verhnyaya-pyshma;Верхняя Пышма;Свердловская область;Верхней Пышме;Системы безопасности в Верхней Пышме | Прометей01;Прометей01 выполняет видеонаблюдение, СКУД, слаботочные сети, электромонтаж, пожарную сигнализацию, огнезащиту, ПНР и документацию в Верхней Пышме.;"Прометей01 выполняет монтаж, настройку и обслуживание систем безопасности в Верхней Пышме: видеонаблюдение, СКУД, пожарную сигнализацию, слаботочные сети, электромонтаж и сопутствующую документацию. Формат работ зависит от объекта; предварительный расчет возможен после уточнения задачи.";draft
ivanteevka;Ивантеевка;Московская область;Ивантеевке;Системы безопасности в Ивантеевке | Прометей01;Прометей01 выполняет видеонаблюдение, СКУД, слаботочные сети, электромонтаж, пожарную сигнализацию, огнезащиту, ПНР и документацию в Ивантеевке.;"Прометей01 выполняет монтаж, настройку и обслуживание систем безопасности в Ивантеевке: видеонаблюдение, СКУД, пожарную сигнализацию, слаботочные сети, электромонтаж и сопутствующую документацию. Формат работ зависит от объекта; предварительный расчет возможен после уточнения задачи.";draft
svobodnyy;Свободный;Амурская область;Свободном;Системы безопасности в Свободном | Прометей01;Прометей01 выполняет видеонаблюдение, СКУД, слаботочные сети, электромонтаж, пожарную сигнализацию, огнезащиту, ПНР и документацию в Свободном.;"Прометей01 выполняет монтаж, настройку и обслуживание систем безопасности в Свободном: видеонаблюдение, СКУД, пожарную сигнализацию, слаботочные сети, электромонтаж и сопутствующую документацию. Формат работ зависит от объекта; предварительный расчет возможен после уточнения задачи.";draft
shuya;Шуя;Ивановская область;Шуе;Системы безопасности в Шуе | Прометей01;Прометей01 выполняет видеонаблюдение, СКУД, слаботочные сети, электромонтаж, пожарную сигнализацию, огнезащиту, ПНР и документацию в Шуе для объектов разных типов.;"Прометей01 выполняет монтаж, настройку и обслуживание систем безопасности в Шуе: видеонаблюдение, СКУД, пожарную сигнализацию, слаботочные сети, электромонтаж и сопутствующую документацию. Формат работ зависит от объекта; предварительный расчет возможен после уточнения задачи.";draft
kogalym;Когалым;Ханты-Мансийский автономный округ — Югра;Когалыме;Системы безопасности в Когалыме | Прометей01;Прометей01 выполняет видеонаблюдение, СКУД, слаботочные сети, электромонтаж, пожарную сигнализацию, огнезащиту, ПНР и документацию в Когалыме.;"Прометей01 выполняет монтаж, настройку и обслуживание систем безопасности в Когалыме: видеонаблюдение, СКУД, пожарную сигнализацию, слаботочные сети, электромонтаж и сопутствующую документацию. Формат работ зависит от объекта; предварительный расчет возможен после уточнения задачи.";draft
schekino;Щёкино;Тульская область;Щёкине;Системы безопасности в Щёкине | Прометей01;Прометей01 выполняет видеонаблюдение, СКУД, слаботочные сети, электромонтаж, пожарную сигнализацию, огнезащиту, ПНР и документацию в Щёкине.;"Прометей01 выполняет монтаж, настройку и обслуживание систем безопасности в Щёкине: видеонаблюдение, СКУД, пожарную сигнализацию, слаботочные сети, электромонтаж и сопутствующую документацию. Формат работ зависит от объекта; предварительный расчет возможен после уточнения задачи.";draft
zhigulevsk;Жигулёвск;Самарская область;Жигулёвске;Системы безопасности в Жигулёвске | Прометей01;Прометей01 выполняет видеонаблюдение, СКУД, слаботочные сети, электромонтаж, пожарную сигнализацию, огнезащиту, ПНР и документацию в Жигулёвске.;"Прометей01 выполняет монтаж, настройку и обслуживание систем безопасности в Жигулёвске: видеонаблюдение, СКУД, пожарную сигнализацию, слаботочные сети, электромонтаж и сопутствующую документацию. Формат работ зависит от объекта; предварительный расчет возможен после уточнения задачи.";draft
krymsk;Крымск;Краснодарский край;Крымске;Системы безопасности в Крымске | Прометей01;Прометей01 выполняет видеонаблюдение, СКУД, слаботочные сети, электромонтаж, пожарную сигнализацию, огнезащиту, ПНР и документацию в Крымске.;"Прометей01 выполняет монтаж, настройку и обслуживание систем безопасности в Крымске: видеонаблюдение, СКУД, пожарную сигнализацию, слаботочные сети, электромонтаж и сопутствующую документацию. Формат работ зависит от объекта; предварительный расчет возможен после уточнения задачи.";draft
vyazma;Вязьма;Смоленская область;Вязьме;Системы безопасности в Вязьме | Прометей01;Прометей01 выполняет видеонаблюдение, СКУД, слаботочные сети, электромонтаж, пожарную сигнализацию, огнезащиту, ПНР и документацию в Вязьме.;"Прометей01 выполняет монтаж, настройку и обслуживание систем безопасности в Вязьме: видеонаблюдение, СКУД, пожарную сигнализацию, слаботочные сети, электромонтаж и сопутствующую документацию. Формат работ зависит от объекта; предварительный расчет возможен после уточнения задачи.";draft
vidnoe;Видное;Московская область;Видном;Системы безопасности в Видном | Прометей01;Прометей01 выполняет видеонаблюдение, СКУД, слаботочные сети, электромонтаж, пожарную сигнализацию, огнезащиту, ПНР и документацию в Видном.;"Прометей01 выполняет монтаж, настройку и обслуживание систем безопасности в Видном: видеонаблюдение, СКУД, пожарную сигнализацию, слаботочные сети, электромонтаж и сопутствующую документацию. Формат работ зависит от объекта; предварительный расчет возможен после уточнения задачи.";draft
arsenev;Арсеньев;Приморский край;Арсеньеве;Системы безопасности в Арсеньеве | Прометей01;Прометей01 выполняет видеонаблюдение, СКУД, слаботочные сети, электромонтаж, пожарную сигнализацию, огнезащиту, ПНР и документацию в Арсеньеве.;"Прометей01 выполняет монтаж, настройку и обслуживание систем безопасности в Арсеньеве: видеонаблюдение, СКУД, пожарную сигнализацию, слаботочные сети, электромонтаж и сопутствующую документацию. Формат работ зависит от объекта; предварительный расчет возможен после уточнения задачи.";draft
izberbash;Избербаш;Республика Дагестан;Избербаше;Системы безопасности в Избербаше | Прометей01;Прометей01 выполняет видеонаблюдение, СКУД, слаботочные сети, электромонтаж, пожарную сигнализацию, огнезащиту, ПНР и документацию в Избербаше.;"Прометей01 выполняет монтаж, настройку и обслуживание систем безопасности в Избербаше: видеонаблюдение, СКУД, пожарную сигнализацию, слаботочные сети, электромонтаж и сопутствующую документацию. Формат работ зависит от объекта; предварительный расчет возможен после уточнения задачи.";draft
vyksa;Выкса;Нижегородская область;Выксе;Системы безопасности в Выксе | Прометей01;Прометей01 выполняет видеонаблюдение, СКУД, слаботочные сети, электромонтаж, пожарную сигнализацию, огнезащиту, ПНР и документацию в Выксе для объектов разных типов.;"Прометей01 выполняет монтаж, настройку и обслуживание систем безопасности в Выксе: видеонаблюдение, СКУД, пожарную сигнализацию, слаботочные сети, электромонтаж и сопутствующую документацию. Формат работ зависит от объекта; предварительный расчет возможен после уточнения задачи.";draft
liski;Лиски;Воронежская область;Лисках;Системы безопасности в Лисках | Прометей01;Прометей01 выполняет видеонаблюдение, СКУД, слаботочные сети, электромонтаж, пожарную сигнализацию, огнезащиту, ПНР и документацию в Лисках.;"Прометей01 выполняет монтаж, настройку и обслуживание систем безопасности в Лисках: видеонаблюдение, СКУД, пожарную сигнализацию, слаботочные сети, электромонтаж и сопутствующую документацию. Формат работ зависит от объекта; предварительный расчет возможен после уточнения задачи.";draft
volzhsk;Волжск;Республика Марий Эл;Волжске;Системы безопасности в Волжске | Прометей01;Прометей01 выполняет видеонаблюдение, СКУД, слаботочные сети, электромонтаж, пожарную сигнализацию, огнезащиту и ПНР в Волжске для объектов.;Прометей01 выполняет монтаж и настройку систем безопасности в Волжске: видеонаблюдение, СКУД, пожарную сигнализацию, слаботочные сети и сопутствующую документацию. Формат работ зависит от типа объекта, требований к доступу, пожарной безопасности и обслуживанию.;draft
krasnokamensk;Краснокаменск;Забайкальский край;Краснокаменске;Системы безопасности в Краснокаменске | Прометей01;Прометей01 выполняет видеонаблюдение, СКУД, слаботочные сети, электромонтаж, пожарную сигнализацию, огнезащиту и ПНР в Краснокаменске для объектов.;Прометей01 выполняет монтаж и настройку систем безопасности в Краснокаменске: видеонаблюдение, СКУД, пожарную сигнализацию, слаботочные сети и сопутствующую документацию. Формат работ зависит от типа объекта, требований к доступу, пожарной безопасности и обслуживанию.;draft
fryazino;Фрязино;Московская область;Фрязино;Системы безопасности в Фрязино | Прометей01;Прометей01 выполняет видеонаблюдение, СКУД, слаботочные сети, электромонтаж, пожарную сигнализацию, огнезащиту и ПНР в Фрязино для объектов.;Прометей01 выполняет монтаж и настройку систем безопасности в Фрязино: видеонаблюдение, СКУД, пожарную сигнализацию, слаботочные сети и сопутствующую документацию. Формат работ зависит от типа объекта, требований к доступу, пожарной безопасности и обслуживанию.;draft
uzlovaya;Узловая;Тульская область;Узловой;Системы безопасности в Узловой | Прометей01;Прометей01 выполняет видеонаблюдение, СКУД, слаботочные сети, электромонтаж, пожарную сигнализацию, огнезащиту и ПНР в Узловой для объектов.;Прометей01 выполняет монтаж и настройку систем безопасности в Узловой: видеонаблюдение, СКУД, пожарную сигнализацию, слаботочные сети и сопутствующую документацию. Формат работ зависит от типа объекта, требований к доступу, пожарной безопасности и обслуживанию.;draft
lytkarino;Лыткарино;Московская область;Лыткарино;Системы безопасности в Лыткарино | Прометей01;Прометей01 выполняет видеонаблюдение, СКУД, слаботочные сети, электромонтаж, пожарную сигнализацию, огнезащиту и ПНР в Лыткарино для объектов.;Прометей01 выполняет монтаж и настройку систем безопасности в Лыткарино: видеонаблюдение, СКУД, пожарную сигнализацию, слаботочные сети и сопутствующую документацию. Формат работ зависит от типа объекта, требований к доступу, пожарной безопасности и обслуживанию.;draft
nyagan;Нягань;Ханты-Мансийский автономный округ — Югра;Нягани;Системы безопасности в Нягани | Прометей01;Прометей01 выполняет видеонаблюдение, СКУД, слаботочные сети, электромонтаж, пожарную сигнализацию, огнезащиту и ПНР в Нягани для зданий и помещений.;Прометей01 выполняет монтаж и настройку систем безопасности в Нягани: видеонаблюдение, СКУД, пожарную сигнализацию, слаботочные сети и сопутствующую документацию. Формат работ зависит от типа объекта, требований к доступу, пожарной безопасности и обслуживанию.;draft
roslavl;Рославль;Смоленская область;Рославле;Системы безопасности в Рославле | Прометей01;Прометей01 выполняет видеонаблюдение, СКУД, слаботочные сети, электромонтаж, пожарную сигнализацию, огнезащиту и ПНР в Рославле для объектов.;Прометей01 выполняет монтаж и настройку систем безопасности в Рославле: видеонаблюдение, СКУД, пожарную сигнализацию, слаботочные сети и сопутствующую документацию. Формат работ зависит от типа объекта, требований к доступу, пожарной безопасности и обслуживанию.;draft
gelendzhik;Геленджик;Краснодарский край;Геленджике;Системы безопасности в Геленджике | Прометей01;Прометей01 выполняет видеонаблюдение, СКУД, слаботочные сети, электромонтаж, пожарную сигнализацию, огнезащиту и ПНР в Геленджике для объектов.;Прометей01 выполняет монтаж и настройку систем безопасности в Геленджике: видеонаблюдение, СКУД, пожарную сигнализацию, слаботочные сети и сопутствующую документацию. Формат работ зависит от типа объекта, требований к доступу, пожарной безопасности и обслуживанию.;draft
borovichi;Боровичи;Новгородская область;Боровичах;Системы безопасности в Боровичах | Прометей01;Прометей01 выполняет видеонаблюдение, СКУД, слаботочные сети, электромонтаж, пожарную сигнализацию, огнезащиту и ПНР в Боровичах для объектов.;Прометей01 выполняет монтаж и настройку систем безопасности в Боровичах: видеонаблюдение, СКУД, пожарную сигнализацию, слаботочные сети и сопутствующую документацию. Формат работ зависит от типа объекта, требований к доступу, пожарной безопасности и обслуживанию.;draft
timashevsk;Тимашёвск;Краснодарский край;Тимашёвске;Системы безопасности в Тимашёвске | Прометей01;Прометей01 выполняет видеонаблюдение, СКУД, слаботочные сети, электромонтаж, пожарную сигнализацию, огнезащиту и ПНР в Тимашёвске для объектов.;Прометей01 выполняет монтаж и настройку систем безопасности в Тимашёвске: видеонаблюдение, СКУД, пожарную сигнализацию, слаботочные сети и сопутствующую документацию. Формат работ зависит от типа объекта, требований к доступу, пожарной безопасности и обслуживанию.;draft
belorechensk;Белореченск;Краснодарский край;Белореченске;Системы безопасности в Белореченске | Прометей01;Прометей01 выполняет видеонаблюдение, СКУД, слаботочные сети, электромонтаж, пожарную сигнализацию, огнезащиту и ПНР в Белореченске для объектов.;Прометей01 выполняет монтаж и настройку систем безопасности в Белореченске: видеонаблюдение, СКУД, пожарную сигнализацию, слаботочные сети и сопутствующую документацию. Формат работ зависит от типа объекта, требований к доступу, пожарной безопасности и обслуживанию.;draft
solnechnogorsk;Солнечногорск;Московская область;Солнечногорске;Системы безопасности в Солнечногорске | Прометей01;Прометей01 выполняет видеонаблюдение, СКУД, слаботочные сети, электромонтаж, пожарную сигнализацию, огнезащиту и ПНР в Солнечногорске для объектов.;Прометей01 выполняет монтаж и настройку систем безопасности в Солнечногорске: видеонаблюдение, СКУД, пожарную сигнализацию, слаботочные сети и сопутствующую документацию. Формат работ зависит от типа объекта, требований к доступу, пожарной безопасности и обслуживанию.;draft
nazarovo;Назарово;Красноярский край;Назарово;Системы безопасности в Назарово | Прометей01;Прометей01 выполняет видеонаблюдение, СКУД, слаботочные сети, электромонтаж, пожарную сигнализацию, огнезащиту и ПНР в Назарово для объектов.;Прометей01 выполняет монтаж и настройку систем безопасности в Назарово: видеонаблюдение, СКУД, пожарную сигнализацию, слаботочные сети и сопутствующую документацию. Формат работ зависит от типа объекта, требований к доступу, пожарной безопасности и обслуживанию.;draft
kirishi;Кириши;Ленинградская область;Киришах;Системы безопасности в Киришах | Прометей01;Прометей01 выполняет видеонаблюдение, СКУД, слаботочные сети, электромонтаж, пожарную сигнализацию, огнезащиту и ПНР в Киришах для объектов.;Прометей01 выполняет монтаж и настройку систем безопасности в Киришах: видеонаблюдение, СКУД, пожарную сигнализацию, слаботочные сети и сопутствующую документацию. Формат работ зависит от типа объекта, требований к доступу, пожарной безопасности и обслуживанию.;draft
cheremhovo;Черемхово;Иркутская область;Черемхово;Системы безопасности в Черемхово | Прометей01;Прометей01 выполняет видеонаблюдение, СКУД, слаботочные сети, электромонтаж, пожарную сигнализацию, огнезащиту и ПНР в Черемхово для объектов.;Прометей01 выполняет монтаж и настройку систем безопасности в Черемхово: видеонаблюдение, СКУД, пожарную сигнализацию, слаботочные сети и сопутствующую документацию. Формат работ зависит от типа объекта, требований к доступу, пожарной безопасности и обслуживанию.;draft
krasnokamsk;Краснокамск;Пермский край;Краснокамске;Системы безопасности в Краснокамске | Прометей01;Прометей01 выполняет видеонаблюдение, СКУД, слаботочные сети, электромонтаж, пожарную сигнализацию, огнезащиту и ПНР в Краснокамске для объектов.;Прометей01 выполняет монтаж и настройку систем безопасности в Краснокамске: видеонаблюдение, СКУД, пожарную сигнализацию, слаботочные сети и сопутствующую документацию. Формат работ зависит от типа объекта, требований к доступу, пожарной безопасности и обслуживанию.;draft
lesnoy;Лесной;Свердловская область;Лесном;Системы безопасности в Лесном | Прометей01;Прометей01 выполняет видеонаблюдение, СКУД, слаботочные сети, электромонтаж, пожарную сигнализацию, огнезащиту и ПНР в Лесном для зданий и помещений.;Прометей01 выполняет монтаж и настройку систем безопасности в Лесном: видеонаблюдение, СКУД, пожарную сигнализацию, слаботочные сети и сопутствующую документацию. Формат работ зависит от типа объекта, требований к доступу, пожарной безопасности и обслуживанию.;draft
vyshniy-volochek;Вышний Волочёк;Тверская область;Вышнем Волочке;Системы безопасности в Вышнем Волочке | Прометей01;Прометей01 выполняет видеонаблюдение, СКУД, слаботочные сети, электромонтаж, пожарную сигнализацию, огнезащиту и ПНР в Вышнем Волочке для объектов.;Прометей01 выполняет монтаж и настройку систем безопасности в Вышнем Волочке: видеонаблюдение, СКУД, пожарную сигнализацию, слаботочные сети и сопутствующую документацию. Формат работ зависит от типа объекта, требований к доступу, пожарной безопасности и обслуживанию.;draft
buguruslan;Бугуруслан;Оренбургская область;Бугуруслане;Системы безопасности в Бугуруслане | Прометей01;Прометей01 выполняет видеонаблюдение, СКУД, слаботочные сети, электромонтаж, пожарную сигнализацию, огнезащиту и ПНР в Бугуруслане для объектов.;Прометей01 выполняет монтаж и настройку систем безопасности в Бугуруслане: видеонаблюдение, СКУД, пожарную сигнализацию, слаботочные сети и сопутствующую документацию. Формат работ зависит от типа объекта, требований к доступу, пожарной безопасности и обслуживанию.;draft
berezovskiy;Берёзовский;Свердловская область;Берёзовском;Системы безопасности в Берёзовском | Прометей01;Прометей01 выполняет видеонаблюдение, СКУД, слаботочные сети, электромонтаж, пожарную сигнализацию, огнезащиту и ПНР в Берёзовском для объектов.;Прометей01 выполняет монтаж и настройку систем безопасности в Берёзовском: видеонаблюдение, СКУД, пожарную сигнализацию, слаботочные сети и сопутствующую документацию. Формат работ зависит от типа объекта, требований к доступу, пожарной безопасности и обслуживанию.;draft
balahna;Балахна;Нижегородская область;Балахне;Системы безопасности в Балахне | Прометей01;Прометей01 выполняет видеонаблюдение, СКУД, слаботочные сети, электромонтаж, пожарную сигнализацию, огнезащиту и ПНР в Балахне для объектов.;Прометей01 выполняет монтаж и настройку систем безопасности в Балахне: видеонаблюдение, СКУД, пожарную сигнализацию, слаботочные сети и сопутствующую документацию. Формат работ зависит от типа объекта, требований к доступу, пожарной безопасности и обслуживанию.;draft
livny;Ливны;Орловская область;Ливнах;Системы безопасности в Ливнах | Прометей01;Прометей01 выполняет видеонаблюдение, СКУД, слаботочные сети, электромонтаж, пожарную сигнализацию, огнезащиту и ПНР в Ливнах для зданий и помещений.;Прометей01 выполняет монтаж и настройку систем безопасности в Ливнах: видеонаблюдение, СКУД, пожарную сигнализацию, слаботочные сети и сопутствующую документацию. Формат работ зависит от типа объекта, требований к доступу, пожарной безопасности и обслуживанию.;draft
doneck;Донецк;Ростовская область;Донецке;Системы безопасности в Донецке | Прометей01;Прометей01 выполняет видеонаблюдение, СКУД, слаботочные сети, электромонтаж, пожарную сигнализацию, огнезащиту и ПНР в Донецке для объектов.;Прометей01 выполняет монтаж и настройку систем безопасности в Донецке: видеонаблюдение, СКУД, пожарную сигнализацию, слаботочные сети и сопутствующую документацию. Формат работ зависит от типа объекта, требований к доступу, пожарной безопасности и обслуживанию.;draft
severomorsk;Североморск;Мурманская область;Североморске;Системы безопасности в Североморске | Прометей01;Прометей01 выполняет видеонаблюдение, СКУД, слаботочные сети, электромонтаж, пожарную сигнализацию, огнезащиту и ПНР в Североморске для объектов.;Прометей01 выполняет монтаж и настройку систем безопасности в Североморске: видеонаблюдение, СКУД, пожарную сигнализацию, слаботочные сети и сопутствующую документацию. Формат работ зависит от типа объекта, требований к доступу, пожарной безопасности и обслуживанию.;draft
sayanogorsk;Саяногорск;Республика Хакасия;Саяногорске;Системы безопасности в Саяногорске | Прометей01;Прометей01 выполняет видеонаблюдение, СКУД, слаботочные сети, электромонтаж, пожарную сигнализацию, огнезащиту и ПНР в Саяногорске для объектов.;Прометей01 выполняет монтаж и настройку систем безопасности в Саяногорске: видеонаблюдение, СКУД, пожарную сигнализацию, слаботочные сети и сопутствующую документацию. Формат работ зависит от типа объекта, требований к доступу, пожарной безопасности и обслуживанию.;draft
kimry;Кимры;Тверская область;Кимрах;Системы безопасности в Кимрах | Прометей01;Прометей01 выполняет видеонаблюдение, СКУД, слаботочные сети, электромонтаж, пожарную сигнализацию, огнезащиту и ПНР в Кимрах для зданий и помещений.;Прометей01 выполняет монтаж и настройку систем безопасности в Кимрах: видеонаблюдение, СКУД, пожарную сигнализацию, слаботочные сети и сопутствующую документацию. Формат работ зависит от типа объекта, требований к доступу, пожарной безопасности и обслуживанию.;draft
megion;Мегион;Ханты-Мансийский автономный округ — Югра;Мегионе;Системы безопасности в Мегионе | Прометей01;Прометей01 выполняет видеонаблюдение, СКУД, слаботочные сети, электромонтаж, пожарную сигнализацию, огнезащиту и ПНР в Мегионе для объектов.;Прометей01 выполняет монтаж и настройку систем безопасности в Мегионе: видеонаблюдение, СКУД, пожарную сигнализацию, слаботочные сети и сопутствующую документацию. Формат работ зависит от типа объекта, требований к доступу, пожарной безопасности и обслуживанию.;draft
kizlyar;Кизляр;Республика Дагестан;Кизляре;Системы безопасности в Кизляре | Прометей01;Прометей01 выполняет видеонаблюдение, СКУД, слаботочные сети, электромонтаж, пожарную сигнализацию, огнезащиту и ПНР в Кизляре для объектов.;Прометей01 выполняет монтаж и настройку систем безопасности в Кизляре: видеонаблюдение, СКУД, пожарную сигнализацию, слаботочные сети и сопутствующую документацию. Формат работ зависит от типа объекта, требований к доступу, пожарной безопасности и обслуживанию.;draft
urus-martan;Урус-Мартан;Чеченская Республика;Урус-Мартане;Системы безопасности в Урус-Мартане | Прометей01;Прометей01 выполняет видеонаблюдение, СКУД, слаботочные сети, электромонтаж, пожарную сигнализацию, огнезащиту и ПНР в Урус-Мартане для объектов.;Прометей01 выполняет монтаж и настройку систем безопасности в Урус-Мартане: видеонаблюдение, СКУД, пожарную сигнализацию, слаботочные сети и сопутствующую документацию. Формат работ зависит от типа объекта, требований к доступу, пожарной безопасности и обслуживанию.;draft
snezhinsk;Снежинск;Челябинская область;Снежинске;Системы безопасности в Снежинске | Прометей01;Прометей01 выполняет видеонаблюдение, СКУД, слаботочные сети, электромонтаж, пожарную сигнализацию, огнезащиту и ПНР в Снежинске для объектов.;Прометей01 выполняет монтаж и настройку систем безопасности в Снежинске: видеонаблюдение, СКУД, пожарную сигнализацию, слаботочные сети и сопутствующую документацию. Формат работ зависит от типа объекта, требований к доступу, пожарной безопасности и обслуживанию.;draft
kingisepp;Кингисепп;Ленинградская область;Кингисеппе;Системы безопасности в Кингисеппе | Прометей01;Прометей01 выполняет видеонаблюдение, СКУД, слаботочные сети, электромонтаж, пожарную сигнализацию, огнезащиту и ПНР в Кингисеппе для коммерческих и жилых объектов.;Прометей01 выполняет монтаж и настройку систем безопасности в Кингисеппе: видеонаблюдение, СКУД, пожарную сигнализацию, слаботочные сети и сопутствующую документацию. Формат работ зависит от типа объекта, требований к доступу, пожарной безопасности и обслуживанию.;draft
kurganinsk;Курганинск;Краснодарский край;Курганинске;Системы безопасности в Курганинске | Прометей01;Прометей01 выполняет видеонаблюдение, СКУД, слаботочные сети, электромонтаж, пожарную сигнализацию, огнезащиту и ПНР в Курганинске для коммерческих и жилых объектов.;Прометей01 выполняет монтаж и настройку систем безопасности в Курганинске: видеонаблюдение, СКУД, пожарную сигнализацию, слаботочные сети и сопутствующую документацию. Формат работ зависит от типа объекта, требований к доступу, пожарной безопасности и обслуживанию.;draft
shelehov;Шелехов;Иркутская область;Шелехове;Системы безопасности в Шелехове | Прометей01;Прометей01 выполняет видеонаблюдение, СКУД, слаботочные сети, электромонтаж, пожарную сигнализацию, огнезащиту и ПНР в Шелехове для коммерческих и жилых объектов.;Прометей01 выполняет монтаж и настройку систем безопасности в Шелехове: видеонаблюдение, СКУД, пожарную сигнализацию, слаботочные сети и сопутствующую документацию. Формат работ зависит от типа объекта, требований к доступу, пожарной безопасности и обслуживанию.;draft
mozhga;Можга;Удмуртская Республика;Можге;Системы безопасности в Можге | Прометей01;Прометей01 выполняет видеонаблюдение, СКУД, слаботочные сети, электромонтаж, пожарную сигнализацию, огнезащиту и ПНР в Можге для коммерческих и жилых объектов.;Прометей01 выполняет монтаж и настройку систем безопасности в Можге: видеонаблюдение, СКУД, пожарную сигнализацию, слаботочные сети и сопутствующую документацию. Формат работ зависит от типа объекта, требований к доступу, пожарной безопасности и обслуживанию.;draft
sertolovo;Сертолово;Ленинградская область;Сертолово;Системы безопасности в Сертолово | Прометей01;Прометей01 выполняет видеонаблюдение, СКУД, слаботочные сети, электромонтаж, пожарную сигнализацию, огнезащиту и ПНР в Сертолово для коммерческих и жилых объектов.;Прометей01 выполняет монтаж и настройку систем безопасности в Сертолово: видеонаблюдение, СКУД, пожарную сигнализацию, слаботочные сети и сопутствующую документацию. Формат работ зависит от типа объекта, требований к доступу, пожарной безопасности и обслуживанию.;draft
yarcevo;Ярцево;Смоленская область;Ярцево;Системы безопасности в Ярцево | Прометей01;Прометей01 выполняет видеонаблюдение, СКУД, слаботочные сети, электромонтаж, пожарную сигнализацию, огнезащиту и ПНР в Ярцево для коммерческих и жилых объектов.;Прометей01 выполняет монтаж и настройку систем безопасности в Ярцево: видеонаблюдение, СКУД, пожарную сигнализацию, слаботочные сети и сопутствующую документацию. Формат работ зависит от типа объекта, требований к доступу, пожарной безопасности и обслуживанию.;draft
shali;Шали;Чеченская Республика;Шали;Системы безопасности в Шали | Прометей01;Прометей01 выполняет видеонаблюдение, СКУД, слаботочные сети, электромонтаж, пожарную сигнализацию, огнезащиту и ПНР в Шали для коммерческих и жилых объектов.;Прометей01 выполняет монтаж и настройку систем безопасности в Шали: видеонаблюдение, СКУД, пожарную сигнализацию, слаботочные сети и сопутствующую документацию. Формат работ зависит от типа объекта, требований к доступу, пожарной безопасности и обслуживанию.;draft
otradnyy;Отрадный;Самарская область;Отрадном;Системы безопасности в Отрадном | Прометей01;Прометей01 выполняет видеонаблюдение, СКУД, слаботочные сети, электромонтаж, пожарную сигнализацию, огнезащиту и ПНР в Отрадном для коммерческих и жилых объектов.;Прометей01 выполняет монтаж и настройку систем безопасности в Отрадном: видеонаблюдение, СКУД, пожарную сигнализацию, слаботочные сети и сопутствующую документацию. Формат работ зависит от типа объекта, требований к доступу, пожарной безопасности и обслуживанию.;draft
torzhok;Торжок;Тверская область;Торжке;Системы безопасности в Торжке | Прометей01;Прометей01 выполняет видеонаблюдение, СКУД, слаботочные сети, электромонтаж, пожарную сигнализацию, огнезащиту и ПНР в Торжке для коммерческих и жилых объектов.;Прометей01 выполняет монтаж и настройку систем безопасности в Торжке: видеонаблюдение, СКУД, пожарную сигнализацию, слаботочные сети и сопутствующую документацию. Формат работ зависит от типа объекта, требований к доступу, пожарной безопасности и обслуживанию.;draft
ruzaevka;Рузаевка;Республика Мордовия;Рузаевке;Системы безопасности в Рузаевке | Прометей01;Прометей01 выполняет видеонаблюдение, СКУД, слаботочные сети, электромонтаж, пожарную сигнализацию, огнезащиту и ПНР в Рузаевке для коммерческих и жилых объектов.;Прометей01 выполняет монтаж и настройку систем безопасности в Рузаевке: видеонаблюдение, СКУД, пожарную сигнализацию, слаботочные сети и сопутствующую документацию. Формат работ зависит от типа объекта, требований к доступу, пожарной безопасности и обслуживанию.;draft
volhov;Волхов;Ленинградская область;Волхове;Системы безопасности в Волхове | Прометей01;Прометей01 выполняет видеонаблюдение, СКУД, слаботочные сети, электромонтаж, пожарную сигнализацию, огнезащиту и ПНР в Волхове для коммерческих и жилых объектов.;Прометей01 выполняет монтаж и настройку систем безопасности в Волхове: видеонаблюдение, СКУД, пожарную сигнализацию, слаботочные сети и сопутствующую документацию. Формат работ зависит от типа объекта, требований к доступу, пожарной безопасности и обслуживанию.;draft
kuybyshev;Куйбышев;Новосибирская область;Куйбышеве;Системы безопасности в Куйбышеве | Прометей01;Прометей01 выполняет видеонаблюдение, СКУД, слаботочные сети, электромонтаж, пожарную сигнализацию, огнезащиту и ПНР в Куйбышеве для коммерческих и жилых объектов.;Прометей01 выполняет монтаж и настройку систем безопасности в Куйбышеве: видеонаблюдение, СКУД, пожарную сигнализацию, слаботочные сети и сопутствующую документацию. Формат работ зависит от типа объекта, требований к доступу, пожарной безопасности и обслуживанию.;draft
dzerzhinskiy;Дзержинский;Московская область;Дзержинском;Системы безопасности в Дзержинском | Прометей01;Прометей01 выполняет видеонаблюдение, СКУД, слаботочные сети, электромонтаж, пожарную сигнализацию, огнезащиту и ПНР в Дзержинском для коммерческих и жилых объектов.;Прометей01 выполняет монтаж и настройку систем безопасности в Дзержинском: видеонаблюдение, СКУД, пожарную сигнализацию, слаботочные сети и сопутствующую документацию. Формат работ зависит от типа объекта, требований к доступу, пожарной безопасности и обслуживанию.;draft
zarinsk;Заринск;Алтайский край;Заринске;Системы безопасности в Заринске | Прометей01;Прометей01 выполняет видеонаблюдение, СКУД, слаботочные сети, электромонтаж, пожарную сигнализацию, огнезащиту и ПНР в Заринске для коммерческих и жилых объектов.;Прометей01 выполняет монтаж и настройку систем безопасности в Заринске: видеонаблюдение, СКУД, пожарную сигнализацию, слаботочные сети и сопутствующую документацию. Формат работ зависит от типа объекта, требований к доступу, пожарной безопасности и обслуживанию.;draft
gryazi;Грязи;Липецкая область;Грязях;Системы безопасности в Грязях | Прометей01;Прометей01 выполняет видеонаблюдение, СКУД, слаботочные сети, электромонтаж, пожарную сигнализацию, огнезащиту и ПНР в Грязях для коммерческих и жилых объектов.;Прометей01 выполняет монтаж и настройку систем безопасности в Грязях: видеонаблюдение, СКУД, пожарную сигнализацию, слаботочные сети и сопутствующую документацию. Формат работ зависит от типа объекта, требований к доступу, пожарной безопасности и обслуживанию.;draft
chusovoy;Чусовой;Пермский край;Чусовом;Системы безопасности в Чусовом | Прометей01;Прометей01 выполняет видеонаблюдение, СКУД, слаботочные сети, электромонтаж, пожарную сигнализацию, огнезащиту и ПНР в Чусовом для коммерческих и жилых объектов.;Прометей01 выполняет монтаж и настройку систем безопасности в Чусовом: видеонаблюдение, СКУД, пожарную сигнализацию, слаботочные сети и сопутствующую документацию. Формат работ зависит от типа объекта, требований к доступу, пожарной безопасности и обслуживанию.;draft
nadym;Надым;Ямало-Ненецкий автономный округ;Надыме;Системы безопасности в Надыме | Прометей01;Прометей01 выполняет видеонаблюдение, СКУД, слаботочные сети, электромонтаж, пожарную сигнализацию, огнезащиту и ПНР в Надыме для коммерческих и жилых объектов.;Прометей01 выполняет монтаж и настройку систем безопасности в Надыме: видеонаблюдение, СКУД, пожарную сигнализацию, слаботочные сети и сопутствующую документацию. Формат работ зависит от типа объекта, требований к доступу, пожарной безопасности и обслуживанию.;draft
verhnyaya-salda;Верхняя Салда;Свердловская область;Верхней Салде;Системы безопасности в Верхней Салде | Прометей01;Прометей01 выполняет видеонаблюдение, СКУД, слаботочные сети, электромонтаж, пожарную сигнализацию, огнезащиту и ПНР в Верхней Салде для коммерческих и жилых объектов.;Прометей01 выполняет монтаж и настройку систем безопасности в Верхней Салде: видеонаблюдение, СКУД, пожарную сигнализацию, слаботочные сети и сопутствующую документацию. Формат работ зависит от типа объекта, требований к доступу, пожарной безопасности и обслуживанию.;draft
safonovo;Сафоново;Смоленская область;Сафоново;Системы безопасности в Сафоново | Прометей01;Прометей01 выполняет видеонаблюдение, СКУД, слаботочные сети, электромонтаж, пожарную сигнализацию, огнезащиту и ПНР в Сафоново для коммерческих и жилых объектов.;Прометей01 выполняет монтаж и настройку систем безопасности в Сафоново: видеонаблюдение, СКУД, пожарную сигнализацию, слаботочные сети и сопутствующую документацию. Формат работ зависит от типа объекта, требований к доступу, пожарной безопасности и обслуживанию.;draft
osinniki;Осинники;Кемеровская область — Кузбасс;Осинниках;Системы безопасности в Осинниках | Прометей01;Прометей01 выполняет видеонаблюдение, СКУД, слаботочные сети, электромонтаж, пожарную сигнализацию, огнезащиту и ПНР в Осинниках для коммерческих и жилых объектов.;Прометей01 выполняет монтаж и настройку систем безопасности в Осинниках: видеонаблюдение, СКУД, пожарную сигнализацию, слаботочные сети и сопутствующую документацию. Формат работ зависит от типа объекта, требований к доступу, пожарной безопасности и обслуживанию.;draft
kolchugino;Кольчугино;Владимирская область;Кольчугине;Системы безопасности в Кольчугине | Прометей01;Прометей01 выполняет видеонаблюдение, СКУД, слаботочные сети, электромонтаж, пожарную сигнализацию, огнезащиту и ПНР в Кольчугине для коммерческих и жилых объектов.;Прометей01 выполняет монтаж и настройку систем безопасности в Кольчугине: видеонаблюдение, СКУД, пожарную сигнализацию, слаботочные сети и сопутствующую документацию. Формат работ зависит от типа объекта, требований к доступу, пожарной безопасности и обслуживанию.;draft
gudermes;Гудермес;Чеченская Республика;Гудермесе;Системы безопасности в Гудермесе | Прометей01;Прометей01 выполняет видеонаблюдение, СКУД, слаботочные сети, электромонтаж, пожарную сигнализацию, огнезащиту и ПНР в Гудермесе для коммерческих и жилых объектов.;Прометей01 выполняет монтаж и настройку систем безопасности в Гудермесе: видеонаблюдение, СКУД, пожарную сигнализацию, слаботочные сети и сопутствующую документацию. Формат работ зависит от типа объекта, требований к доступу, пожарной безопасности и обслуживанию.;draft
kanash;Канаш;Чувашская Республика;Канаше;Системы безопасности в Канаше | Прометей01;Прометей01 выполняет видеонаблюдение, СКУД, слаботочные сети, электромонтаж, пожарную сигнализацию, огнезащиту и ПНР в Канаше для коммерческих и жилых объектов.;Прометей01 выполняет монтаж и настройку систем безопасности в Канаше: видеонаблюдение, СКУД, пожарную сигнализацию, слаботочные сети и сопутствующую документацию. Формат работ зависит от типа объекта, требований к доступу, пожарной безопасности и обслуживанию.;draft
rasskazovo;Рассказово;Тамбовская область;Рассказове;Системы безопасности в Рассказове | Прометей01;Прометей01 выполняет видеонаблюдение, СКУД, слаботочные сети, электромонтаж, пожарную сигнализацию, огнезащиту и ПНР в Рассказове для коммерческих и жилых объектов.;Прометей01 выполняет монтаж и настройку систем безопасности в Рассказове: видеонаблюдение, СКУД, пожарную сигнализацию, слаботочные сети и сопутствующую документацию. Формат работ зависит от типа объекта, требований к доступу, пожарной безопасности и обслуживанию.;draft
satka;Сатка;Челябинская область;Сатке;Системы безопасности в Сатке | Прометей01;Прометей01 выполняет видеонаблюдение, СКУД, слаботочные сети, электромонтаж, пожарную сигнализацию, огнезащиту и ПНР в Сатке для коммерческих и жилых объектов.;Прометей01 выполняет монтаж и настройку систем безопасности в Сатке: видеонаблюдение, СКУД, пожарную сигнализацию, слаботочные сети и сопутствующую документацию. Формат работ зависит от типа объекта, требований к доступу, пожарной безопасности и обслуживанию.;draft
monchegorsk;Мончегорск;Мурманская область;Мончегорске;Системы безопасности в Мончегорске | Прометей01;Прометей01 выполняет видеонаблюдение, СКУД, слаботочные сети, электромонтаж, пожарную сигнализацию, огнезащиту и ПНР в Мончегорске для коммерческих и жилых объектов.;Прометей01 выполняет монтаж и настройку систем безопасности в Мончегорске: видеонаблюдение, СКУД, пожарную сигнализацию, слаботочные сети и сопутствующую документацию. Формат работ зависит от типа объекта, требований к доступу, пожарной безопасности и обслуживанию.;draft
ust-kut;Усть-Кут;Иркутская область;Усть-Куте;Системы безопасности в Усть-Куте | Прометей01;Прометей01 выполняет видеонаблюдение, СКУД, слаботочные сети, электромонтаж, пожарную сигнализацию, огнезащиту и ПНР в Усть-Куте для коммерческих и жилых объектов.;Прометей01 выполняет монтаж и настройку систем безопасности в Усть-Куте: видеонаблюдение, СКУД, пожарную сигнализацию, слаботочные сети и сопутствующую документацию. Формат работ зависит от типа объекта, требований к доступу, пожарной безопасности и обслуживанию.;draft
tulun;Тулун;Иркутская область;Тулуне;Системы безопасности в Тулуне | Прометей01;Прометей01 выполняет видеонаблюдение, СКУД, слаботочные сети, электромонтаж, пожарную сигнализацию, огнезащиту и ПНР в Тулуне для коммерческих и жилых объектов.;Прометей01 выполняет монтаж и настройку систем безопасности в Тулуне: видеонаблюдение, СКУД, пожарную сигнализацию, слаботочные сети и сопутствующую документацию. Формат работ зависит от типа объекта, требований к доступу, пожарной безопасности и обслуживанию.;draft
shebekino;Шебекино;Белгородская область;Шебекине;Системы безопасности в Шебекине | Прометей01;Прометей01 выполняет видеонаблюдение, СКУД, слаботочные сети, электромонтаж, пожарную сигнализацию, огнезащиту и ПНР в Шебекине для коммерческих и жилых объектов.;Прометей01 выполняет монтаж и настройку систем безопасности в Шебекине: видеонаблюдение, СКУД, пожарную сигнализацию, слаботочные сети и сопутствующую документацию. Формат работ зависит от типа объекта, требований к доступу, пожарной безопасности и обслуживанию.;draft
spassk-dalniy;Спасск-Дальний;Приморский край;Спасске-Дальнем;Системы безопасности в Спасске-Дальнем | Прометей01;Прометей01 выполняет видеонаблюдение, СКУД, слаботочные сети, электромонтаж, пожарную сигнализацию, огнезащиту и ПНР в Спасске-Дальнем для коммерческих и жилых объектов.;Прометей01 выполняет монтаж и настройку систем безопасности в Спасске-Дальнем: видеонаблюдение, СКУД, пожарную сигнализацию, слаботочные сети и сопутствующую документацию. Формат работ зависит от типа объекта, требований к доступу, пожарной безопасности и обслуживанию.;draft
belaya-kalitva;Белая Калитва;Ростовская область;Белой Калитве;Системы безопасности в Белой Калитве | Прометей01;Прометей01 выполняет видеонаблюдение, СКУД, слаботочные сети, электромонтаж, пожарную сигнализацию, огнезащиту, ПНР и документацию в Белой Калитве.;Прометей01 выполняет монтаж, настройку и обслуживание систем безопасности в Белой Калитве: видеонаблюдение, СКУД, пожарную сигнализацию, слаботочные сети, электромонтаж и сопутствующую документацию. На первом экране стоит сразу обозначить, для каких объектов в Белой Калитве можно рассчитать работы после осмотра или по исходным данным.;draft
pechora;Печора;Республика Коми;Печоре;Системы безопасности в Печоре | Прометей01;Прометей01 выполняет видеонаблюдение, СКУД, слаботочные сети, электромонтаж, пожарную сигнализацию, огнезащиту, ПНР и документацию в Печоре.;Прометей01 выполняет монтаж, настройку и обслуживание систем безопасности в Печоре: видеонаблюдение, СКУД, пожарную сигнализацию, слаботочные сети, электромонтаж и сопутствующую документацию. На первом экране стоит сразу обозначить, для каких объектов в Печоре можно рассчитать работы после осмотра или по исходным данным.;draft
chebarkul;Чебаркуль;Челябинская область;Чебаркуле;Системы безопасности в Чебаркуле | Прометей01;Прометей01 выполняет видеонаблюдение, СКУД, слаботочные сети, электромонтаж, пожарную сигнализацию, огнезащиту, ПНР и документацию в Чебаркуле.;Прометей01 выполняет монтаж, настройку и обслуживание систем безопасности в Чебаркуле: видеонаблюдение, СКУД, пожарную сигнализацию, слаботочные сети, электромонтаж и сопутствующую документацию. На первом экране стоит сразу обозначить, для каких объектов в Чебаркуле можно рассчитать работы после осмотра или по исходным данным.;draft
raduzhnyy;Радужный;Ханты-Мансийский автономный округ — Югра;Радужном;Системы безопасности в Радужном | Прометей01;Прометей01 выполняет видеонаблюдение, СКУД, слаботочные сети, электромонтаж, пожарную сигнализацию, огнезащиту, ПНР и документацию в Радужном.;Прометей01 выполняет монтаж, настройку и обслуживание систем безопасности в Радужном: видеонаблюдение, СКУД, пожарную сигнализацию, слаботочные сети, электромонтаж и сопутствующую документацию. На первом экране стоит сразу обозначить, для каких объектов в Радужном можно рассчитать работы после осмотра или по исходным данным.;draft
ust-labinsk;Усть-Лабинск;Краснодарский край;Усть-Лабинске;Системы безопасности в Усть-Лабинске | Прометей01;Прометей01 выполняет видеонаблюдение, СКУД, слаботочные сети, электромонтаж, пожарную сигнализацию, огнезащиту, ПНР и документацию в Усть-Лабинске.;Прометей01 выполняет монтаж, настройку и обслуживание систем безопасности в Усть-Лабинске: видеонаблюдение, СКУД, пожарную сигнализацию, слаботочные сети, электромонтаж и сопутствующую документацию. На первом экране стоит сразу обозначить, для каких объектов в Усть-Лабинске можно рассчитать работы после осмотра или по исходным данным.;draft
mcensk;Мценск;Орловская область;Мценске;Системы безопасности в Мценске | Прометей01;Прометей01 выполняет видеонаблюдение, СКУД, слаботочные сети, электромонтаж, пожарную сигнализацию, огнезащиту, ПНР и документацию в Мценске.;Прометей01 выполняет монтаж, настройку и обслуживание систем безопасности в Мценске: видеонаблюдение, СКУД, пожарную сигнализацию, слаботочные сети, электромонтаж и сопутствующую документацию. На первом экране стоит сразу обозначить, для каких объектов в Мценске можно рассчитать работы после осмотра или по исходным данным.;draft
myski;Мыски;Кемеровская область;Мысках;Системы безопасности в Мысках | Прометей01;Прометей01 выполняет видеонаблюдение, СКУД, слаботочные сети, электромонтаж, пожарную сигнализацию, огнезащиту, ПНР и документацию в Мысках.;Прометей01 выполняет монтаж, настройку и обслуживание систем безопасности в Мысках: видеонаблюдение, СКУД, пожарную сигнализацию, слаботочные сети, электромонтаж и сопутствующую документацию. На первом экране стоит сразу обозначить, для каких объектов в Мысках можно рассчитать работы после осмотра или по исходным данным.;draft
amursk;Амурск;Хабаровский край;Амурске;Системы безопасности в Амурске | Прометей01;Прометей01 выполняет видеонаблюдение, СКУД, слаботочные сети, электромонтаж, пожарную сигнализацию, огнезащиту, ПНР и документацию в Амурске.;Прометей01 выполняет монтаж, настройку и обслуживание систем безопасности в Амурске: видеонаблюдение, СКУД, пожарную сигнализацию, слаботочные сети, электромонтаж и сопутствующую документацию. На первом экране стоит сразу обозначить, для каких объектов в Амурске можно рассчитать работы после осмотра или по исходным данным.;draft
kurchatov;Курчатов;Курская область;Курчатове;Системы безопасности в Курчатове | Прометей01;Прометей01 выполняет видеонаблюдение, СКУД, слаботочные сети, электромонтаж, пожарную сигнализацию, огнезащиту, ПНР и документацию в Курчатове.;Прометей01 выполняет монтаж, настройку и обслуживание систем безопасности в Курчатове: видеонаблюдение, СКУД, пожарную сигнализацию, слаботочные сети, электромонтаж и сопутствующую документацию. На первом экране стоит сразу обозначить, для каких объектов в Курчатове можно рассчитать работы после осмотра или по исходным данным.;draft
kachkanar;Качканар;Свердловская область;Качканаре;Системы безопасности в Качканаре | Прометей01;Прометей01 выполняет видеонаблюдение, СКУД, слаботочные сети, электромонтаж, пожарную сигнализацию, огнезащиту, ПНР и документацию в Качканаре.;Прометей01 выполняет монтаж, настройку и обслуживание систем безопасности в Качканаре: видеонаблюдение, СКУД, пожарную сигнализацию, слаботочные сети, электромонтаж и сопутствующую документацию. На первом экране стоит сразу обозначить, для каких объектов в Качканаре можно рассчитать работы после осмотра или по исходным данным.;draft
salehard;Салехард;Ямало-Ненецкий автономный округ;Салехарде;Системы безопасности в Салехарде | Прометей01;Прометей01 выполняет видеонаблюдение, СКУД, слаботочные сети, электромонтаж, пожарную сигнализацию, огнезащиту, ПНР и документацию в Салехарде.;Прометей01 выполняет монтаж, настройку и обслуживание систем безопасности в Салехарде: видеонаблюдение, СКУД, пожарную сигнализацию, слаботочные сети, электромонтаж и сопутствующую документацию. На первом экране стоит сразу обозначить, для каких объектов в Салехарде можно рассчитать работы после осмотра или по исходным данным.;draft
efremov;Ефремов;Тульская область;Ефремове;Системы безопасности в Ефремове | Прометей01;Прометей01 выполняет видеонаблюдение, СКУД, слаботочные сети, электромонтаж, пожарную сигнализацию, огнезащиту, ПНР и документацию в Ефремове.;Прометей01 выполняет монтаж, настройку и обслуживание систем безопасности в Ефремове: видеонаблюдение, СКУД, пожарную сигнализацию, слаботочные сети, электромонтаж и сопутствующую документацию. На первом экране стоит сразу обозначить, для каких объектов в Ефремове можно рассчитать работы после осмотра или по исходным данным.;draft
strezhevoy;Стрежевой;Томская область;Стрежевом;Системы безопасности в Стрежевом | Прометей01;Прометей01 выполняет видеонаблюдение, СКУД, слаботочные сети, электромонтаж, пожарную сигнализацию, огнезащиту, ПНР и документацию в Стрежевом.;Прометей01 выполняет монтаж, настройку и обслуживание систем безопасности в Стрежевом: видеонаблюдение, СКУД, пожарную сигнализацию, слаботочные сети, электромонтаж и сопутствующую документацию. На первом экране стоит сразу обозначить, для каких объектов в Стрежевом можно рассчитать работы после осмотра или по исходным данным.;draft
aksay;Аксай;Ростовская область;Аксае;Системы безопасности в Аксае | Прометей01;Прометей01 выполняет видеонаблюдение, СКУД, слаботочные сети, электромонтаж, пожарную сигнализацию, огнезащиту и ПНР в Аксае для объектов разных типов.;Прометей01 выполняет монтаж, настройку и обслуживание систем безопасности в Аксае: видеонаблюдение, СКУД, пожарную сигнализацию, слаботочные сети, электромонтаж и сопутствующую документацию. На первом экране стоит сразу обозначить, для каких объектов в Аксае можно рассчитать работы после осмотра или по исходным данным.;draft
pereslavl-zalesskiy;Переславль-Залесский;Ярославская область;Переславле-Залесском;Системы безопасности в Переславле-Залесском | Прометей01;Прометей01 выполняет видеонаблюдение, СКУД, слаботочные сети, электромонтаж, пожарную сигнализацию, огнезащиту и ПНР в Переславле-Залесском.;Прометей01 выполняет монтаж, настройку и обслуживание систем безопасности в Переславле-Залесском: видеонаблюдение, СКУД, пожарную сигнализацию, слаботочные сети, электромонтаж и сопутствующую документацию. На первом экране стоит сразу обозначить, для каких объектов в Переславле-Залесском можно рассчитать работы после осмотра или по исходным данным.;draft
ahtubinsk;Ахтубинск;Астраханская область;Ахтубинске;Системы безопасности в Ахтубинске | Прометей01;Прометей01 выполняет видеонаблюдение, СКУД, слаботочные сети, электромонтаж, пожарную сигнализацию, огнезащиту, ПНР и документацию в Ахтубинске.;Прометей01 выполняет монтаж, настройку и обслуживание систем безопасности в Ахтубинске: видеонаблюдение, СКУД, пожарную сигнализацию, слаботочные сети, электромонтаж и сопутствующую документацию. На первом экране стоит сразу обозначить, для каких объектов в Ахтубинске можно рассчитать работы после осмотра или по исходным данным.;draft
kashira;Кашира;Московская область;Кашире;Системы безопасности в Кашире | Прометей01;Прометей01 выполняет видеонаблюдение, СКУД, слаботочные сети, электромонтаж, пожарную сигнализацию, огнезащиту, ПНР и документацию в Кашире.;Прометей01 выполняет монтаж, настройку и обслуживание систем безопасности в Кашире: видеонаблюдение, СКУД, пожарную сигнализацию, слаботочные сети, электромонтаж и сопутствующую документацию. На первом экране стоит сразу обозначить, для каких объектов в Кашире можно рассчитать работы после осмотра или по исходным данным.;draft
zainsk;Заинск;Республика Татарстан;Заинске;Системы безопасности в Заинске | Прометей01;Прометей01 выполняет видеонаблюдение, СКУД, слаботочные сети, электромонтаж, пожарную сигнализацию, огнезащиту, ПНР и документацию в Заинске.;Прометей01 выполняет монтаж, настройку и обслуживание систем безопасности в Заинске: видеонаблюдение, СКУД, пожарную сигнализацию, слаботочные сети, электромонтаж и сопутствующую документацию. На первом экране стоит сразу обозначить, для каких объектов в Заинске можно рассчитать работы после осмотра или по исходным данным.;draft
kamen-na-obi;Камень-на-Оби;Алтайский край;Камне-на-Оби;Системы безопасности в Камне-на-Оби | Прометей01;Прометей01 выполняет видеонаблюдение, СКУД, слаботочные сети, электромонтаж, пожарную сигнализацию, огнезащиту, ПНР и документацию в Камне-на-Оби.;Прометей01 выполняет монтаж, настройку и обслуживание систем безопасности в Камне-на-Оби: видеонаблюдение, СКУД, пожарную сигнализацию, слаботочные сети, электромонтаж и сопутствующую документацию. На первом экране стоит сразу обозначить, для каких объектов в Камне-на-Оби можно рассчитать работы после осмотра или по исходным данным.;draft
sovetsk;Советск;Калининградская область;Советске;Системы безопасности в Советске | Прометей01;Прометей01 выполняет видеонаблюдение, СКУД, слаботочные сети, электромонтаж, пожарную сигнализацию, огнезащиту, ПНР и документацию в Советске.;Прометей01 выполняет монтаж, настройку и обслуживание систем безопасности в Советске: видеонаблюдение, СКУД, пожарную сигнализацию, слаботочные сети, электромонтаж и сопутствующую документацию. На первом экране стоит сразу обозначить, для каких объектов в Советске можно рассчитать работы после осмотра или по исходным данным.;draft
pugachev;Пугачёв;Саратовская область;Пугачёве;Системы безопасности в Пугачёве | Прометей01;Прометей01 выполняет видеонаблюдение, СКУД, слаботочные сети, электромонтаж, пожарную сигнализацию, огнезащиту, ПНР и документацию в Пугачёве.;Прометей01 выполняет монтаж, настройку и обслуживание систем безопасности в Пугачёве: видеонаблюдение, СКУД, пожарную сигнализацию, слаботочные сети, электромонтаж и сопутствующую документацию. На первом экране стоит сразу обозначить, для каких объектов в Пугачёве можно рассчитать работы после осмотра или по исходным данным.;draft
langepas;Лангепас;Ханты-Мансийский автономный округ — Югра;Лангепасе;Системы безопасности в Лангепасе | Прометей01;Прометей01 выполняет видеонаблюдение, СКУД, слаботочные сети, электромонтаж, пожарную сигнализацию, огнезащиту, ПНР и документацию в Лангепасе.;Прометей01 выполняет монтаж, настройку и обслуживание систем безопасности в Лангепасе: видеонаблюдение, СКУД, пожарную сигнализацию, слаботочные сети, электромонтаж и сопутствующую документацию. На первом экране стоит сразу обозначить, для каких объектов в Лангепасе можно рассчитать работы после осмотра или по исходным данным.;draft
birsk;Бирск;Республика Башкортостан;Бирске;Системы безопасности в Бирске | Прометей01;Прометей01 выполняет видеонаблюдение, СКУД, слаботочные сети, электромонтаж, пожарную сигнализацию, огнезащиту, ПНР и документацию в Бирске.;Прометей01 выполняет монтаж, настройку и обслуживание систем безопасности в Бирске: видеонаблюдение, СКУД, пожарную сигнализацию, слаботочные сети, электромонтаж и сопутствующую документацию. На первом экране стоит сразу обозначить, для каких объектов в Бирске можно рассчитать работы после осмотра или по исходным данным.;draft
uryupinsk;Урюпинск;Волгоградская область;Урюпинске;Системы безопасности в Урюпинске | Прометей01;Прометей01 выполняет видеонаблюдение, СКУД, слаботочные сети, электромонтаж, пожарную сигнализацию, огнезащиту, ПНР и документацию в Урюпинске.;Прометей01 выполняет монтаж, настройку и обслуживание систем безопасности в Урюпинске: видеонаблюдение, СКУД, пожарную сигнализацию, слаботочные сети, электромонтаж и сопутствующую документацию. На первом экране стоит сразу обозначить, для каких объектов в Урюпинске можно рассчитать работы после осмотра или по исходным данным.;draft
morshansk;Моршанск;Тамбовская область;Моршанске;Системы безопасности в Моршанске | Прометей01;Прометей01 выполняет видеонаблюдение, СКУД, слаботочные сети, электромонтаж, пожарную сигнализацию, огнезащиту, ПНР и документацию в Моршанске.;Прометей01 выполняет монтаж, настройку и обслуживание систем безопасности в Моршанске: видеонаблюдение, СКУД, пожарную сигнализацию, слаботочные сети, электромонтаж и сопутствующую документацию. На первом экране стоит сразу обозначить, для каких объектов в Моршанске можно рассчитать работы после осмотра или по исходным данным.;draft
pyt-yah;Пыть-Ях;Ханты-Мансийский автономный округ — Югра;Пыть-Яхе;Системы безопасности в Пыть-Яхе | Прометей01;Прометей01 выполняет видеонаблюдение, СКУД, слаботочные сети, электромонтаж, пожарную сигнализацию, огнезащиту, ПНР и документацию в Пыть-Яхе.;Прометей01 выполняет монтаж, настройку и обслуживание систем безопасности в Пыть-Яхе: видеонаблюдение, СКУД, пожарную сигнализацию, слаботочные сети, электромонтаж и сопутствующую документацию. На первом экране стоит сразу обозначить, для каких объектов в Пыть-Яхе можно рассчитать работы после осмотра или по исходным данным.;draft
konakovo;Конаково;Тверская область;Конакове;Системы безопасности в Конакове | Прометей01;Прометей01 выполняет видеонаблюдение, СКУД, слаботочные сети, электромонтаж, пожарную сигнализацию, огнезащиту, ПНР и документацию в Конакове.;Прометей01 выполняет монтаж, настройку и обслуживание систем безопасности в Конакове: видеонаблюдение, СКУД, пожарную сигнализацию, слаботочные сети, электромонтаж и сопутствующую документацию. На первом экране стоит сразу обозначить, для каких объектов в Конакове можно рассчитать работы после осмотра или по исходным данным.;draft
rtischevo;Ртищево;Саратовская область;Ртищеве;Системы безопасности в Ртищеве | Прометей01;Прометей01 выполняет видеонаблюдение, СКУД, слаботочные сети, электромонтаж, пожарную сигнализацию, огнезащиту, ПНР и документацию в Ртищеве.;Прометей01 выполняет монтаж, настройку и обслуживание систем безопасности в Ртищеве: видеонаблюдение, СКУД, пожарную сигнализацию, слаботочные сети, электромонтаж и сопутствующую документацию. На первом экране стоит сразу обозначить, для каких объектов в Ртищеве можно рассчитать работы после осмотра или по исходным данным.;draft
vyazniki;Вязники;Владимирская область;Вязниках;Системы безопасности в Вязниках | Прометей01;Прометей01 выполняет видеонаблюдение, СКУД, слаботочные сети, электромонтаж, пожарную сигнализацию, огнезащиту, ПНР и документацию в Вязниках.;Прометей01 выполняет монтаж, настройку и обслуживание систем безопасности в Вязниках: видеонаблюдение, СКУД, пожарную сигнализацию, слаботочные сети, электромонтаж и сопутствующую документацию. На первом экране стоит сразу обозначить, для каких объектов в Вязниках можно рассчитать работы после осмотра или по исходным данным.;draft
korenovsk;Кореновск;Краснодарский край;Кореновске;Системы безопасности в Кореновске | Прометей01;Прометей01 выполняет видеонаблюдение, СКУД, слаботочные сети, электромонтаж, пожарную сигнализацию, огнезащиту, ПНР и документацию в Кореновске.;Прометей01 выполняет монтаж, настройку и обслуживание систем безопасности в Кореновске: видеонаблюдение, СКУД, пожарную сигнализацию, слаботочные сети, электромонтаж и сопутствующую документацию. На первом экране стоит сразу обозначить, для каких объектов в Кореновске можно рассчитать работы после осмотра или по исходным данным.;draft
usinsk;Усинск;Республика Коми;Усинске;Системы безопасности в Усинске | Прометей01;Прометей01 выполняет видеонаблюдение, СКУД, слаботочные сети, электромонтаж, пожарную сигнализацию, огнезащиту, ПНР и документацию в Усинске.;Прометей01 выполняет монтаж, настройку и обслуживание систем безопасности в Усинске: видеонаблюдение, СКУД, пожарную сигнализацию, слаботочные сети, электромонтаж и сопутствующую документацию. На первом экране стоит сразу обозначить, для каких объектов в Усинске можно рассчитать работы после осмотра или по исходным данным.;draft
tutaev;Тутаев;Ярославская область;Тутаеве;Системы безопасности в Тутаеве | Прометей01;Прометей01 выполняет видеонаблюдение, СКУД, слаботочные сети, электромонтаж, пожарную сигнализацию, огнезащиту, ПНР и документацию в Тутаеве.;Прометей01 выполняет монтаж, настройку и обслуживание систем безопасности в Тутаеве: видеонаблюдение, СКУД, пожарную сигнализацию, слаботочные сети, электромонтаж и сопутствующую документацию. На первом экране стоит сразу обозначить, для каких объектов в Тутаеве можно рассчитать работы после осмотра или по исходным данным.;draft
krasnyy-sulin;Красный Сулин;Ростовская область;Красном Сулине;Системы безопасности в Красном Сулине | Прометей01;Прометей01 выполняет видеонаблюдение, СКУД, слаботочные сети, электромонтаж, пожарную сигнализацию, огнезащиту, ПНР и документацию в Красном Сулине.;Прометей01 выполняет монтаж, настройку и обслуживание систем безопасности в Красном Сулине: видеонаблюдение, СКУД, пожарную сигнализацию, слаботочные сети, электромонтаж и сопутствующую документацию. На первом экране стоит сразу обозначить, для каких объектов в Красном Сулине можно рассчитать работы после осмотра или по исходным данным.;draft
sayansk;Саянск;Иркутская область;Саянске;Системы безопасности в Саянске | Прометей01;Прометей01 выполняет видеонаблюдение, СКУД, слаботочные сети, электромонтаж, пожарную сигнализацию, огнезащиту, ПНР и документацию в Саянске.;Прометей01 выполняет монтаж, настройку и обслуживание систем безопасности в Саянске: видеонаблюдение, СКУД, пожарную сигнализацию, слаботочные сети, электромонтаж и сопутствующую документацию. На первом экране стоит сразу обозначить, для каких объектов в Саянске можно рассчитать работы после осмотра или по исходным данным.;draft
novodvinsk;Новодвинск;Архангельская область;Новодвинске;Системы безопасности в Новодвинске | Прометей01;Прометей01 выполняет видеонаблюдение, СКУД, слаботочные сети, электромонтаж, пожарную сигнализацию, огнезащиту, ПНР и документацию в Новодвинске.;Прометей01 выполняет монтаж, настройку и обслуживание систем безопасности в Новодвинске: видеонаблюдение, СКУД, пожарную сигнализацию, слаботочные сети, электромонтаж и сопутствующую документацию. На первом экране стоит сразу обозначить, для каких объектов в Новодвинске можно рассчитать работы после осмотра или по исходным данным.;draft
novozybkov;Новозыбков;Брянская область;Новозыбкове;Системы безопасности в Новозыбкове | Прометей01;Прометей01 выполняет видеонаблюдение, СКУД, слаботочные сети, электромонтаж, пожарную сигнализацию, огнезащиту, ПНР и документацию в Новозыбкове.;Прометей01 выполняет монтаж, настройку и обслуживание систем безопасности в Новозыбкове: видеонаблюдение, СКУД, пожарную сигнализацию, слаботочные сети, электромонтаж и сопутствующую документацию. На первом экране стоит сразу обозначить, для каких объектов в Новозыбкове можно рассчитать работы после осмотра или по исходным данным.;draft
lyudinovo;Людиново;Калужская область;Людинове;Системы безопасности в Людинове | Прометей01;Прометей01 выполняет видеонаблюдение, СКУД, слаботочные сети, электромонтаж, пожарную сигнализацию, огнезащиту, ПНР и документацию в Людинове.;Прометей01 выполняет монтаж, настройку и обслуживание систем безопасности в Людинове: видеонаблюдение, СКУД, пожарную сигнализацию, слаботочные сети, электромонтаж и сопутствующую документацию. На первом экране стоит сразу обозначить, для каких объектов в Людинове можно рассчитать работы после осмотра или по исходным данным.;draft
izobilnyy;Изобильный;Ставропольский край;Изобильном;Системы безопасности в Изобильном | Прометей01;Прометей01 выполняет видеонаблюдение, СКУД, слаботочные сети, электромонтаж, пожарную сигнализацию, огнезащиту, ПНР и документацию в Изобильном.;Прометей01 выполняет монтаж, настройку и обслуживание систем безопасности в Изобильном: видеонаблюдение, СКУД, пожарную сигнализацию, слаботочные сети, электромонтаж и сопутствующую документацию. На первом экране стоит сразу обозначить, для каких объектов в Изобильном можно рассчитать работы после осмотра или по исходным данным.;draft
mariinsk;Мариинск;Кемеровская область;Мариинске;Системы безопасности в Мариинске | Прометей01;Прометей01 выполняет видеонаблюдение, СКУД, слаботочные сети, электромонтаж, пожарную сигнализацию, огнезащиту, ПНР и документацию в Мариинске.;Прометей01 выполняет монтаж, настройку и обслуживание систем безопасности в Мариинске: видеонаблюдение, СКУД, пожарную сигнализацию, слаботочные сети, электромонтаж и сопутствующую документацию. На первом экране стоит сразу обозначить, для каких объектов в Мариинске можно рассчитать работы после осмотра или по исходным данным.;draft
chernyahovsk;Черняховск;Калининградская область;Черняховске;Системы безопасности в Черняховске | Прометей01;Прометей01 выполняет видеонаблюдение, СКУД, слаботочные сети, электромонтаж, пожарную сигнализацию, огнезащиту, ПНР и документацию в Черняховске.;Прометей01 выполняет монтаж, настройку и обслуживание систем безопасности в Черняховске: видеонаблюдение, СКУД, пожарную сигнализацию, слаботочные сети, электромонтаж и сопутствующую документацию. На первом экране стоит сразу обозначить, для каких объектов в Черняховске можно рассчитать работы после осмотра или по исходным данным.;draft
zavolzhe;Заволжье;Нижегородская область;Заволжье;Системы безопасности в Заволжье | Прометей01;Прометей01 выполняет видеонаблюдение, СКУД, слаботочные сети, электромонтаж, пожарную сигнализацию, огнезащиту, ПНР и документацию в Заволжье.;Прометей01 выполняет монтаж, настройку и обслуживание систем безопасности в Заволжье: видеонаблюдение, СКУД, пожарную сигнализацию, слаботочные сети, электромонтаж и сопутствующую документацию. На первом экране стоит сразу обозначить, для каких объектов в Заволжье можно рассчитать работы после осмотра или по исходным данным.;draft
apsheronsk;Апшеронск;Краснодарский край;Апшеронске;Системы безопасности в Апшеронске | Прометей01;Прометей01 выполняет видеонаблюдение, СКУД, слаботочные сети, электромонтаж, пожарную сигнализацию, огнезащиту, ПНР и документацию в Апшеронске.;Прометей01 выполняет монтаж, настройку и обслуживание систем безопасности в Апшеронске: видеонаблюдение, СКУД, пожарную сигнализацию, слаботочные сети, электромонтаж и сопутствующую документацию. На первом экране стоит сразу обозначить, для каких объектов в Апшеронске можно рассчитать работы после осмотра или по исходным данным.;draft
krasnoufimsk;Красноуфимск;Свердловская область;Красноуфимске;Системы безопасности в Красноуфимске | Прометей01;Прометей01 выполняет видеонаблюдение, СКУД, слаботочные сети, электромонтаж, пожарную сигнализацию, огнезащиту, ПНР и документацию в Красноуфимске.;Прометей01 выполняет монтаж, настройку и обслуживание систем безопасности в Красноуфимске: видеонаблюдение, СКУД, пожарную сигнализацию, слаботочные сети, электромонтаж и сопутствующую документацию. На первом экране стоит сразу обозначить, для каких объектов в Красноуфимске можно рассчитать работы после осмотра или по исходным данным.;draft
koryazhma;Коряжма;Архангельская область;Коряжме;Системы безопасности в Коряжме | Прометей01;Прометей01 выполняет видеонаблюдение, СКУД, слаботочные сети, электромонтаж, пожарную сигнализацию, огнезащиту, ПНР и документацию в Коряжме.;Прометей01 выполняет монтаж, настройку и обслуживание систем безопасности в Коряжме: видеонаблюдение, СКУД, пожарную сигнализацию, слаботочные сети, электромонтаж и сопутствующую документацию. На первом экране стоит сразу обозначить, для каких объектов в Коряжме можно рассчитать работы после осмотра или по исходным данным.;draft
kamenka;Каменка;Пензенская область;Каменке;Системы безопасности в Каменке | Прометей01;Прометей01 выполняет видеонаблюдение, СКУД, слаботочные сети, электромонтаж, пожарную сигнализацию, огнезащиту, ПНР и документацию в Каменке.;Прометей01 выполняет монтаж, настройку и обслуживание систем безопасности в Каменке: видеонаблюдение, СКУД, пожарную сигнализацию, слаботочные сети, электромонтаж и сопутствующую документацию. На первом экране стоит сразу обозначить, для каких объектов в Каменке можно рассчитать работы после осмотра или по исходным данным.;draft
elizovo;Елизово;Камчатский край;Елизове;Системы безопасности в Елизове | Прометей01;Прометей01 выполняет видеонаблюдение, СКУД, слаботочные сети, электромонтаж, пожарную сигнализацию, огнезащиту, ПНР и документацию в Елизове.;Прометей01 выполняет монтаж, настройку и обслуживание систем безопасности в Елизове: видеонаблюдение, СКУД, пожарную сигнализацию, слаботочные сети, электромонтаж и сопутствующую документацию. На первом экране стоит сразу обозначить, для каких объектов в Елизове можно рассчитать работы после осмотра или по исходным данным.;draft
frolovo;Фролово;Волгоградская область;Фролове;Системы безопасности в Фролове | Прометей01;Прометей01 выполняет видеонаблюдение, СКУД, слаботочные сети, электромонтаж, пожарную сигнализацию, огнезащиту, ПНР и документацию в Фролове.;Прометей01 выполняет монтаж, настройку и обслуживание систем безопасности в Фролове: видеонаблюдение, СКУД, пожарную сигнализацию, слаботочные сети, электромонтаж и сопутствующую документацию. На первом экране стоит сразу обозначить, для каких объектов в Фролове можно рассчитать работы после осмотра или по исходным данным.;draft
uray;Урай;Ханты-Мансийский автономный округ — Югра;Урае;Системы безопасности в Урае | Прометей01;Прометей01 выполняет видеонаблюдение, СКУД, слаботочные сети, электромонтаж, пожарную сигнализацию, огнезащиту, ПНР и документацию на объектах в Урае.;Прометей01 выполняет монтаж, настройку и обслуживание систем безопасности в Урае: видеонаблюдение, СКУД, пожарную сигнализацию, слаботочные сети, электромонтаж и сопутствующую документацию. На первом экране стоит сразу обозначить, для каких объектов в Урае можно рассчитать работы после осмотра или по исходным данным.;draft
bolshoy-kamen;Большой Камень;Приморский край;Большом Камне;Системы безопасности в Большом Камне | Прометей01;Прометей01 выполняет видеонаблюдение, СКУД, слаботочные сети, электромонтаж, пожарную сигнализацию, огнезащиту, ПНР и документацию в Большом Камне.;Прометей01 выполняет монтаж, настройку и обслуживание систем безопасности в Большом Камне: видеонаблюдение, СКУД, пожарную сигнализацию, слаботочные сети, электромонтаж и сопутствующую документацию. На первом экране стоит сразу обозначить, для каких объектов в Большом Камне можно рассчитать работы после осмотра или по исходным данным.;draft
tosno;Тосно;Ленинградская область;Тосно;Системы безопасности в Тосно | Прометей01;Прометей01 выполняет видеонаблюдение, СКУД, слаботочные сети, электромонтаж, пожарную сигнализацию, огнезащиту, ПНР и документацию на объектах в Тосно.;Прометей01 выполняет монтаж, настройку и обслуживание систем безопасности в Тосно: видеонаблюдение, СКУД, пожарную сигнализацию, слаботочные сети, электромонтаж и сопутствующую документацию. На первом экране стоит сразу обозначить, для каких объектов в Тосно можно рассчитать работы после осмотра или по исходным данным.;draft
alekseevka;Алексеевка;Белгородская область;Алексеевке;Системы безопасности в Алексеевке | Прометей01;Прометей01 выполняет видеонаблюдение, СКУД, слаботочные сети, электромонтаж, пожарную сигнализацию, огнезащиту, ПНР и документацию в Алексеевке.;Прометей01 выполняет монтаж, настройку и обслуживание систем безопасности в Алексеевке: видеонаблюдение, СКУД, пожарную сигнализацию, слаботочные сети, электромонтаж и сопутствующую документацию. На первом экране стоит сразу обозначить, для каких объектов в Алексеевке можно рассчитать работы после осмотра или по исходным данным.;draft
korkino;Коркино;Челябинская область;Коркино;Системы безопасности в Коркино | Прометей01;Прометей01 выполняет видеонаблюдение, СКУД, слаботочные сети, электромонтаж, пожарную сигнализацию, огнезащиту, ПНР и документацию в Коркино.;Прометей01 выполняет монтаж, настройку и обслуживание систем безопасности в Коркино: видеонаблюдение, СКУД, пожарную сигнализацию, слаботочные сети, электромонтаж и сопутствующую документацию. На первом экране стоит сразу обозначить, для каких объектов в Коркино можно рассчитать работы после осмотра или по исходным данным.;draft
kyshtym;Кыштым;Челябинская область;Кыштыме;Системы безопасности в Кыштыме | Прометей01;Прометей01 выполняет видеонаблюдение, СКУД, слаботочные сети, электромонтаж, пожарную сигнализацию, огнезащиту, ПНР и документацию в Кыштыме.;Прометей01 выполняет монтаж, настройку и обслуживание систем безопасности в Кыштыме: видеонаблюдение, СКУД, пожарную сигнализацию, слаботочные сети, электромонтаж и сопутствующую документацию. На первом экране стоит сразу обозначить, для каких объектов в Кыштыме можно рассчитать работы после осмотра или по исходным данным.;draft
lyantor;Лянтор;Ханты-Мансийский автономный округ — Югра;Лянторе;Системы безопасности в Лянторе | Прометей01;Прометей01 выполняет видеонаблюдение, СКУД, слаботочные сети, электромонтаж, пожарную сигнализацию, огнезащиту, ПНР и документацию в Лянторе.;Прометей01 выполняет монтаж, настройку и обслуживание систем безопасности в Лянторе: видеонаблюдение, СКУД, пожарную сигнализацию, слаботочные сети, электромонтаж и сопутствующую документацию. На первом экране стоит сразу обозначить, для каких объектов в Лянторе можно рассчитать работы после осмотра или по исходным данным.;draft
mozdok;Моздок;Республика Северная Осетия — Алания;Моздоке;Системы безопасности в Моздоке | Прометей01;Прометей01 выполняет видеонаблюдение, СКУД, слаботочные сети, электромонтаж, пожарную сигнализацию, огнезащиту, ПНР и документацию в Моздоке.;Прометей01 выполняет монтаж, настройку и обслуживание систем безопасности в Моздоке: видеонаблюдение, СКУД, пожарную сигнализацию, слаботочные сети, электромонтаж и сопутствующую документацию. На первом экране стоит сразу обозначить, для каких объектов в Моздоке можно рассчитать работы после осмотра или по исходным данным.;draft
rezh;Реж;Свердловская область;Реже;Системы безопасности в Реже | Прометей01;Прометей01 выполняет видеонаблюдение, СКУД, слаботочные сети, электромонтаж, пожарную сигнализацию, огнезащиту, ПНР и документацию на объектах в Реже.;Прометей01 выполняет монтаж, настройку и обслуживание систем безопасности в Реже: видеонаблюдение, СКУД, пожарную сигнализацию, слаботочные сети, электромонтаж и сопутствующую документацию. На первом экране стоит сразу обозначить, для каких объектов в Реже можно рассчитать работы после осмотра или по исходным данным.;draft
partizansk;Партизанск;Приморский край;Партизанске;Системы безопасности в Партизанске | Прометей01;Прометей01 выполняет видеонаблюдение, СКУД, слаботочные сети, электромонтаж, пожарную сигнализацию, огнезащиту, ПНР и документацию в Партизанске.;Прометей01 выполняет монтаж, настройку и обслуживание систем безопасности в Партизанске: видеонаблюдение, СКУД, пожарную сигнализацию, слаботочные сети, электромонтаж и сопутствующую документацию. На первом экране стоит сразу обозначить, для каких объектов в Партизанске можно рассчитать работы после осмотра или по исходным данным.;draft
dzhankoy;Джанкой;Республика Крым;Джанкое;Системы безопасности в Джанкое | Прометей01;Прометей01 выполняет видеонаблюдение, СКУД, слаботочные сети, электромонтаж, пожарную сигнализацию, огнезащиту, ПНР и документацию в Джанкое.;Прометей01 выполняет монтаж, настройку и обслуживание систем безопасности в Джанкое: видеонаблюдение, СКУД, пожарную сигнализацию, слаботочные сети, электромонтаж и сопутствующую документацию. На первом экране стоит сразу обозначить, для каких объектов в Джанкое можно рассчитать работы после осмотра или по исходным данным.;draft
sharypovo;Шарыпово;Красноярский край;Шарыпово;Системы безопасности в Шарыпово | Прометей01;Прометей01 выполняет видеонаблюдение, СКУД, слаботочные сети, электромонтаж, пожарную сигнализацию, огнезащиту, ПНР и документацию в Шарыпово.;Прометей01 выполняет монтаж, настройку и обслуживание систем безопасности в Шарыпово: видеонаблюдение, СКУД, пожарную сигнализацию, слаботочные сети, электромонтаж и сопутствующую документацию. На первом экране стоит сразу обозначить, для каких объектов в Шарыпово можно рассчитать работы после осмотра или по исходным данным.;draft
svetlograd;Светлоград;Ставропольский край;Светлограде;Системы безопасности в Светлограде | Прометей01;Прометей01 выполняет видеонаблюдение, СКУД, слаботочные сети, электромонтаж, пожарную сигнализацию, огнезащиту, ПНР и документацию в Светлограде.;Прометей01 выполняет монтаж, настройку и обслуживание систем безопасности в Светлограде: видеонаблюдение, СКУД, пожарную сигнализацию, слаботочные сети, электромонтаж и сопутствующую документацию. На первом экране стоит сразу обозначить, для каких объектов в Светлограде можно рассчитать работы после осмотра или по исходным данным.;draft
sokol;Сокол;Вологодская область;Соколе;Системы безопасности в Соколе | Прометей01;Прометей01 выполняет видеонаблюдение, СКУД, слаботочные сети, электромонтаж, пожарную сигнализацию и ПНР в Соколе. Формат работ зависит от объекта.;Прометей01 выполняет монтаж и настройку систем безопасности в Соколе: видеонаблюдение, СКУД, пожарная сигнализация, слаботочные сети и сопутствующая документация. Формат работ подбирается с учетом типа объекта и требований к обслуживанию.;draft
irbit;Ирбит;Свердловская область;Ирбите;Системы безопасности в Ирбите | Прометей01;Прометей01 выполняет видеонаблюдение, СКУД, слаботочные сети, электромонтаж, пожарную сигнализацию и ПНР в Ирбите. Формат работ зависит от объекта.;Прометей01 выполняет монтаж и настройку систем безопасности в Ирбите: видеонаблюдение, СКУД, пожарная сигнализация, слаботочные сети и сопутствующая документация. Формат работ подбирается с учетом типа объекта и требований к обслуживанию.;draft
gay;Гай;Оренбургская область;Гае;Системы безопасности в Гае | Прометей01;Прометей01 выполняет видеонаблюдение, СКУД, слаботочные сети, электромонтаж, пожарную сигнализацию и ПНР в Гае. Формат работ зависит от объекта.;Прометей01 выполняет монтаж и настройку систем безопасности в Гае: видеонаблюдение, СКУД, пожарная сигнализация, слаботочные сети и сопутствующая документация. Формат работ подбирается с учетом типа объекта и требований к обслуживанию.;draft
alatyr;Алатырь;Чувашская Республика;Алатыре;Системы безопасности в Алатыре | Прометей01;Прометей01 выполняет видеонаблюдение, СКУД, слаботочные сети, электромонтаж, пожарную сигнализацию и ПНР в Алатыре. Формат работ зависит от объекта.;Прометей01 выполняет монтаж и настройку систем безопасности в Алатыре: видеонаблюдение, СКУД, пожарная сигнализация, слаботочные сети и сопутствующая документация. Формат работ подбирается с учетом типа объекта и требований к обслуживанию.;draft
alapaevsk;Алапаевск;Свердловская область;Алапаевске;Системы безопасности в Алапаевске | Прометей01;Прометей01 выполняет видеонаблюдение, СКУД, слаботочные сети, электромонтаж, пожарную сигнализацию и ПНР в Алапаевске. Формат работ зависит от объекта.;Прометей01 выполняет монтаж и настройку систем безопасности в Алапаевске: видеонаблюдение, СКУД, пожарная сигнализация, слаботочные сети и сопутствующая документация. Формат работ подбирается с учетом типа объекта и требований к обслуживанию.;draft
temryuk;Темрюк;Краснодарский край;Темрюке;Системы безопасности в Темрюке | Прометей01;Прометей01 выполняет видеонаблюдение, СКУД, слаботочные сети, электромонтаж, пожарную сигнализацию и ПНР в Темрюке. Формат работ зависит от объекта.;Прометей01 выполняет монтаж и настройку систем безопасности в Темрюке: видеонаблюдение, СКУД, пожарная сигнализация, слаботочные сети и сопутствующая документация. Формат работ подбирается с учетом типа объекта и требований к обслуживанию.;draft
yuzhnouralsk;Южноуральск;Челябинская область;Южноуральске;Системы безопасности в Южноуральске | Прометей01;Прометей01 выполняет видеонаблюдение, СКУД, слаботочные сети, электромонтаж, пожарную сигнализацию и ПНР в Южноуральске. Формат работ зависит от объекта.;Прометей01 выполняет монтаж и настройку систем безопасности в Южноуральске: видеонаблюдение, СКУД, пожарная сигнализация, слаботочные сети и сопутствующая документация. Формат работ подбирается с учетом типа объекта и требований к обслуживанию.;draft
uchaly;Учалы;Республика Башкортостан;Учалах;Системы безопасности в Учалах | Прометей01;Прометей01 выполняет видеонаблюдение, СКУД, слаботочные сети, электромонтаж, пожарную сигнализацию и ПНР в Учалах. Формат работ зависит от объекта.;Прометей01 выполняет монтаж и настройку систем безопасности в Учалах: видеонаблюдение, СКУД, пожарная сигнализация, слаботочные сети и сопутствующая документация. Формат работ подбирается с учетом типа объекта и требований к обслуживанию.;draft
vichuga;Вичуга;Ивановская область;Вичуге;Системы безопасности в Вичуге | Прометей01;Прометей01 выполняет видеонаблюдение, СКУД, слаботочные сети, электромонтаж, пожарную сигнализацию и ПНР в Вичуге. Формат работ зависит от объекта.;Прометей01 выполняет монтаж и настройку систем безопасности в Вичуге: видеонаблюдение, СКУД, пожарная сигнализация, слаботочные сети и сопутствующая документация. Формат работ подбирается с учетом типа объекта и требований к обслуживанию.;draft
dalnegorsk;Дальнегорск;Приморский край;Дальнегорске;Системы безопасности в Дальнегорске | Прометей01;Прометей01 выполняет видеонаблюдение, СКУД, слаботочные сети, электромонтаж, пожарную сигнализацию и ПНР в Дальнегорске. Формат работ зависит от объекта.;Прометей01 выполняет монтаж и настройку систем безопасности в Дальнегорске: видеонаблюдение, СКУД, пожарная сигнализация, слаботочные сети и сопутствующая документация. Формат работ подбирается с учетом типа объекта и требований к обслуживанию.;draft
protvino;Протвино;Московская область;Протвино;Системы безопасности в Протвино | Прометей01;Прометей01 выполняет видеонаблюдение, СКУД, слаботочные сети, электромонтаж, пожарную сигнализацию и ПНР в Протвино. Формат работ зависит от объекта.;Прометей01 выполняет монтаж и настройку систем безопасности в Протвино: видеонаблюдение, СКУД, пожарная сигнализация, слаботочные сети и сопутствующая документация. Формат работ подбирается с учетом типа объекта и требований к обслуживанию.;draft
mirnyy;Мирный;Республика Саха (Якутия);Мирном;Системы безопасности в Мирном | Прометей01;Прометей01 выполняет видеонаблюдение, СКУД, слаботочные сети, электромонтаж, пожарную сигнализацию и ПНР в Мирном. Формат работ зависит от объекта.;Прометей01 выполняет монтаж и настройку систем безопасности в Мирном: видеонаблюдение, СКУД, пожарная сигнализация, слаботочные сети и сопутствующая документация. Формат работ подбирается с учетом типа объекта и требований к обслуживанию.;draft
nizhneudinsk;Нижнеудинск;Иркутская область;Нижнеудинске;Системы безопасности в Нижнеудинске | Прометей01;Прометей01 выполняет видеонаблюдение, СКУД, слаботочные сети, электромонтаж, пожарную сигнализацию и ПНР в Нижнеудинске. Формат работ зависит от объекта.;Прометей01 выполняет монтаж и настройку систем безопасности в Нижнеудинске: видеонаблюдение, СКУД, пожарная сигнализация, слаботочные сети и сопутствующая документация. Формат работ подбирается с учетом типа объекта и требований к обслуживанию.;draft
lesozavodsk;Лесозаводск;Приморский край;Лесозаводске;Системы безопасности в Лесозаводске | Прометей01;Прометей01 выполняет видеонаблюдение, СКУД, слаботочные сети, электромонтаж, пожарную сигнализацию и ПНР в Лесозаводске. Формат работ зависит от объекта.;Прометей01 выполняет монтаж и настройку систем безопасности в Лесозаводске: видеонаблюдение, СКУД, пожарная сигнализация, слаботочные сети и сопутствующая документация. Формат работ подбирается с учетом типа объекта и требований к обслуживанию.;draft
baksan;Баксан;Кабардино-Балкарская Республика;Баксане;Системы безопасности в Баксане | Прометей01;Прометей01 выполняет видеонаблюдение, СКУД, слаботочные сети, электромонтаж, пожарную сигнализацию и ПНР в Баксане. Формат работ зависит от объекта.;Прометей01 выполняет монтаж и настройку систем безопасности в Баксане: видеонаблюдение, СКУД, пожарная сигнализация, слаботочные сети и сопутствующая документация. Формат работ подбирается с учетом типа объекта и требований к обслуживанию.;draft
beslan;Беслан;Республика Северная Осетия — Алания;Беслане;Системы безопасности в Беслане | Прометей01;Прометей01 выполняет видеонаблюдение, СКУД, слаботочные сети, электромонтаж, пожарную сигнализацию и ПНР в Беслане. Формат работ зависит от объекта.;Прометей01 выполняет монтаж и настройку систем безопасности в Беслане: видеонаблюдение, СКУД, пожарная сигнализация, слаботочные сети и сопутствующая документация. Формат работ подбирается с учетом типа объекта и требований к обслуживанию.;draft
yalutorovsk;Ялуторовск;Тюменская область;Ялуторовске;Системы безопасности в Ялуторовске | Прометей01;Прометей01 выполняет видеонаблюдение, СКУД, слаботочные сети, электромонтаж, пожарную сигнализацию и ПНР в Ялуторовске. Формат работ зависит от объекта.;Прометей01 выполняет монтаж и настройку систем безопасности в Ялуторовске: видеонаблюдение, СКУД, пожарная сигнализация, слаботочные сети и сопутствующая документация. Формат работ подбирается с учетом типа объекта и требований к обслуживанию.;draft
millerovo;Миллерово;Ростовская область;Миллерово;Системы безопасности в Миллерово | Прометей01;Прометей01 выполняет видеонаблюдение, СКУД, слаботочные сети, электромонтаж, пожарную сигнализацию и ПНР в Миллерово. Формат работ зависит от объекта.;Прометей01 выполняет монтаж и настройку систем безопасности в Миллерово: видеонаблюдение, СКУД, пожарная сигнализация, слаботочные сети и сопутствующая документация. Формат работ подбирается с учетом типа объекта и требований к обслуживанию.;draft
luga;Луга;Ленинградская область;Луге;Системы безопасности в Луге | Прометей01;Прометей01 выполняет видеонаблюдение, СКУД, слаботочные сети, электромонтаж, пожарную сигнализацию и ПНР в Луге. Формат работ зависит от объекта.;Прометей01 выполняет монтаж и настройку систем безопасности в Луге: видеонаблюдение, СКУД, пожарная сигнализация, слаботочные сети и сопутствующая документация. Формат работ подбирается с учетом типа объекта и требований к обслуживанию.;draft
kizilyurt;Кизилюрт;Республика Дагестан;Кизилюрте;Системы безопасности в Кизилюрте | Прометей01;Прометей01 выполняет видеонаблюдение, СКУД, слаботочные сети, электромонтаж, пожарную сигнализацию и ПНР в Кизилюрте. Формат работ зависит от объекта.;Прометей01 выполняет монтаж и настройку систем безопасности в Кизилюрте: видеонаблюдение, СКУД, пожарная сигнализация, слаботочные сети и сопутствующая документация. Формат работ подбирается с учетом типа объекта и требований к обслуживанию.;draft
furmanov;Фурманов;Ивановская область;Фурманове;Системы безопасности в Фурманове | Прометей01;Прометей01 выполняет видеонаблюдение, СКУД, слаботочные сети, электромонтаж, пожарную сигнализацию и ПНР в Фурманове. Формат работ зависит от объекта.;Прометей01 выполняет монтаж и настройку систем безопасности в Фурманове: видеонаблюдение, СКУД, пожарная сигнализация, слаботочные сети и сопутствующая документация. Формат работ подбирается с учетом типа объекта и требований к обслуживанию.;draft
krasnoznamensk;Краснознаменск;Московская область;Краснознаменске;Системы безопасности в Краснознаменске | Прометей01;Прометей01 выполняет видеонаблюдение, СКУД, слаботочные сети, электромонтаж, пожарную сигнализацию и ПНР в Краснознаменске. Формат работ зависит от объекта.;Прометей01 выполняет монтаж и настройку систем безопасности в Краснознаменске: видеонаблюдение, СКУД, пожарная сигнализация, слаботочные сети и сопутствующая документация. Формат работ подбирается с учетом типа объекта и требований к обслуживанию.;draft
zelenokumsk;Зеленокумск;Ставропольский край;Зеленокумске;Системы безопасности в Зеленокумске | Прометей01;Прометей01 выполняет видеонаблюдение, СКУД, слаботочные сети, электромонтаж, пожарную сигнализацию и ПНР в Зеленокумске. Формат работ зависит от объекта.;Прометей01 выполняет монтаж и настройку систем безопасности в Зеленокумске: видеонаблюдение, СКУД, пожарная сигнализация, слаботочные сети и сопутствующая документация. Формат работ подбирается с учетом типа объекта и требований к обслуживанию.;draft
kulebaki;Кулебаки;Нижегородская область;Кулебаках;Системы безопасности в Кулебаках | Прометей01;Прометей01 выполняет видеонаблюдение, СКУД, слаботочные сети, электромонтаж, пожарную сигнализацию и ПНР в Кулебаках. Формат работ зависит от объекта.;Прометей01 выполняет монтаж и настройку систем безопасности в Кулебаках: видеонаблюдение, СКУД, пожарная сигнализация, слаботочные сети и сопутствующая документация. Формат работ подбирается с учетом типа объекта и требований к обслуживанию.;draft
dobryanka;Добрянка;Пермский край;Добрянке;Системы безопасности в Добрянке | Прометей01;Прометей01 выполняет видеонаблюдение, СКУД, слаботочные сети, электромонтаж, пожарную сигнализацию и ПНР в Добрянке. Формат работ зависит от объекта.;Прометей01 выполняет монтаж и настройку систем безопасности в Добрянке: видеонаблюдение, СКУД, пожарная сигнализация, слаботочные сети и сопутствующая документация. Формат работ подбирается с учетом типа объекта и требований к обслуживанию.;draft
kandalaksha;Кандалакша;Мурманская область;Кандалакше;Системы безопасности в Кандалакше | Прометей01;Прометей01 выполняет видеонаблюдение, СКУД, слаботочные сети, электромонтаж, пожарную сигнализацию и ПНР в Кандалакше. Формат работ зависит от объекта.;Прометей01 выполняет монтаж и настройку систем безопасности в Кандалакше: видеонаблюдение, СКУД, пожарная сигнализация, слаботочные сети и сопутствующая документация. Формат работ подбирается с учетом типа объекта и требований к обслуживанию.;draft
tynda;Тында;Амурская область;Тынде;Системы безопасности в Тынде | Прометей01;Прометей01 выполняет видеонаблюдение, СКУД, слаботочные сети, электромонтаж, пожарную сигнализацию и ПНР в Тынде. Формат работ зависит от объекта.;Прометей01 выполняет монтаж и настройку систем безопасности в Тынде: видеонаблюдение, СКУД, пожарная сигнализация, слаботочные сети и сопутствующая документация. Формат работ подбирается с учетом типа объекта и требований к обслуживанию.;draft
tayshet;Тайшет;Иркутская область;Тайшете;Системы безопасности в Тайшете | Прометей01;Прометей01 выполняет видеонаблюдение, СКУД, слаботочные сети, электромонтаж, пожарную сигнализацию и ПНР в Тайшете. Формат работ зависит от объекта.;Прометей01 выполняет монтаж и настройку систем безопасности в Тайшете: видеонаблюдение, СКУД, пожарная сигнализация, слаботочные сети и сопутствующая документация. Формат работ подбирается с учетом типа объекта и требований к обслуживанию.;draft
tavda;Тавда;Свердловская область;Тавде;Системы безопасности в Тавде | Прометей01;Прометей01 выполняет видеонаблюдение, СКУД, слаботочные сети, электромонтаж, пожарную сигнализацию и ПНР в Тавде. Формат работ зависит от объекта.;Прометей01 выполняет монтаж и настройку систем безопасности в Тавде: видеонаблюдение, СКУД, пожарная сигнализация, слаботочные сети и сопутствующая документация. Формат работ подбирается с учетом типа объекта и требований к обслуживанию.;draft
serdobsk;Сердобск;Пензенская область;Сердобске;Системы безопасности в Сердобске | Прометей01;Прометей01 выполняет видеонаблюдение, СКУД, слаботочные сети, электромонтаж, пожарную сигнализацию и ПНР в Сердобске. Формат работ зависит от объекта.;Прометей01 выполняет монтаж и настройку систем безопасности в Сердобске: видеонаблюдение, СКУД, пожарная сигнализация, слаботочные сети и сопутствующая документация. Формат работ подбирается с учетом типа объекта и требований к обслуживанию.;draft
valuyki;Валуйки;Белгородская область;Валуйках;Системы безопасности в Валуйках | Прометей01;Прометей01 выполняет видеонаблюдение, СКУД, слаботочные сети, электромонтаж, пожарную сигнализацию, огнезащиту и ПНР в Валуйках на объектах.;Прометей01 выполняет монтаж и настройку систем безопасности в Валуйках: видеонаблюдение, СКУД, пожарную сигнализацию, слаботочные сети и электромонтаж. Формат работ зависит от типа объекта, требований к доступу, пожарной безопасности и передаче документации.;draft
gulkevichi;Гулькевичи;Краснодарский край;Гулькевичах;Системы безопасности в Гулькевичах | Прометей01;Прометей01 выполняет видеонаблюдение, СКУД, слаботочные сети, электромонтаж, пожарную сигнализацию, огнезащиту и ПНР в Гулькевичах на объектах.;Прометей01 выполняет монтаж и настройку систем безопасности в Гулькевичах: видеонаблюдение, СКУД, пожарную сигнализацию, слаботочные сети и электромонтаж. Формат работ зависит от типа объекта, требований к доступу, пожарной безопасности и передаче документации.;draft
vyatskie-polyany;Вятские Поляны;Кировская область;Вятских Полянах;Системы безопасности в Вятских Полянах | Прометей01;Прометей01 выполняет видеонаблюдение, СКУД, слаботочные сети, электромонтаж, пожарную сигнализацию, огнезащиту и ПНР в Вятских Полянах на объектах.;Прометей01 выполняет монтаж и настройку систем безопасности в Вятских Полянах: видеонаблюдение, СКУД, пожарную сигнализацию, слаботочные сети и электромонтаж. Формат работ зависит от типа объекта, требований к доступу, пожарной безопасности и передаче документации.;draft
istra;Истра;Московская область;Истре;Системы безопасности в Истре | Прометей01;Прометей01 выполняет видеонаблюдение, СКУД, слаботочные сети, электромонтаж, пожарную сигнализацию, огнезащиту и ПНР в Истре на объектах города.;Прометей01 выполняет монтаж и настройку систем безопасности в Истре: видеонаблюдение, СКУД, пожарную сигнализацию, слаботочные сети и электромонтаж. Формат работ зависит от типа объекта, требований к доступу, пожарной безопасности и передаче документации.;draft
teykovo;Тейково;Ивановская область;Тейково;Системы безопасности в Тейково | Прометей01;Прометей01 выполняет видеонаблюдение, СКУД, слаботочные сети, электромонтаж, пожарную сигнализацию, огнезащиту и ПНР в Тейково на объектах города.;Прометей01 выполняет монтаж и настройку систем безопасности в Тейково: видеонаблюдение, СКУД, пожарную сигнализацию, слаботочные сети и электромонтаж. Формат работ зависит от типа объекта, требований к доступу, пожарной безопасности и передаче документации.;draft
abinsk;Абинск;Краснодарский край;Абинске;Системы безопасности в Абинске | Прометей01;Прометей01 выполняет видеонаблюдение, СКУД, слаботочные сети, электромонтаж, пожарную сигнализацию, огнезащиту и ПНР в Абинске на объектах города.;Прометей01 выполняет монтаж и настройку систем безопасности в Абинске: видеонаблюдение, СКУД, пожарную сигнализацию, слаботочные сети и электромонтаж. Формат работ зависит от типа объекта, требований к доступу, пожарной безопасности и передаче документации.;draft
aznakaevo;Азнакаево;Республика Татарстан;Азнакаево;Системы безопасности в Азнакаево | Прометей01;Прометей01 выполняет видеонаблюдение, СКУД, слаботочные сети, электромонтаж, пожарную сигнализацию, огнезащиту и ПНР в Азнакаево на объектах.;Прометей01 выполняет монтаж и настройку систем безопасности в Азнакаево: видеонаблюдение, СКУД, пожарную сигнализацию, слаботочные сети и электромонтаж. Формат работ зависит от типа объекта, требований к доступу, пожарной безопасности и передаче документации.;draft
novokubansk;Новокубанск;Краснодарский край;Новокубанске;Системы безопасности в Новокубанске | Прометей01;Прометей01 выполняет видеонаблюдение, СКУД, слаботочные сети, электромонтаж, пожарную сигнализацию, огнезащиту и ПНР в Новокубанске на объектах.;Прометей01 выполняет монтаж и настройку систем безопасности в Новокубанске: видеонаблюдение, СКУД, пожарную сигнализацию, слаботочные сети и электромонтаж. Формат работ зависит от типа объекта, требований к доступу, пожарной безопасности и передаче документации.;draft
suhoy-log;Сухой Лог;Свердловская область;Сухом Логе;Системы безопасности в Сухом Логе | Прометей01;Прометей01 выполняет видеонаблюдение, СКУД, слаботочные сети, электромонтаж, пожарную сигнализацию, огнезащиту и ПНР в Сухом Логе на объектах.;Прометей01 выполняет монтаж и настройку систем безопасности в Сухом Логе: видеонаблюдение, СКУД, пожарную сигнализацию, слаботочные сети и электромонтаж. Формат работ зависит от типа объекта, требований к доступу, пожарной безопасности и передаче документации.;draft
uglich;Углич;Ярославская область;Угличе;Системы безопасности в Угличе | Прометей01;Прометей01 выполняет видеонаблюдение, СКУД, слаботочные сети, электромонтаж, пожарную сигнализацию, огнезащиту и ПНР в Угличе на объектах города.;Прометей01 выполняет монтаж и настройку систем безопасности в Угличе: видеонаблюдение, СКУД, пожарную сигнализацию, слаботочные сети и электромонтаж. Формат работ зависит от типа объекта, требований к доступу, пожарной безопасности и передаче документации.;draft
kinel;Кинель;Самарская область;Кинеле;Системы безопасности в Кинеле | Прометей01;Прометей01 выполняет видеонаблюдение, СКУД, слаботочные сети, электромонтаж, пожарную сигнализацию, огнезащиту и ПНР в Кинеле на объектах города.;Прометей01 выполняет монтаж и настройку систем безопасности в Кинеле: видеонаблюдение, СКУД, пожарную сигнализацию, слаботочные сети и электромонтаж. Формат работ зависит от типа объекта, требований к доступу, пожарной безопасности и передаче документации.;draft
yugorsk;Югорск;Ханты-Мансийский автономный округ — Югра;Югорске;Системы безопасности в Югорске | Прометей01;Прометей01 выполняет видеонаблюдение, СКУД, слаботочные сети, электромонтаж, пожарную сигнализацию, огнезащиту и ПНР в Югорске на объектах города.;Прометей01 выполняет монтаж и настройку систем безопасности в Югорске: видеонаблюдение, СКУД, пожарную сигнализацию, слаботочные сети и электромонтаж. Формат работ зависит от типа объекта, требований к доступу, пожарной безопасности и передаче документации.;draft
slobodskoy;Слободской;Кировская область;Слободском;Системы безопасности в Слободском | Прометей01;Прометей01 выполняет видеонаблюдение, СКУД, слаботочные сети, электромонтаж, пожарную сигнализацию, огнезащиту и ПНР в Слободском на объектах.;Прометей01 выполняет монтаж и настройку систем безопасности в Слободском: видеонаблюдение, СКУД, пожарную сигнализацию, слаботочные сети и электромонтаж. Формат работ зависит от типа объекта, требований к доступу, пожарной безопасности и передаче документации.;draft
ostrogozhsk;Острогожск;Воронежская область;Острогожске;Системы безопасности в Острогожске | Прометей01;Прометей01 выполняет видеонаблюдение, СКУД, слаботочные сети, электромонтаж, пожарную сигнализацию, огнезащиту и ПНР в Острогожске на объектах.;Прометей01 выполняет монтаж и настройку систем безопасности в Острогожске: видеонаблюдение, СКУД, пожарную сигнализацию, слаботочные сети и электромонтаж. Формат работ зависит от типа объекта, требований к доступу, пожарной безопасности и передаче документации.;draft
trehgornyy;Трёхгорный;Челябинская область;Трёхгорном;Системы безопасности в Трёхгорном | Прометей01;Прометей01 выполняет видеонаблюдение, СКУД, слаботочные сети, электромонтаж, пожарную сигнализацию, огнезащиту и ПНР в Трёхгорном на объектах.;Прометей01 выполняет монтаж и настройку систем безопасности в Трёхгорном: видеонаблюдение, СКУД, пожарную сигнализацию, слаботочные сети и электромонтаж. Формат работ зависит от типа объекта, требований к доступу, пожарной безопасности и передаче документации.;draft
slancy;Сланцы;Ленинградская область;Сланцах;Системы безопасности в Сланцах | Прометей01;Прометей01 выполняет видеонаблюдение, СКУД, слаботочные сети, электромонтаж, пожарную сигнализацию, огнезащиту и ПНР в Сланцах на объектах города.;Прометей01 выполняет монтаж и настройку систем безопасности в Сланцах: видеонаблюдение, СКУД, пожарную сигнализацию, слаботочные сети и электромонтаж. Формат работ зависит от типа объекта, требований к доступу, пожарной безопасности и передаче документации.;draft
korsakov;Корсаков;Сахалинская область;Корсакове;Системы безопасности в Корсакове | Прометей01;Прометей01 выполняет видеонаблюдение, СКУД, слаботочные сети, электромонтаж, пожарную сигнализацию, огнезащиту и ПНР в Корсакове на объектах.;Прометей01 выполняет монтаж и настройку систем безопасности в Корсакове: видеонаблюдение, СКУД, пожарную сигнализацию, слаботочные сети и электромонтаж. Формат работ зависит от типа объекта, требований к доступу, пожарной безопасности и передаче документации.;draft
kasimov;Касимов;Рязанская область;Касимове;Системы безопасности в Касимове | Прометей01;Прометей01 выполняет видеонаблюдение, СКУД, слаботочные сети, электромонтаж, пожарную сигнализацию, огнезащиту и ПНР в Касимове на объектах.;Прометей01 выполняет монтаж и настройку систем безопасности в Касимове: видеонаблюдение, СКУД, пожарную сигнализацию, слаботочные сети и электромонтаж. Формат работ зависит от типа объекта, требований к доступу, пожарной безопасности и передаче документации.;draft
shumerlya;Шумерля;Чувашская Республика;Шумерле;Системы безопасности в Шумерле | Прометей01;Прометей01 выполняет видеонаблюдение, СКУД, слаботочные сети, электромонтаж, пожарную сигнализацию, огнезащиту и ПНР в Шумерле на объектах города.;Прометей01 выполняет монтаж и настройку систем безопасности в Шумерле: видеонаблюдение, СКУД, пожарную сигнализацию, слаботочные сети и электромонтаж. Формат работ зависит от типа объекта, требований к доступу, пожарной безопасности и передаче документации.;draft
muravlenko;Муравленко;Ямало-Ненецкий автономный округ;Муравленко;Системы безопасности в Муравленко | Прометей01;Прометей01 выполняет видеонаблюдение, СКУД, слаботочные сети, электромонтаж, пожарную сигнализацию, огнезащиту и ПНР в Муравленко на объектах.;Прометей01 выполняет монтаж и настройку систем безопасности в Муравленко: видеонаблюдение, СКУД, пожарную сигнализацию, слаботочные сети и электромонтаж. Формат работ зависит от типа объекта, требований к доступу, пожарной безопасности и передаче документации.;draft
chernushka;Чернушка;Пермский край;Чернушке;Системы безопасности в Чернушке | Прометей01;Прометей01 выполняет видеонаблюдение, СКУД, слаботочные сети, электромонтаж, пожарную сигнализацию, огнезащиту и ПНР в Чернушке на объектах.;Прометей01 выполняет монтаж и настройку систем безопасности в Чернушке: видеонаблюдение, СКУД, пожарную сигнализацию, слаботочные сети и электромонтаж. Формат работ зависит от типа объекта, требований к доступу, пожарной безопасности и передаче документации.;draft
sosnovoborsk;Сосновоборск;Красноярский край;Сосновоборске;Системы безопасности в Сосновоборске | Прометей01;Прометей01 выполняет видеонаблюдение, СКУД, слаботочные сети, электромонтаж, пожарную сигнализацию, огнезащиту и ПНР в Сосновоборске на объектах.;Прометей01 выполняет монтаж и настройку систем безопасности в Сосновоборске: видеонаблюдение, СКУД, пожарную сигнализацию, слаботочные сети и электромонтаж. Формат работ зависит от типа объекта, требований к доступу, пожарной безопасности и передаче документации.;draft
kushva;Кушва;Свердловская область;Кушве;Системы безопасности в Кушве | Прометей01;Прометей01 выполняет видеонаблюдение, СКУД, слаботочные сети, электромонтаж, пожарную сигнализацию, огнезащиту и ПНР в Кушве на объектах города.;Прометей01 выполняет монтаж и настройку систем безопасности в Кушве: видеонаблюдение, СКУД, пожарную сигнализацию, слаботочные сети и электромонтаж. Формат работ зависит от типа объекта, требований к доступу, пожарной безопасности и передаче документации.;draft
kondopoga;Кондопога;Республика Карелия;Кондопоге;Системы безопасности в Кондопоге | Прометей01;Прометей01 выполняет видеонаблюдение, СКУД, слаботочные сети, электромонтаж, пожарную сигнализацию, огнезащиту и ПНР в Кондопоге на объектах.;Прометей01 выполняет монтаж и настройку систем безопасности в Кондопоге: видеонаблюдение, СКУД, пожарную сигнализацию, слаботочные сети и электромонтаж. Формат работ зависит от типа объекта, требований к доступу, пожарной безопасности и передаче документации.;draft
artemovskiy;Артёмовский;Свердловская область;Артёмовском;Системы безопасности в Артёмовском | Прометей01;Прометей01 выполняет видеонаблюдение, СКУД, слаботочные сети, электромонтаж, пожарную сигнализацию, огнезащиту и ПНР в Артёмовском на объектах.;Прометей01 выполняет монтаж и настройку систем безопасности в Артёмовском: видеонаблюдение, СКУД, пожарную сигнализацию, слаботочные сети и электромонтаж. Формат работ зависит от типа объекта, требований к доступу, пожарной безопасности и передаче документации.;draft
shatura;Шатура;Московская область;Шатуре;Системы безопасности в Шатуре | Прометей01;Прометей01 выполняет видеонаблюдение, СКУД, слаботочные сети, электромонтаж, пожарную сигнализацию, огнезащиту и ПНР в Шатуре на объектах города.;Прометей01 выполняет монтаж и настройку систем безопасности в Шатуре: видеонаблюдение, СКУД, пожарную сигнализацию, слаботочные сети и электромонтаж. Формат работ зависит от типа объекта, требований к доступу, пожарной безопасности и передаче документации.;draft
blagodarnyy;Благодарный;Ставропольский край;Благодарном;Системы безопасности в Благодарном | Прометей01;Прометей01 выполняет видеонаблюдение, СКУД, слаботочные сети, электромонтаж, пожарную сигнализацию, огнезащиту и ПНР в Благодарном на объектах.;Прометей01 выполняет монтаж и настройку систем безопасности в Благодарном: видеонаблюдение, СКУД, пожарную сигнализацию, слаботочные сети и электромонтаж. Формат работ зависит от типа объекта, требований к доступу, пожарной безопасности и передаче документации.;draft
baltiysk;Балтийск;Калининградская область;Балтийске;Системы безопасности в Балтийске | Прометей01;Прометей01 выполняет видеонаблюдение, СКУД, слаботочные сети, электромонтаж, пожарную сигнализацию, огнезащиту и ПНР в Балтийске на объектах.;Прометей01 выполняет монтаж и настройку систем безопасности в Балтийске: видеонаблюдение, СКУД, пожарную сигнализацию, слаботочные сети и электромонтаж. Формат работ зависит от типа объекта, требований к доступу, пожарной безопасности и передаче документации.;draft
novovoronezh;Нововоронеж;Воронежская область;Нововоронеже;Системы безопасности в Нововоронеже | Прометей01;Прометей01 выполняет видеонаблюдение, СКУД, слаботочные сети, электромонтаж, пожарную сигнализацию, огнезащиту и ПНР в Нововоронеже на объектах.;Прометей01 выполняет монтаж и настройку систем безопасности в Нововоронеже: видеонаблюдение, СКУД, пожарную сигнализацию, слаботочные сети и электромонтаж. Формат работ зависит от типа объекта, требований к доступу, пожарной безопасности и передаче документации.;draft
nurlat;Нурлат;Республика Татарстан;Нурлате;Системы безопасности в Нурлате | Прометей01;Прометей01 выполняет видеонаблюдение, СКУД, слаботочные сети, электромонтаж, пожарную сигнализацию, огнезащиту и ПНР в Нурлате на объектах города.;Прометей01 выполняет монтаж и настройку систем безопасности в Нурлате: видеонаблюдение, СКУД, пожарную сигнализацию, слаботочные сети и электромонтаж. Формат работ зависит от типа объекта, требований к доступу, пожарной безопасности и передаче документации.;draft
zima;Зима;Иркутская область;Зиме;Системы безопасности в Зиме | Прометей01;Прометей01 выполняет видеонаблюдение, СКУД, слаботочные сети, электромонтаж, пожарную сигнализацию, огнезащиту, ПНР и документацию по объектам в Зиме.;Прометей01 выполняет монтаж и настройку систем безопасности в Зиме: видеонаблюдение, СКУД, пожарную сигнализацию, электромонтаж и слаботочные системы. Работы планируются с учетом типа объекта, требований к доступу, пожарной безопасности и дальнейшему обслуживанию.;draft
kotelniki;Котельники;Московская область;Котельниках;Системы безопасности в Котельниках | Прометей01;Прометей01 выполняет видеонаблюдение, СКУД, слаботочные сети, электромонтаж, пожарную сигнализацию, огнезащиту, ПНР и документацию по объектам в Котельниках.;Прометей01 выполняет монтаж и настройку систем безопасности в Котельниках: видеонаблюдение, СКУД, пожарную сигнализацию, электромонтаж и слаботочные системы. Работы планируются с учетом типа объекта, требований к доступу, пожарной безопасности и дальнейшему обслуживанию.;draft
primorsko-ahtarsk;Приморско-Ахтарск;Краснодарский край;Приморско-Ахтарске;Системы безопасности в Приморско-Ахтарске | Прометей01;Прометей01 выполняет видеонаблюдение, СКУД, слаботочные сети, электромонтаж, пожарную сигнализацию, огнезащиту, ПНР и документацию по объектам в Приморско-Ахтарске.;Прометей01 выполняет монтаж и настройку систем безопасности в Приморско-Ахтарске: видеонаблюдение, СКУД, пожарную сигнализацию, электромонтаж и слаботочные системы. Работы планируются с учетом типа объекта, требований к доступу, пожарной безопасности и дальнейшему обслуживанию.;draft
staraya-russa;Старая Русса;Новгородская область;Старой Руссе;Системы безопасности в Старой Руссе | Прометей01;Прометей01 выполняет видеонаблюдение, СКУД, слаботочные сети, электромонтаж, пожарную сигнализацию, огнезащиту, ПНР и документацию по объектам в Старой Руссе.;Прометей01 выполняет монтаж и настройку систем безопасности в Старой Руссе: видеонаблюдение, СКУД, пожарную сигнализацию, электромонтаж и слаботочные системы. Работы планируются с учетом типа объекта, требований к доступу, пожарной безопасности и дальнейшему обслуживанию.;draft
inta;Инта;Республика Коми;Инте;Системы безопасности в Инте | Прометей01;Прометей01 выполняет видеонаблюдение, СКУД, слаботочные сети, электромонтаж, пожарную сигнализацию, огнезащиту, ПНР и документацию по объектам в Инте.;Прометей01 выполняет монтаж и настройку систем безопасности в Инте: видеонаблюдение, СКУД, пожарную сигнализацию, электромонтаж и слаботочные системы. Работы планируются с учетом типа объекта, требований к доступу, пожарной безопасности и дальнейшему обслуживанию.;draft
asha;Аша;Челябинская область;Аше;Системы безопасности в Аше | Прометей01;Прометей01 выполняет видеонаблюдение, СКУД, слаботочные сети, электромонтаж, пожарную сигнализацию, огнезащиту, ПНР и документацию по объектам в Аше.;Прометей01 выполняет монтаж и настройку систем безопасности в Аше: видеонаблюдение, СКУД, пожарную сигнализацию, электромонтаж и слаботочные системы. Работы планируются с учетом типа объекта, требований к доступу, пожарной безопасности и дальнейшему обслуживанию.;draft
bogorodick;Богородицк;Тульская область;Богородицке;Системы безопасности в Богородицке | Прометей01;Прометей01 выполняет видеонаблюдение, СКУД, слаботочные сети, электромонтаж, пожарную сигнализацию, огнезащиту, ПНР и документацию по объектам в Богородицке.;Прометей01 выполняет монтаж и настройку систем безопасности в Богородицке: видеонаблюдение, СКУД, пожарную сигнализацию, электромонтаж и слаботочные системы. Работы планируются с учетом типа объекта, требований к доступу, пожарной безопасности и дальнейшему обслуживанию.;draft
kotovsk;Котовск;Тамбовская область;Котовске;Системы безопасности в Котовске | Прометей01;Прометей01 выполняет видеонаблюдение, СКУД, слаботочные сети, электромонтаж, пожарную сигнализацию, огнезащиту, ПНР и документацию по объектам в Котовске.;Прометей01 выполняет монтаж и настройку систем безопасности в Котовске: видеонаблюдение, СКУД, пожарную сигнализацию, электромонтаж и слаботочные системы. Работы планируются с учетом типа объекта, требований к доступу, пожарной безопасности и дальнейшему обслуживанию.;draft
rostov;Ростов;Ярославская область;Ростове;Системы безопасности в Ростове | Прометей01;Прометей01 выполняет видеонаблюдение, СКУД, слаботочные сети, электромонтаж, пожарную сигнализацию, огнезащиту, ПНР и документацию по объектам в Ростове.;Прометей01 выполняет монтаж и настройку систем безопасности в Ростове: видеонаблюдение, СКУД, пожарную сигнализацию, электромонтаж и слаботочные системы. Работы планируются с учетом типа объекта, требований к доступу, пожарной безопасности и дальнейшему обслуживанию.;draft
bogdanovich;Богданович;Свердловская область;Богдановиче;Системы безопасности в Богдановиче | Прометей01;Прометей01 выполняет видеонаблюдение, СКУД, слаботочные сети, электромонтаж, пожарную сигнализацию, огнезащиту, ПНР и документацию по объектам в Богдановиче.;Прометей01 выполняет монтаж и настройку систем безопасности в Богдановиче: видеонаблюдение, СКУД, пожарную сигнализацию, электромонтаж и слаботочные системы. Работы планируются с учетом типа объекта, требований к доступу, пожарной безопасности и дальнейшему обслуживанию.;draft
gagarin;Гагарин;Смоленская область;Гагарине;Системы безопасности в Гагарине | Прометей01;Прометей01 выполняет видеонаблюдение, СКУД, слаботочные сети, электромонтаж, пожарную сигнализацию, огнезащиту, ПНР и документацию по объектам в Гагарине.;Прометей01 выполняет монтаж и настройку систем безопасности в Гагарине: видеонаблюдение, СКУД, пожарную сигнализацию, электромонтаж и слаботочные системы. Работы планируются с учетом типа объекта, требований к доступу, пожарной безопасности и дальнейшему обслуживанию.;draft
nartkala;Нарткала;Кабардино-Балкарская Республика;Нарткале;Системы безопасности в Нарткале | Прометей01;Прометей01 выполняет видеонаблюдение, СКУД, слаботочные сети, электромонтаж, пожарную сигнализацию, огнезащиту, ПНР и документацию по объектам в Нарткале.;Прометей01 выполняет монтаж и настройку систем безопасности в Нарткале: видеонаблюдение, СКУД, пожарную сигнализацию, электромонтаж и слаботочные системы. Работы планируются с учетом типа объекта, требований к доступу, пожарной безопасности и дальнейшему обслуживанию.;draft
velikiy-ustyug;Великий Устюг;Вологодская область;Великом Устюге;Системы безопасности в Великом Устюге | Прометей01;Прометей01 выполняет видеонаблюдение, СКУД, слаботочные сети, электромонтаж, пожарную сигнализацию, огнезащиту, ПНР и документацию по объектам в Великом Устюге.;Прометей01 выполняет монтаж и настройку систем безопасности в Великом Устюге: видеонаблюдение, СКУД, пожарную сигнализацию, электромонтаж и слаботочные системы. Работы планируются с учетом типа объекта, требований к доступу, пожарной безопасности и дальнейшему обслуживанию.;draft
marks;Маркс;Саратовская область;Марксе;Системы безопасности в Марксе | Прометей01;Прометей01 выполняет видеонаблюдение, СКУД, слаботочные сети, электромонтаж, пожарную сигнализацию, огнезащиту, ПНР и документацию по объектам в Марксе.;Прометей01 выполняет монтаж и настройку систем безопасности в Марксе: видеонаблюдение, СКУД, пожарную сигнализацию, электромонтаж и слаботочные системы. Работы планируются с учетом типа объекта, требований к доступу, пожарной безопасности и дальнейшему обслуживанию.;draft
mozhaysk;Можайск;Московская область;Можайске;Системы безопасности в Можайске | Прометей01;Прометей01 выполняет видеонаблюдение, СКУД, слаботочные сети, электромонтаж, пожарную сигнализацию, огнезащиту, ПНР и документацию по объектам в Можайске.;Прометей01 выполняет монтаж и настройку систем безопасности в Можайске: видеонаблюдение, СКУД, пожарную сигнализацию, электромонтаж и слаботочные системы. Работы планируются с учетом типа объекта, требований к доступу, пожарной безопасности и дальнейшему обслуживанию.;draft
borzya;Борзя;Забайкальский край;Борзе;Системы безопасности в Борзе | Прометей01;Прометей01 выполняет видеонаблюдение, СКУД, слаботочные сети, электромонтаж, пожарную сигнализацию, огнезащиту, ПНР и документацию по объектам в Борзе.;Прометей01 выполняет монтаж и настройку систем безопасности в Борзе: видеонаблюдение, СКУД, пожарную сигнализацию, электромонтаж и слаботочные системы. Работы планируются с учетом типа объекта, требований к доступу, пожарной безопасности и дальнейшему обслуживанию.;draft
likino-dulevo;Ликино-Дулёво;Московская область;Ликино-Дулёве;Системы безопасности в Ликино-Дулёве | Прометей01;Прометей01 выполняет видеонаблюдение, СКУД, слаботочные сети, электромонтаж, пожарную сигнализацию, огнезащиту, ПНР и документацию по объектам в Ликино-Дулёве.;Прометей01 выполняет монтаж и настройку систем безопасности в Ликино-Дулёве: видеонаблюдение, СКУД, пожарную сигнализацию, электромонтаж и слаботочные системы. Работы планируются с учетом типа объекта, требований к доступу, пожарной безопасности и дальнейшему обслуживанию.;draft
dyurtyuli;Дюртюли;Республика Башкортостан;Дюртюлях;Системы безопасности в Дюртюлях | Прометей01;Прометей01 выполняет видеонаблюдение, СКУД, слаботочные сети, электромонтаж, пожарную сигнализацию, огнезащиту, ПНР и документацию по объектам в Дюртюлях.;Прометей01 выполняет монтаж и настройку систем безопасности в Дюртюлях: видеонаблюдение, СКУД, пожарную сигнализацию, электромонтаж и слаботочные системы. Работы планируются с учетом типа объекта, требований к доступу, пожарной безопасности и дальнейшему обслуживанию.;draft
petrovsk;Петровск;Саратовская область;Петровске;Системы безопасности в Петровске | Прометей01;Прометей01 выполняет видеонаблюдение, СКУД, слаботочные сети, электромонтаж, пожарную сигнализацию, огнезащиту, ПНР и документацию по объектам в Петровске.;Прометей01 выполняет монтаж и настройку систем безопасности в Петровске: видеонаблюдение, СКУД, пожарную сигнализацию, электромонтаж и слаботочные системы. Работы планируются с учетом типа объекта, требований к доступу, пожарной безопасности и дальнейшему обслуживанию.;draft
karabulak;Карабулак;Республика Ингушетия;Карабулаке;Системы безопасности в Карабулаке | Прометей01;Прометей01 выполняет видеонаблюдение, СКУД, слаботочные сети, электромонтаж, пожарную сигнализацию, огнезащиту, ПНР и документацию по объектам в Карабулаке.;Прометей01 выполняет монтаж и настройку систем безопасности в Карабулаке: видеонаблюдение, СКУД, пожарную сигнализацию, электромонтаж и слаботочные системы. Работы планируются с учетом типа объекта, требований к доступу, пожарной безопасности и дальнейшему обслуживанию.;draft
malgobek;Малгобек;Республика Ингушетия;Малгобеке;Системы безопасности в Малгобеке | Прометей01;Прометей01 выполняет видеонаблюдение, СКУД, слаботочные сети, электромонтаж, пожарную сигнализацию, огнезащиту, ПНР и документацию по объектам в Малгобеке.;Прометей01 выполняет монтаж и настройку систем безопасности в Малгобеке: видеонаблюдение, СКУД, пожарную сигнализацию, электромонтаж и слаботочные системы. Работы планируются с учетом типа объекта, требований к доступу, пожарной безопасности и дальнейшему обслуживанию.;draft
udomlya;Удомля;Тверская область;Удомле;Системы безопасности в Удомле | Прометей01;Прометей01 выполняет видеонаблюдение, СКУД, слаботочные сети, электромонтаж, пожарную сигнализацию, огнезащиту, ПНР и документацию по объектам в Удомле.;Прометей01 выполняет монтаж и настройку систем безопасности в Удомле: видеонаблюдение, СКУД, пожарную сигнализацию, электромонтаж и слаботочные системы. Работы планируются с учетом типа объекта, требований к доступу, пожарной безопасности и дальнейшему обслуживанию.;draft
holmsk;Холмск;Сахалинская область;Холмске;Системы безопасности в Холмске | Прометей01;Прометей01 выполняет видеонаблюдение, СКУД, слаботочные сети, электромонтаж, пожарную сигнализацию, огнезащиту, ПНР и документацию по объектам в Холмске.;Прометей01 выполняет монтаж и настройку систем безопасности в Холмске: видеонаблюдение, СКУД, пожарную сигнализацию, электромонтаж и слаботочные системы. Работы планируются с учетом типа объекта, требований к доступу, пожарной безопасности и дальнейшему обслуживанию.;draft
kudymkar;Кудымкар;Пермский край;Кудымкаре;Системы безопасности в Кудымкаре | Прометей01;Прометей01 выполняет видеонаблюдение, СКУД, слаботочные сети, электромонтаж, пожарную сигнализацию, огнезащиту, ПНР и документацию по объектам в Кудымкаре.;Прометей01 выполняет монтаж и настройку систем безопасности в Кудымкаре: видеонаблюдение, СКУД, пожарную сигнализацию, электромонтаж и слаботочные системы. Работы планируются с учетом типа объекта, требований к доступу, пожарной безопасности и дальнейшему обслуживанию.;draft
gorodec;Городец;Нижегородская область;Городце;Системы безопасности в Городце | Прометей01;Прометей01 выполняет видеонаблюдение, СКУД, слаботочные сети, электромонтаж, пожарную сигнализацию, огнезащиту, ПНР и документацию по объектам в Городце.;Прометей01 выполняет монтаж и настройку систем безопасности в Городце: видеонаблюдение, СКУД, пожарную сигнализацию, электромонтаж и слаботочные системы. Работы планируются с учетом типа объекта, требований к доступу, пожарной безопасности и дальнейшему обслуживанию.;draft
dagestanskie-ogni;Дагестанские Огни;Республика Дагестан;Дагестанских Огнях;Системы безопасности в Дагестанских Огнях | Прометей01;Прометей01 выполняет видеонаблюдение, СКУД, слаботочные сети, электромонтаж, пожарную сигнализацию, огнезащиту, ПНР и документацию по объектам в Дагестанских Огнях.;Прометей01 выполняет монтаж и настройку систем безопасности в Дагестанских Огнях: видеонаблюдение, СКУД, пожарную сигнализацию, электромонтаж и слаботочные системы. Работы планируются с учетом типа объекта, требований к доступу, пожарной безопасности и дальнейшему обслуживанию.;draft
ust-dzheguta;Усть-Джегута;Карачаево-Черкесская Республика;Усть-Джегуте;Системы безопасности в Усть-Джегуте | Прометей01;Прометей01 выполняет видеонаблюдение, СКУД, слаботочные сети, электромонтаж, пожарную сигнализацию, огнезащиту, ПНР и документацию по объектам в Усть-Джегуте.;Прометей01 выполняет монтаж и настройку систем безопасности в Усть-Джегуте: видеонаблюдение, СКУД, пожарную сигнализацию, электромонтаж и слаботочные системы. Работы планируются с учетом типа объекта, требований к доступу, пожарной безопасности и дальнейшему обслуживанию.;draft
verhniy-ufaley;Верхний Уфалей;Челябинская область;Верхнем Уфалее;Системы безопасности в Верхнем Уфалее | Прометей01;Прометей01 выполняет видеонаблюдение, СКУД, слаботочные сети, электромонтаж, пожарную сигнализацию, огнезащиту, ПНР и документацию по объектам в Верхнем Уфалее.;Прометей01 выполняет монтаж и настройку систем безопасности в Верхнем Уфалее: видеонаблюдение, СКУД, пожарную сигнализацию, электромонтаж и слаботочные системы. Работы планируются с учетом типа объекта, требований к доступу, пожарной безопасности и дальнейшему обслуживанию.;draft
maloyaroslavec;Малоярославец;Калужская область;Малоярославце;Системы безопасности в Малоярославце | Прометей01;Прометей01 выполняет видеонаблюдение, СКУД, слаботочные сети, электромонтаж, пожарную сигнализацию, огнезащиту, ПНР и документацию по объектам в Малоярославце.;Прометей01 выполняет монтаж и настройку систем безопасности в Малоярославце: видеонаблюдение, СКУД, пожарную сигнализацию, электромонтаж и слаботочные системы. Работы планируются с учетом типа объекта, требований к доступу, пожарной безопасности и дальнейшему обслуживанию.;draft
skopin;Скопин;Рязанская область;Скопине;Системы безопасности в Скопине | Прометей01;Прометей01 выполняет видеонаблюдение, СКУД, слаботочные сети, электромонтаж, пожарную сигнализацию, огнезащиту, ПНР и документацию по объектам в Скопине.;Прометей01 выполняет монтаж и настройку систем безопасности в Скопине: видеонаблюдение, СКУД, пожарную сигнализацию, электромонтаж и слаботочные системы. Работы планируются с учетом типа объекта, требований к доступу, пожарной безопасности и дальнейшему обслуживанию.;draft
slavgorod;Славгород;Алтайский край;Славгороде;Системы безопасности в Славгороде | Прометей01;Прометей01 выполняет видеонаблюдение, СКУД, слаботочные сети, электромонтаж, пожарную сигнализацию, огнезащиту, ПНР и документацию по объектам в Славгороде.;Прометей01 выполняет монтаж и настройку систем безопасности в Славгороде: видеонаблюдение, СКУД, пожарную сигнализацию, электромонтаж и слаботочные системы. Работы планируются с учетом типа объекта, требований к доступу, пожарной безопасности и дальнейшему обслуживанию.;draft
barabinsk;Барабинск;Новосибирская область;Барабинске;Системы безопасности в Барабинске | Прометей01;Прометей01 выполняет видеонаблюдение, СКУД, слаботочные сети, электромонтаж, пожарную сигнализацию, огнезащиту, ПНР и документацию по объектам в Барабинске.;Прометей01 выполняет монтаж и настройку систем безопасности в Барабинске: видеонаблюдение, СКУД, пожарную сигнализацию, электромонтаж и слаботочные системы. Работы планируются с учетом типа объекта, требований к доступу, пожарной безопасности и дальнейшему обслуживанию.;draft
emanzhelinsk;Еманжелинск;Челябинская область;Еманжелинске;Системы безопасности в Еманжелинске | Прометей01;Прометей01 выполняет видеонаблюдение, СКУД, слаботочные сети, электромонтаж, пожарную сигнализацию, огнезащиту, ПНР и документацию по объектам в Еманжелинске.;Прометей01 выполняет монтаж и настройку систем безопасности в Еманжелинске: видеонаблюдение, СКУД, пожарную сигнализацию, электромонтаж и слаботочные системы. Работы планируются с учетом типа объекта, требований к доступу, пожарной безопасности и дальнейшему обслуживанию.;draft
sorochinsk;Сорочинск;Оренбургская область;Сорочинске;Системы безопасности в Сорочинске | Прометей01;Прометей01 выполняет видеонаблюдение, СКУД, слаботочные сети, электромонтаж, пожарную сигнализацию, огнезащиту, ПНР и документацию по объектам в Сорочинске.;Прометей01 выполняет монтаж и настройку систем безопасности в Сорочинске: видеонаблюдение, СКУД, пожарную сигнализацию, электромонтаж и слаботочные системы. Работы планируются с учетом типа объекта, требований к доступу, пожарной безопасности и дальнейшему обслуживанию.;draft
goryachiy-klyuch;Горячий Ключ;Краснодарский край;Горячем Ключе;Системы безопасности в Горячем Ключе | Прометей01;Прометей01 выполняет видеонаблюдение, СКУД, слаботочные сети, электромонтаж, пожарную сигнализацию, огнезащиту, ПНР и документацию по объектам в Горячем Ключе.;Прометей01 выполняет монтаж и настройку систем безопасности в Горячем Ключе: видеонаблюдение, СКУД, пожарную сигнализацию, электромонтаж и слаботочные системы. Работы планируются с учетом типа объекта, требований к доступу, пожарной безопасности и дальнейшему обслуживанию.;draft
kirzhach;Киржач;Владимирская область;Киржаче;Системы безопасности в Киржаче | Прометей01;Прометей01 выполняет видеонаблюдение, СКУД, слаботочные сети, электромонтаж, пожарную сигнализацию, огнезащиту, ПНР и документацию по объектам в Киржаче.;Прометей01 выполняет монтаж и настройку систем безопасности в Киржаче: видеонаблюдение, СКУД, пожарную сигнализацию, электромонтаж и слаботочные системы. Работы планируются с учетом типа объекта, требований к доступу, пожарной безопасности и дальнейшему обслуживанию.;draft
luhovicy;Луховицы;Московская область;Луховицах;Системы безопасности в Луховицах | Прометей01;Прометей01 выполняет видеонаблюдение, СКУД, слаботочные сети, электромонтаж, пожарную сигнализацию, огнезащиту, ПНР и документацию по объектам в Луховицах.;Прометей01 выполняет монтаж и настройку систем безопасности в Луховицах: видеонаблюдение, СКУД, пожарную сигнализацию, электромонтаж и слаботочные системы. Работы планируются с учетом типа объекта, требований к доступу, пожарной безопасности и дальнейшему обслуживанию.;draft
desnogorsk;Десногорск;Смоленская область;Десногорске;Системы безопасности в Десногорске | Прометей01;Прометей01 выполняет видеонаблюдение, СКУД, слаботочные сети, электромонтаж, пожарную сигнализацию, огнезащиту, ПНР и документацию по объектам в Десногорске.;Прометей01 выполняет монтаж и настройку систем безопасности в Десногорске: видеонаблюдение, СКУД, пожарную сигнализацию, электромонтаж и слаботочные системы. Работы планируются с учетом типа объекта, требований к доступу, пожарной безопасности и дальнейшему обслуживанию.;draft
segezha;Сегежа;Республика Карелия;Сегеже;Системы безопасности в Сегеже | Прометей01;Прометей01 выполняет видеонаблюдение, СКУД, слаботочные сети, электромонтаж, пожарную сигнализацию, огнезащиту, ПНР и документацию по объектам в Сегеже.;Прометей01 выполняет монтаж и настройку систем безопасности в Сегеже: видеонаблюдение, СКУД, пожарную сигнализацию, электромонтаж и слаботочные системы. Работы планируются с учетом типа объекта, требований к доступу, пожарной безопасности и дальнейшему обслуживанию.;draft
argun;Аргун;Чеченская Республика;Аргуне;Системы безопасности в Аргуне | Прометей01;Прометей01 выполняет видеонаблюдение, СКУД, слаботочные сети, электромонтаж, пожарную сигнализацию, огнезащиту, ПНР и документацию по объектам в Аргуне.;Прометей01 выполняет монтаж и настройку систем безопасности в Аргуне: видеонаблюдение, СКУД, пожарную сигнализацию, электромонтаж и слаботочные системы. Работы планируются с учетом типа объекта, требований к доступу, пожарной безопасности и дальнейшему обслуживанию.;draft
dyatkovo;Дятьково;Брянская область;Дятькове;Системы безопасности в Дятькове | Прометей01;Прометей01 выполняет видеонаблюдение, СКУД, слаботочные сети, электромонтаж, пожарную сигнализацию, огнезащиту, ПНР и документацию по объектам в Дятькове.;Прометей01 выполняет монтаж и настройку систем безопасности в Дятькове: видеонаблюдение, СКУД, пожарную сигнализацию, электромонтаж и слаботочные системы. Работы планируются с учетом типа объекта, требований к доступу, пожарной безопасности и дальнейшему обслуживанию.;draft
kohma;Кохма;Ивановская область;Кохме;Системы безопасности в Кохме | Прометей01;Прометей01 выполняет видеонаблюдение, СКУД, слаботочные сети, электромонтаж, пожарную сигнализацию, огнезащиту, ПНР и документацию по объектам в Кохме.;Прометей01 выполняет монтаж и настройку систем безопасности в Кохме: видеонаблюдение, СКУД, пожарную сигнализацию, электромонтаж и слаботочные системы. Работы планируются с учетом типа объекта, требований к доступу, пожарной безопасности и дальнейшему обслуживанию.;draft
znamensk;Знаменск;Астраханская область;Знаменске;Системы безопасности в Знаменске | Прометей01;Прометей01 выполняет видеонаблюдение, СКУД, слаботочные сети, электромонтаж, пожарную сигнализацию, огнезащиту, ПНР и документацию по объектам в Знаменске.;Прометей01 выполняет монтаж и настройку систем безопасности в Знаменске: видеонаблюдение, СКУД, пожарную сигнализацию, электромонтаж и слаботочные системы. Работы планируются с учетом типа объекта, требований к доступу, пожарной безопасности и дальнейшему обслуживанию.;draft
dedovsk;Дедовск;Московская область;Дедовске;Системы безопасности в Дедовске | Прометей01;Прометей01 выполняет видеонаблюдение, СКУД, слаботочные сети, электромонтаж, пожарную сигнализацию, огнезащиту, ПНР и документацию по объектам в Дедовске.;Прометей01 выполняет монтаж и настройку систем безопасности в Дедовске: видеонаблюдение, СКУД, пожарную сигнализацию, электромонтаж и слаботочные системы. Работы планируются с учетом типа объекта, требований к доступу, пожарной безопасности и дальнейшему обслуживанию.;draft
severouralsk;Североуральск;Свердловская область;Североуральске;Системы безопасности в Североуральске | Прометей01;Прометей01 выполняет видеонаблюдение, СКУД, слаботочные сети, электромонтаж, пожарную сигнализацию, огнезащиту, ПНР и документацию по объектам в Североуральске.;Прометей01 выполняет монтаж и настройку систем безопасности в Североуральске: видеонаблюдение, СКУД, пожарную сигнализацию, электромонтаж и слаботочные системы. Работы планируются с учетом типа объекта, требований к доступу, пожарной безопасности и дальнейшему обслуживанию.;draft
kartaly;Карталы;Челябинская область;Карталах;Системы безопасности в Карталах | Прометей01;Прометей01 выполняет видеонаблюдение, СКУД, слаботочные сети, электромонтаж, пожарную сигнализацию, огнезащиту, ПНР и документацию по объектам в Карталах.;Прометей01 выполняет монтаж и настройку систем безопасности в Карталах: видеонаблюдение, СКУД, пожарную сигнализацию, электромонтаж и слаботочные системы. Работы планируются с учетом типа объекта, требований к доступу, пожарной безопасности и дальнейшему обслуживанию.;draft
karpinsk;Карпинск;Свердловская область;Карпинске;Системы безопасности в Карпинске | Прометей01;Прометей01 выполняет видеонаблюдение, СКУД, слаботочные сети, электромонтаж, пожарную сигнализацию, огнезащиту, ПНР и документацию по объектам в Карпинске.;Прометей01 выполняет монтаж и настройку систем безопасности в Карпинске: видеонаблюдение, СКУД, пожарную сигнализацию, электромонтаж и слаботочные системы. Работы планируются с учетом типа объекта, требований к доступу, пожарной безопасности и дальнейшему обслуживанию.;draft
alushta;Алушта;Республика Крым;Алуште;Системы безопасности в Алуште | Прометей01;Прометей01 выполняет видеонаблюдение, СКУД, слаботочные сети, электромонтаж, пожарную сигнализацию, огнезащиту, ПНР и документацию по объектам в Алуште.;Прометей01 выполняет монтаж и настройку систем безопасности в Алуште: видеонаблюдение, СКУД, пожарную сигнализацию, электромонтаж и слаботочные системы. Работы планируются с учетом типа объекта, требований к доступу, пожарной безопасности и дальнейшему обслуживанию.;draft
karasuk;Карасук;Новосибирская область;Карасуке;Системы безопасности в Карасуке | Прометей01;Прометей01 выполняет видеонаблюдение, СКУД, слаботочные сети, электромонтаж, пожарную сигнализацию, огнезащиту, ПНР и документацию по объектам в Карасуке.;Прометей01 выполняет монтаж и настройку систем безопасности в Карасуке: видеонаблюдение, СКУД, пожарную сигнализацию, электромонтаж и слаботочные системы. Работы планируются с учетом типа объекта, требований к доступу, пожарной безопасности и дальнейшему обслуживанию.;draft
kirovsk;Кировск;[уточнить регион];Кировске;Системы безопасности в Кировске | Прометей01;Прометей01 выполняет видеонаблюдение, СКУД, слаботочные сети, электромонтаж, пожарную сигнализацию, огнезащиту, ПНР и документацию по объектам в Кировске.;Прометей01 выполняет монтаж и настройку систем безопасности в Кировске: видеонаблюдение, СКУД, пожарную сигнализацию, электромонтаж и слаботочные системы. Работы планируются с учетом типа объекта, требований к доступу, пожарной безопасности и дальнейшему обслуживанию.;draft
topki;Топки;Кемеровская область;Топках;Системы безопасности в Топках | Прометей01;Прометей01 выполняет видеонаблюдение, СКУД, слаботочные сети, электромонтаж, пожарную сигнализацию, огнезащиту, ПНР и документацию по объектам в Топках.;Прометей01 выполняет монтаж и настройку систем безопасности в Топках: видеонаблюдение, СКУД, пожарную сигнализацию, электромонтаж и слаботочные системы. Работы планируются с учетом типа объекта, требований к доступу, пожарной безопасности и дальнейшему обслуживанию.;draft
aleysk;Алейск;Алтайский край;Алейске;Системы безопасности в Алейске | Прометей01;Прометей01 выполняет видеонаблюдение, СКУД, слаботочные сети, электромонтаж, пожарную сигнализацию, огнезащиту, ПНР и документацию по объектам в Алейске.;Прометей01 выполняет монтаж и настройку систем безопасности в Алейске: видеонаблюдение, СКУД, пожарную сигнализацию, электромонтаж и слаботочные системы. Работы планируются с учетом типа объекта, требований к доступу, пожарной безопасности и дальнейшему обслуживанию.;draft
kimovsk;Кимовск;Тульская область;Кимовске;Системы безопасности в Кимовске | Прометей01;Прометей01 выполняет видеонаблюдение, СКУД, слаботочные сети, электромонтаж, пожарную сигнализацию, огнезащиту, ПНР и документацию по объектам в Кимовске.;Прометей01 выполняет монтаж и настройку систем безопасности в Кимовске: видеонаблюдение, СКУД, пожарную сигнализацию, электромонтаж и слаботочные системы. Работы планируются с учетом типа объекта, требований к доступу, пожарной безопасности и дальнейшему обслуживанию.;draft
kostomuksha;Костомукша;Республика Карелия;Костомукше;Системы безопасности в Костомукше | Прометей01;Прометей01 выполняет видеонаблюдение, СКУД, слаботочные сети, электромонтаж, пожарную сигнализацию, огнезащиту, ПНР и документацию по объектам в Костомукше.;Прометей01 выполняет монтаж и настройку систем безопасности в Костомукше: видеонаблюдение, СКУД, пожарную сигнализацию, электромонтаж и слаботочные системы. Работы планируются с учетом типа объекта, требований к доступу, пожарной безопасности и дальнейшему обслуживанию.;draft
divnogorsk;Дивногорск;Красноярский край;Дивногорске;Системы безопасности в Дивногорске | Прометей01;Прометей01 выполняет видеонаблюдение, СКУД, слаботочные сети, электромонтаж, пожарную сигнализацию, огнезащиту, ПНР и документацию по объектам в Дивногорске.;Прометей01 выполняет монтаж и настройку систем безопасности в Дивногорске: видеонаблюдение, СКУД, пожарную сигнализацию, электромонтаж и слаботочные системы. Работы планируются с учетом типа объекта, требований к доступу, пожарной безопасности и дальнейшему обслуживанию.;draft
gusev;Гусев;Калининградская область;Гусеве;Системы безопасности в Гусеве | Прометей01;Прометей01 выполняет видеонаблюдение, СКУД, слаботочные сети, электромонтаж, пожарную сигнализацию, огнезащиту, ПНР и документацию по объектам в Гусеве.;Прометей01 выполняет монтаж и настройку систем безопасности в Гусеве: видеонаблюдение, СКУД, пожарную сигнализацию, электромонтаж и слаботочные системы. Работы планируются с учетом типа объекта, требований к доступу, пожарной безопасности и дальнейшему обслуживанию.;draft
pohvistnevo;Похвистнево;Самарская область;Похвистневе;Системы безопасности в Похвистневе | Прометей01;Прометей01 выполняет видеонаблюдение, СКУД, слаботочные сети, электромонтаж, пожарную сигнализацию, огнезащиту, ПНР и документацию по объектам в Похвистневе.;Прометей01 выполняет монтаж и настройку систем безопасности в Похвистневе: видеонаблюдение, СКУД, пожарную сигнализацию, электромонтаж и слаботочные системы. Работы планируются с учетом типа объекта, требований к доступу, пожарной безопасности и дальнейшему обслуживанию.;draft
sasovo;Сасово;Рязанская область;Сасове;Системы безопасности в Сасове | Прометей01;Прометей01 выполняет видеонаблюдение, СКУД, слаботочные сети, электромонтаж, пожарную сигнализацию, огнезащиту, ПНР и документацию по объектам в Сасове.;Прометей01 выполняет монтаж и настройку систем безопасности в Сасове: видеонаблюдение, СКУД, пожарную сигнализацию, электромонтаж и слаботочные системы. Работы планируются с учетом типа объекта, требований к доступу, пожарной безопасности и дальнейшему обслуживанию.;draft
sosnogorsk;Сосногорск;Республика Коми;Сосногорске;Системы безопасности в Сосногорске | Прометей01;Прометей01 выполняет видеонаблюдение, СКУД, слаботочные сети, электромонтаж, пожарную сигнализацию, огнезащиту, ПНР и документацию по объектам в Сосногорске.;Прометей01 выполняет монтаж и настройку систем безопасности в Сосногорске: видеонаблюдение, СКУД, пожарную сигнализацию, электромонтаж и слаботочные системы. Работы планируются с учетом типа объекта, требований к доступу, пожарной безопасности и дальнейшему обслуживанию.;draft
sovetskaya-gavan;Советская Гавань;Хабаровский край;Советской Гавани;Системы безопасности в Советской Гавани | Прометей01;Прометей01 выполняет видеонаблюдение, СКУД, слаботочные сети, электромонтаж, пожарную сигнализацию, огнезащиту, ПНР и документацию по объектам в Советской Гавани.;Прометей01 выполняет монтаж и настройку систем безопасности в Советской Гавани: видеонаблюдение, СКУД, пожарную сигнализацию, электромонтаж и слаботочные системы. Работы планируются с учетом типа объекта, требований к доступу, пожарной безопасности и дальнейшему обслуживанию.;draft
neftekumsk;Нефтекумск;Ставропольский край;Нефтекумске;Системы безопасности в Нефтекумске | Прометей01;Прометей01 выполняет видеонаблюдение, СКУД, слаботочные сети, электромонтаж и пожарную сигнализацию в Нефтекумске для коммерческих и жилых объектов.;Прометей01 выполняет монтаж и настройку систем безопасности в Нефтекумске: видеонаблюдение, СКУД, пожарную сигнализацию, слаботочные сети и сопутствующую документацию. Формат работ зависит от типа объекта, требований к доступу, пожарной безопасности и обслуживанию.;draft
morozovsk;Морозовск;Ростовская область;Морозовске;Системы безопасности в Морозовске | Прометей01;Прометей01 выполняет видеонаблюдение, СКУД, слаботочные сети, электромонтаж и пожарную сигнализацию в Морозовске для коммерческих и жилых объектов.;Прометей01 выполняет монтаж и настройку систем безопасности в Морозовске: видеонаблюдение, СКУД, пожарную сигнализацию, слаботочные сети и сопутствующую документацию. Формат работ зависит от типа объекта, требований к доступу, пожарной безопасности и обслуживанию.;draft
polysaevo;Полысаево;Кемеровская область;Полысаеве;Системы безопасности в Полысаеве | Прометей01;Прометей01 выполняет видеонаблюдение, СКУД, слаботочные сети, электромонтаж и пожарную сигнализацию в Полысаеве для коммерческих и жилых объектов.;Прометей01 выполняет монтаж и настройку систем безопасности в Полысаеве: видеонаблюдение, СКУД, пожарную сигнализацию, слаботочные сети и сопутствующую документацию. Формат работ зависит от типа объекта, требований к доступу, пожарной безопасности и обслуживанию.;draft
dalnerechensk;Дальнереченск;Приморский край;Дальнереченске;Системы безопасности в Дальнереченске | Прометей01;Прометей01 выполняет видеонаблюдение, СКУД, слаботочные сети, электромонтаж и пожарную сигнализацию в Дальнереченске для коммерческих и жилых объектов.;Прометей01 выполняет монтаж и настройку систем безопасности в Дальнереченске: видеонаблюдение, СКУД, пожарную сигнализацию, слаботочные сети и сопутствующую документацию. Формат работ зависит от типа объекта, требований к доступу, пожарной безопасности и обслуживанию.;draft
gubaha;Губаха;Пермский край;Губахе;Системы безопасности в Губахе | Прометей01;Прометей01 выполняет видеонаблюдение, СКУД, слаботочные сети, электромонтаж и пожарную сигнализацию в Губахе для коммерческих и жилых объектов.;Прометей01 выполняет монтаж и настройку систем безопасности в Губахе: видеонаблюдение, СКУД, пожарную сигнализацию, слаботочные сети и сопутствующую документацию. Формат работ зависит от типа объекта, требований к доступу, пожарной безопасности и обслуживанию.;draft
bahchisaray;Бахчисарай;Республика Крым;Бахчисарае;Системы безопасности в Бахчисарае | Прометей01;Прометей01 выполняет видеонаблюдение, СКУД, слаботочные сети, электромонтаж и пожарную сигнализацию в Бахчисарае для коммерческих и жилых объектов.;Прометей01 выполняет монтаж и настройку систем безопасности в Бахчисарае: видеонаблюдение, СКУД, пожарную сигнализацию, слаботочные сети и сопутствующую документацию. Формат работ зависит от типа объекта, требований к доступу, пожарной безопасности и обслуживанию.;draft
mednogorsk;Медногорск;Оренбургская область;Медногорске;Системы безопасности в Медногорске | Прометей01;Прометей01 выполняет видеонаблюдение, СКУД, слаботочные сети, электромонтаж и пожарную сигнализацию в Медногорске для коммерческих и жилых объектов.;Прометей01 выполняет монтаж и настройку систем безопасности в Медногорске: видеонаблюдение, СКУД, пожарную сигнализацию, слаботочные сети и сопутствующую документацию. Формат работ зависит от типа объекта, требований к доступу, пожарной безопасности и обслуживанию.;draft
oktyabrsk;Октябрьск;Самарская область;Октябрьске;Системы безопасности в Октябрьске | Прометей01;Прометей01 выполняет видеонаблюдение, СКУД, слаботочные сети, электромонтаж и пожарную сигнализацию в Октябрьске для коммерческих и жилых объектов.;Прометей01 выполняет монтаж и настройку систем безопасности в Октябрьске: видеонаблюдение, СКУД, пожарную сигнализацию, слаботочные сети и сопутствующую документацию. Формат работ зависит от типа объекта, требований к доступу, пожарной безопасности и обслуживанию.;draft
buturlinovka;Бутурлиновка;Воронежская область;Бутурлиновке;Системы безопасности в Бутурлиновке | Прометей01;Прометей01 выполняет видеонаблюдение, СКУД, слаботочные сети, электромонтаж и пожарную сигнализацию в Бутурлиновке для коммерческих и жилых объектов.;Прометей01 выполняет монтаж и настройку систем безопасности в Бутурлиновке: видеонаблюдение, СКУД, пожарную сигнализацию, слаботочные сети и сопутствующую документацию. Формат работ зависит от типа объекта, требований к доступу, пожарной безопасности и обслуживанию.;draft
yanaul;Янаул;Республика Башкортостан;Янауле;Системы безопасности в Янауле | Прометей01;Прометей01 выполняет видеонаблюдение, СКУД, слаботочные сети, электромонтаж и пожарную сигнализацию в Янауле для коммерческих и жилых объектов.;Прометей01 выполняет монтаж и настройку систем безопасности в Янауле: видеонаблюдение, СКУД, пожарную сигнализацию, слаботочные сети и сопутствующую документацию. Формат работ зависит от типа объекта, требований к доступу, пожарной безопасности и обслуживанию.;draft
labytnangi;Лабытнанги;Ямало-Ненецкий автономный округ;Лабытнанги;Системы безопасности в Лабытнанги | Прометей01;Прометей01 выполняет видеонаблюдение, СКУД, слаботочные сети, электромонтаж и пожарную сигнализацию в Лабытнанги для коммерческих и жилых объектов.;Прометей01 выполняет монтаж и настройку систем безопасности в Лабытнанги: видеонаблюдение, СКУД, пожарную сигнализацию, слаботочные сети и сопутствующую документацию. Формат работ зависит от типа объекта, требований к доступу, пожарной безопасности и обслуживанию.;draft
kalach-na-donu;Калач-на-Дону;Волгоградская область;Калаче-на-Дону;Системы безопасности в Калаче-на-Дону | Прометей01;Прометей01 выполняет видеонаблюдение, СКУД, слаботочные сети, электромонтаж и пожарную сигнализацию в Калаче-на-Дону для коммерческих и жилых объектов.;Прометей01 выполняет монтаж и настройку систем безопасности в Калаче-на-Дону: видеонаблюдение, СКУД, пожарную сигнализацию, слаботочные сети и сопутствующую документацию. Формат работ зависит от типа объекта, требований к доступу, пожарной безопасности и обслуживанию.;draft
kamyshlov;Камышлов;Свердловская область;Камышлове;Системы безопасности в Камышлове | Прометей01;Прометей01 выполняет видеонаблюдение, СКУД, слаботочные сети, электромонтаж и пожарную сигнализацию в Камышлове для коммерческих и жилых объектов.;Прометей01 выполняет монтаж и настройку систем безопасности в Камышлове: видеонаблюдение, СКУД, пожарную сигнализацию, слаботочные сети и сопутствующую документацию. Формат работ зависит от типа объекта, требований к доступу, пожарной безопасности и обслуживанию.;draft
zernograd;Зерноград;Ростовская область;Зернограде;Системы безопасности в Зернограде | Прометей01;Прометей01 выполняет видеонаблюдение, СКУД, слаботочные сети, электромонтаж и пожарную сигнализацию в Зернограде для коммерческих и жилых объектов.;Прометей01 выполняет монтаж и настройку систем безопасности в Зернограде: видеонаблюдение, СКУД, пожарную сигнализацию, слаботочные сети и сопутствующую документацию. Формат работ зависит от типа объекта, требований к доступу, пожарной безопасности и обслуживанию.;draft
uvarovo;Уварово;Тамбовская область;Уварове;Системы безопасности в Уварове | Прометей01;Прометей01 выполняет видеонаблюдение, СКУД, слаботочные сети, электромонтаж и пожарную сигнализацию в Уварове для коммерческих и жилых объектов.;Прометей01 выполняет монтаж и настройку систем безопасности в Уварове: видеонаблюдение, СКУД, пожарную сигнализацию, слаботочные сети и сопутствующую документацию. Формат работ зависит от типа объекта, требований к доступу, пожарной безопасности и обслуживанию.;draft
novoaleksandrovsk;Новоалександровск;Ставропольский край;Новоалександровске;Системы безопасности в Новоалександровске | Прометей01;Прометей01 выполняет видеонаблюдение, СКУД, слаботочные сети, электромонтаж и пожарную сигнализацию в Новоалександровске для коммерческих и жилых объектов.;Прометей01 выполняет монтаж и настройку систем безопасности в Новоалександровске: видеонаблюдение, СКУД, пожарную сигнализацию, слаботочные сети и сопутствующую документацию. Формат работ зависит от типа объекта, требований к доступу, пожарной безопасности и обслуживанию.;draft
mayskiy;Майский;Кабардино-Балкарская Республика;Майском;Системы безопасности в Майском | Прометей01;Прометей01 выполняет видеонаблюдение, СКУД, слаботочные сети, электромонтаж и пожарную сигнализацию в Майском для коммерческих и жилых объектов.;Прометей01 выполняет монтаж и настройку систем безопасности в Майском: видеонаблюдение, СКУД, пожарную сигнализацию, слаботочные сети и сопутствующую документацию. Формат работ зависит от типа объекта, требований к доступу, пожарной безопасности и обслуживанию.;draft
tara;Тара;Омская область;Таре;Системы безопасности в Таре | Прометей01;Прометей01 выполняет видеонаблюдение, СКУД, слаботочные сети, электромонтаж и пожарную сигнализацию в Таре для коммерческих и жилых объектов.;Прометей01 выполняет монтаж и настройку систем безопасности в Таре: видеонаблюдение, СКУД, пожарную сигнализацию, слаботочные сети и сопутствующую документацию. Формат работ зависит от типа объекта, требований к доступу, пожарной безопасности и обслуживанию.;draft
novopavlovsk;Новопавловск;Ставропольский край;Новопавловске;Системы безопасности в Новопавловске | Прометей01;Прометей01 выполняет видеонаблюдение, СКУД, слаботочные сети, электромонтаж и пожарную сигнализацию в Новопавловске для коммерческих и жилых объектов.;Прометей01 выполняет монтаж и настройку систем безопасности в Новопавловске: видеонаблюдение, СКУД, пожарную сигнализацию, слаботочные сети и сопутствующую документацию. Формат работ зависит от типа объекта, требований к доступу, пожарной безопасности и обслуживанию.;draft
sovetskiy;Советский;Ханты-Мансийский автономный округ — Югра;Советском;Системы безопасности в Советском | Прометей01;Прометей01 выполняет видеонаблюдение, СКУД, слаботочные сети, электромонтаж и пожарную сигнализацию в Советском для коммерческих и жилых объектов.;Прометей01 выполняет монтаж и настройку систем безопасности в Советском: видеонаблюдение, СКУД, пожарную сигнализацию, слаботочные сети и сопутствующую документацию. Формат работ зависит от типа объекта, требований к доступу, пожарной безопасности и обслуживанию.;draft
balabanovo;Балабаново;Калужская область;Балабанове;Системы безопасности в Балабанове | Прометей01;Прометей01 выполняет видеонаблюдение, СКУД, слаботочные сети, электромонтаж и пожарную сигнализацию в Балабанове для коммерческих и жилых объектов.;Прометей01 выполняет монтаж и настройку систем безопасности в Балабанове: видеонаблюдение, СКУД, пожарную сигнализацию, слаботочные сети и сопутствующую документацию. Формат работ зависит от типа объекта, требований к доступу, пожарной безопасности и обслуживанию.;draft
rodniki;Родники;Ивановская область;Родниках;Системы безопасности в Родниках | Прометей01;Прометей01 выполняет видеонаблюдение, СКУД, слаботочные сети, электромонтаж и пожарную сигнализацию в Родниках для коммерческих и жилых объектов.;Прометей01 выполняет монтаж и настройку систем безопасности в Родниках: видеонаблюдение, СКУД, пожарную сигнализацию, слаботочные сети и сопутствующую документацию. Формат работ зависит от типа объекта, требований к доступу, пожарной безопасности и обслуживанию.;draft
sol-ileck;Соль-Илецк;Оренбургская область;Соль-Илецке;Системы безопасности в Соль-Илецке | Прометей01;Прометей01 выполняет видеонаблюдение, СКУД, слаботочные сети, электромонтаж и пожарную сигнализацию в Соль-Илецке для коммерческих и жилых объектов.;Прометей01 выполняет монтаж и настройку систем безопасности в Соль-Илецке: видеонаблюдение, СКУД, пожарную сигнализацию, слаботочные сети и сопутствующую документацию. Формат работ зависит от типа объекта, требований к доступу, пожарной безопасности и обслуживанию.;draft
krasnoarmeysk;Красноармейск;Московская область;Красноармейске;Системы безопасности в Красноармейске | Прометей01;Прометей01 выполняет видеонаблюдение, СКУД, слаботочные сети, электромонтаж и пожарную сигнализацию в Красноармейске для коммерческих и жилых объектов.;Прометей01 выполняет монтаж и настройку систем безопасности в Красноармейске: видеонаблюдение, СКУД, пожарную сигнализацию, слаботочные сети и сопутствующую документацию. Формат работ зависит от типа объекта, требований к доступу, пожарной безопасности и обслуживанию.;draft
krasnoperekopsk;Красноперекопск;Республика Крым;Красноперекопске;Системы безопасности в Красноперекопске | Прометей01;Прометей01 выполняет видеонаблюдение, СКУД, слаботочные сети, электромонтаж и пожарную сигнализацию в Красноперекопске для коммерческих и жилых объектов.;Прометей01 выполняет монтаж и настройку систем безопасности в Красноперекопске: видеонаблюдение, СКУД, пожарную сигнализацию, слаботочные сети и сопутствующую документацию. Формат работ зависит от типа объекта, требований к доступу, пожарной безопасности и обслуживанию.;draft
unecha;Унеча;Брянская область;Унече;Системы безопасности в Унече | Прометей01;Прометей01 выполняет видеонаблюдение, СКУД, слаботочные сети, электромонтаж и пожарную сигнализацию в Унече для коммерческих и жилых объектов.;Прометей01 выполняет монтаж и настройку систем безопасности в Унече: видеонаблюдение, СКУД, пожарную сигнализацию, слаботочные сети и сопутствующую документацию. Формат работ зависит от типа объекта, требований к доступу, пожарной безопасности и обслуживанию.;draft
kuvandyk;Кувандык;Оренбургская область;Кувандыке;Системы безопасности в Кувандыке | Прометей01;Прометей01 выполняет видеонаблюдение, СКУД, слаботочные сети, электромонтаж и пожарную сигнализацию в Кувандыке для коммерческих и жилых объектов.;Прометей01 выполняет монтаж и настройку систем безопасности в Кувандыке: видеонаблюдение, СКУД, пожарную сигнализацию, слаботочные сети и сопутствующую документацию. Формат работ зависит от типа объекта, требований к доступу, пожарной безопасности и обслуживанию.;draft
ob;Обь;Новосибирская область;Оби;Системы безопасности в Оби | Прометей01;Прометей01 выполняет видеонаблюдение, СКУД, слаботочные сети, электромонтаж и пожарную сигнализацию в Оби для коммерческих и жилых объектов.;Прометей01 выполняет монтаж и настройку систем безопасности в Оби: видеонаблюдение, СКУД, пожарную сигнализацию, слаботочные сети и сопутствующую документацию. Формат работ зависит от типа объекта, требований к доступу, пожарной безопасности и обслуживанию.;draft
zheleznogorsk-ilimskiy;Железногорск-Илимский;Иркутская область;Железногорске-Илимском;Системы безопасности в Железногорске-Илимском | Прометей01;Прометей01 выполняет видеонаблюдение, СКУД, слаботочные сети, электромонтаж, пожарную сигнализацию, огнезащиту и ПНР в Железногорске-Илимском.;Прометей01 выполняет монтаж и настройку систем безопасности в Железногорске-Илимском: видеонаблюдение, СКУД, пожарную сигнализацию, слаботочные сети и сопутствующую документацию. Формат работ зависит от типа объекта, требований к доступу, пожарной безопасности и обслуживанию.;draft
tatarsk;Татарск;Новосибирская область;Татарске;Системы безопасности в Татарске | Прометей01;Прометей01 выполняет видеонаблюдение, СКУД, слаботочные сети, электромонтаж и пожарную сигнализацию в Татарске для коммерческих и жилых объектов.;Прометей01 выполняет монтаж и настройку систем безопасности в Татарске: видеонаблюдение, СКУД, пожарную сигнализацию, слаботочные сети и сопутствующую документацию. Формат работ зависит от типа объекта, требований к доступу, пожарной безопасности и обслуживанию.;draft
ipatovo;Ипатово;Ставропольский край;Ипатове;Системы безопасности в Ипатове | Прометей01;Прометей01 выполняет видеонаблюдение, СКУД, слаботочные сети, электромонтаж, пожарную сигнализацию, огнезащиту и ПНР в Ипатове для коммерческих и жилых объектов.;"Прометей01 выполняет работы по видеонаблюдению, СКУД, пожарной сигнализации, электромонтажу и слаботочным системам в Ипатове. Формат работ зависит от типа объекта; при подготовке учитываются монтаж, настройка, обслуживание и передача документации.";draft
semiluki;Семилуки;Воронежская область;Семилуках;Системы безопасности в Семилуках | Прометей01;Прометей01 выполняет видеонаблюдение, СКУД, слаботочные сети, электромонтаж, пожарную сигнализацию, огнезащиту и ПНР в Семилуках для коммерческих и жилых объектов.;"Прометей01 выполняет работы по видеонаблюдению, СКУД, пожарной сигнализации, электромонтажу и слаботочным системам в Семилуках. Формат работ зависит от типа объекта; при подготовке учитываются монтаж, настройка, обслуживание и передача документации.";draft
isilkul;Исилькуль;Омская область;Исилькуле;Системы безопасности в Исилькуле | Прометей01;Прометей01 выполняет видеонаблюдение, СКУД, слаботочные сети, электромонтаж, пожарную сигнализацию, огнезащиту и ПНР в Исилькуле для коммерческих и жилых объектов.;"Прометей01 выполняет работы по видеонаблюдению, СКУД, пожарной сигнализации, электромонтажу и слаботочным системам в Исилькуле. Формат работ зависит от типа объекта; при подготовке учитываются монтаж, настройка, обслуживание и передача документации.";draft
ozery;Озёры;Московская область;Озёрах;Системы безопасности в Озёрах | Прометей01;Прометей01 выполняет видеонаблюдение, СКУД, слаботочные сети, электромонтаж, пожарную сигнализацию, огнезащиту и ПНР в Озёрах для коммерческих и жилых объектов.;"Прометей01 выполняет работы по видеонаблюдению, СКУД, пожарной сигнализации, электромонтажу и слаботочным системам в Озёрах. Формат работ зависит от типа объекта; при подготовке учитываются монтаж, настройка, обслуживание и передача документации.";draft
buy;Буй;Костромская область;Буе;Системы безопасности в Буе | Прометей01;Прометей01 выполняет видеонаблюдение, СКУД, слаботочные сети, электромонтаж, пожарную сигнализацию, огнезащиту и ПНР в Буе для коммерческих и жилых объектов.;"Прометей01 выполняет работы по видеонаблюдению, СКУД, пожарной сигнализации, электромонтажу и слаботочным системам в Буе. Формат работ зависит от типа объекта; при подготовке учитываются монтаж, настройка, обслуживание и передача документации.";draft
kurchaloy;Курчалой;Чеченская Республика;Курчалое;Системы безопасности в Курчалое | Прометей01;Прометей01 выполняет видеонаблюдение, СКУД, слаботочные сети, электромонтаж, пожарную сигнализацию, огнезащиту и ПНР в Курчалое для коммерческих и жилых объектов.;"Прометей01 выполняет работы по видеонаблюдению, СКУД, пожарной сигнализации, электромонтажу и слаботочным системам в Курчалое. Формат работ зависит от типа объекта; при подготовке учитываются монтаж, настройка, обслуживание и передача документации.";draft
zavodoukovsk;Заводоуковск;Тюменская область;Заводоуковске;Системы безопасности в Заводоуковске | Прометей01;Прометей01 выполняет видеонаблюдение, СКУД, слаботочные сети, электромонтаж, пожарную сигнализацию, огнезащиту и ПНР в Заводоуковске для коммерческих и жилых объектов.;"Прометей01 выполняет работы по видеонаблюдению, СКУД, пожарной сигнализации, электромонтажу и слаботочным системам в Заводоуковске. Формат работ зависит от типа объекта; при подготовке учитываются монтаж, настройка, обслуживание и передача документации.";draft
atkarsk;Аткарск;Саратовская область;Аткарске;Системы безопасности в Аткарске | Прометей01;Прометей01 выполняет видеонаблюдение, СКУД, слаботочные сети, электромонтаж, пожарную сигнализацию, огнезащиту и ПНР в Аткарске для коммерческих и жилых объектов.;"Прометей01 выполняет работы по видеонаблюдению, СКУД, пожарной сигнализации, электромонтажу и слаботочным системам в Аткарске. Формат работ зависит от типа объекта; при подготовке учитываются монтаж, настройка, обслуживание и передача документации.";draft
asino;Асино;Томская область;Асине;Системы безопасности в Асине | Прометей01;Прометей01 выполняет видеонаблюдение, СКУД, слаботочные сети, электромонтаж, пожарную сигнализацию, огнезащиту и ПНР в Асине для коммерческих и жилых объектов.;"Прометей01 выполняет работы по видеонаблюдению, СКУД, пожарной сигнализации, электромонтажу и слаботочным системам в Асине. Формат работ зависит от типа объекта; при подготовке учитываются монтаж, настройка, обслуживание и передача документации.";draft
kireevsk;Киреевск;Тульская область;Киреевске;Системы безопасности в Киреевске | Прометей01;Прометей01 выполняет видеонаблюдение, СКУД, слаботочные сети, электромонтаж, пожарную сигнализацию, огнезащиту и ПНР в Киреевске для коммерческих и жилых объектов.;"Прометей01 выполняет работы по видеонаблюдению, СКУД, пожарной сигнализации, электромонтажу и слаботочным системам в Киреевске. Формат работ зависит от типа объекта; при подготовке учитываются монтаж, настройка, обслуживание и передача документации.";draft
bogorodsk;Богородск;Нижегородская область;Богородске;Системы безопасности в Богородске | Прометей01;Прометей01 выполняет видеонаблюдение, СКУД, слаботочные сети, электромонтаж, пожарную сигнализацию, огнезащиту и ПНР в Богородске для коммерческих и жилых объектов.;"Прометей01 выполняет работы по видеонаблюдению, СКУД, пожарной сигнализации, электромонтажу и слаботочным системам в Богородске. Формат работ зависит от типа объекта; при подготовке учитываются монтаж, настройка, обслуживание и передача документации.";draft
tayga;Тайга;Кемеровская область;Тайге;Системы безопасности в Тайге | Прометей01;Прометей01 выполняет видеонаблюдение, СКУД, слаботочные сети, электромонтаж, пожарную сигнализацию, огнезащиту и ПНР в Тайге для коммерческих и жилых объектов.;"Прометей01 выполняет работы по видеонаблюдению, СКУД, пожарной сигнализации, электромонтажу и слаботочным системам в Тайге. Формат работ зависит от типа объекта; при подготовке учитываются монтаж, настройка, обслуживание и передача документации.";draft
nevyansk;Невьянск;Свердловская область;Невьянске;Системы безопасности в Невьянске | Прометей01;Прометей01 выполняет видеонаблюдение, СКУД, слаботочные сети, электромонтаж, пожарную сигнализацию, огнезащиту и ПНР в Невьянске для коммерческих и жилых объектов.;"Прометей01 выполняет работы по видеонаблюдению, СКУД, пожарной сигнализации, электромонтажу и слаботочным системам в Невьянске. Формат работ зависит от типа объекта; при подготовке учитываются монтаж, настройка, обслуживание и передача документации.";draft
saki;Саки;Республика Крым;Саках;Системы безопасности в Саках | Прометей01;Прометей01 выполняет видеонаблюдение, СКУД, слаботочные сети, электромонтаж, пожарную сигнализацию, огнезащиту и ПНР в Саках для коммерческих и жилых объектов.;"Прометей01 выполняет работы по видеонаблюдению, СКУД, пожарной сигнализации, электромонтажу и слаботочным системам в Саках. Формат работ зависит от типа объекта; при подготовке учитываются монтаж, настройка, обслуживание и передача документации.";draft
pavlovsk;Павловск;Воронежская область;Павловске;Системы безопасности в Павловске | Прометей01;Прометей01 выполняет видеонаблюдение, СКУД, слаботочные сети, электромонтаж, пожарную сигнализацию, огнезащиту и ПНР в Павловске для коммерческих и жилых объектов.;"Прометей01 выполняет работы по видеонаблюдению, СКУД, пожарной сигнализации, электромонтажу и слаботочным системам в Павловске. Формат работ зависит от типа объекта; при подготовке учитываются монтаж, настройка, обслуживание и передача документации.";draft
zeya;Зея;Амурская область;Зее;Системы безопасности в Зее | Прометей01;Прометей01 выполняет видеонаблюдение, СКУД, слаботочные сети, электромонтаж, пожарную сигнализацию, огнезащиту и ПНР в Зее для коммерческих и жилых объектов.;"Прометей01 выполняет работы по видеонаблюдению, СКУД, пожарной сигнализации, электромонтажу и слаботочным системам в Зее. Формат работ зависит от типа объекта; при подготовке учитываются монтаж, настройка, обслуживание и передача документации.";draft
kotelnich;Котельнич;Кировская область;Котельниче;Системы безопасности в Котельниче | Прометей01;Прометей01 выполняет видеонаблюдение, СКУД, слаботочные сети, электромонтаж, пожарную сигнализацию, огнезащиту и ПНР в Котельниче для коммерческих и жилых объектов.;"Прометей01 выполняет работы по видеонаблюдению, СКУД, пожарной сигнализации, электромонтажу и слаботочным системам в Котельниче. Формат работ зависит от типа объекта; при подготовке учитываются монтаж, настройка, обслуживание и передача документации.";draft
krasnouralsk;Красноуральск;Свердловская область;Красноуральске;Системы безопасности в Красноуральске | Прометей01;Прометей01 выполняет видеонаблюдение, СКУД, слаботочные сети, электромонтаж, пожарную сигнализацию, огнезащиту и ПНР в Красноуральске для коммерческих и жилых объектов.;"Прометей01 выполняет работы по видеонаблюдению, СКУД, пожарной сигнализации, электромонтажу и слаботочным системам в Красноуральске. Формат работ зависит от типа объекта; при подготовке учитываются монтаж, настройка, обслуживание и передача документации.";draft
lensk;Ленск;Республика Саха (Якутия);Ленске;Системы безопасности в Ленске | Прометей01;Прометей01 выполняет видеонаблюдение, СКУД, слаботочные сети, электромонтаж, пожарную сигнализацию, огнезащиту и ПНР в Ленске для коммерческих и жилых объектов.;"Прометей01 выполняет работы по видеонаблюдению, СКУД, пожарной сигнализации, электромонтажу и слаботочным системам в Ленске. Формат работ зависит от типа объекта; при подготовке учитываются монтаж, настройка, обслуживание и передача документации.";draft
gurevsk;Гурьевск;[уточнить регион];Гурьевске;Системы безопасности в Гурьевске | Прометей01;Прометей01 выполняет видеонаблюдение, СКУД, слаботочные сети, электромонтаж, пожарную сигнализацию, огнезащиту и ПНР в Гурьевске для коммерческих и жилых объектов.;"Прометей01 выполняет работы по видеонаблюдению, СКУД, пожарной сигнализации, электромонтажу и слаботочным системам в Гурьевске. Формат работ зависит от типа объекта; при подготовке учитываются монтаж, настройка, обслуживание и передача документации.";draft
zaraysk;Зарайск;Московская область;Зарайске;Системы безопасности в Зарайске | Прометей01;Прометей01 выполняет видеонаблюдение, СКУД, слаботочные сети, электромонтаж, пожарную сигнализацию, огнезащиту и ПНР в Зарайске для коммерческих и жилых объектов.;"Прометей01 выполняет работы по видеонаблюдению, СКУД, пожарной сигнализации, электромонтажу и слаботочным системам в Зарайске. Формат работ зависит от типа объекта; при подготовке учитываются монтаж, настройка, обслуживание и передача документации.";draft
bezheck;Бежецк;Тверская область;Бежецке;Системы безопасности в Бежецке | Прометей01;Прометей01 выполняет видеонаблюдение, СКУД, слаботочные сети, электромонтаж, пожарную сигнализацию, огнезащиту и ПНР в Бежецке для коммерческих и жилых объектов.;"Прометей01 выполняет работы по видеонаблюдению, СКУД, пожарной сигнализации, электромонтажу и слаботочным системам в Бежецке. Формат работ зависит от типа объекта; при подготовке учитываются монтаж, настройка, обслуживание и передача документации.";draft
zheleznovodsk;Железноводск;Ставропольский край;Железноводске;Системы безопасности в Железноводске | Прометей01;Прометей01 выполняет видеонаблюдение, СКУД, слаботочные сети, электромонтаж, пожарную сигнализацию, огнезащиту и ПНР в Железноводске для коммерческих и жилых объектов.;"Прометей01 выполняет работы по видеонаблюдению, СКУД, пожарной сигнализации, электромонтажу и слаботочным системам в Железноводске. Формат работ зависит от типа объекта; при подготовке учитываются монтаж, настройка, обслуживание и передача документации.";draft
semenov;Семёнов;Нижегородская область;Семёнове;Системы безопасности в Семёнове | Прометей01;Прометей01 выполняет видеонаблюдение, СКУД, слаботочные сети, электромонтаж, пожарную сигнализацию, огнезащиту и ПНР в Семёнове для коммерческих и жилых объектов.;"Прометей01 выполняет работы по видеонаблюдению, СКУД, пожарной сигнализации, электромонтажу и слаботочным системам в Семёнове. Формат работ зависит от типа объекта; при подготовке учитываются монтаж, настройка, обслуживание и передача документации.";draft
kolpashevo;Колпашево;Томская область;Колпашеве;Системы безопасности в Колпашеве | Прометей01;Прометей01 выполняет видеонаблюдение, СКУД, слаботочные сети, электромонтаж, пожарную сигнализацию, огнезащиту и ПНР в Колпашеве для коммерческих и жилых объектов.;"Прометей01 выполняет работы по видеонаблюдению, СКУД, пожарной сигнализации, электромонтажу и слаботочным системам в Колпашеве. Формат работ зависит от типа объекта; при подготовке учитываются монтаж, настройка, обслуживание и передача документации.";draft
kotovo;Котово;Волгоградская область;Котово;Системы безопасности в Котово | Прометей01;Прометей01 выполняет видеонаблюдение, СКУД, слаботочные сети, электромонтаж, пожарную сигнализацию, огнезащиту и ПНР в Котово для коммерческих и жилых объектов.;"Прометей01 выполняет работы по видеонаблюдению, СКУД, пожарной сигнализации, электромонтажу и слаботочным системам в Котово. Формат работ зависит от типа объекта; при подготовке учитываются монтаж, настройка, обслуживание и передача документации.";draft
davlekanovo;Давлеканово;Республика Башкортостан;Давлеканове;Системы безопасности в Давлеканове | Прометей01;Прометей01 выполняет видеонаблюдение, СКУД, слаботочные сети, электромонтаж, пожарную сигнализацию, огнезащиту и ПНР в Давлеканове для коммерческих и жилых объектов.;"Прометей01 выполняет работы по видеонаблюдению, СКУД, пожарной сигнализации, электромонтажу и слаботочным системам в Давлеканове. Формат работ зависит от типа объекта; при подготовке учитываются монтаж, настройка, обслуживание и передача документации.";draft
kalachinsk;Калачинск;Омская область;Калачинске;Системы безопасности в Калачинске | Прометей01;Прометей01 выполняет видеонаблюдение, СКУД, слаботочные сети, электромонтаж, пожарную сигнализацию, огнезащиту и ПНР в Калачинске для коммерческих и жилых объектов.;"Прометей01 выполняет работы по видеонаблюдению, СКУД, пожарной сигнализации, электромонтажу и слаботочным системам в Калачинске. Формат работ зависит от типа объекта; при подготовке учитываются монтаж, настройка, обслуживание и передача документации.";draft
stroitel;Строитель;Белгородская область;Строителе;Системы безопасности в Строителе | Прометей01;Прометей01 выполняет видеонаблюдение, СКУД, слаботочные сети, электромонтаж, пожарную сигнализацию, огнезащиту и ПНР в Строителе для коммерческих и жилых объектов.;"Прометей01 выполняет работы по видеонаблюдению, СКУД, пожарной сигнализации, электромонтажу и слаботочным системам в Строителе. Формат работ зависит от типа объекта; при подготовке учитываются монтаж, настройка, обслуживание и передача документации.";draft
velsk;Вельск;Архангельская область;Вельске;Системы безопасности в Вельске | Прометей01;Прометей01 выполняет видеонаблюдение, СКУД, слаботочные сети, электромонтаж, пожарную сигнализацию, огнезащиту и ПНР в Вельске для коммерческих и жилых объектов.;"Прометей01 выполняет работы по видеонаблюдению, СКУД, пожарной сигнализации, электромонтажу и слаботочным системам в Вельске. Формат работ зависит от типа объекта; при подготовке учитываются монтаж, настройка, обслуживание и передача документации.";draft
semikarakorsk;Семикаракорск;Ростовская область;Семикаракорске;Системы безопасности в Семикаракорске | Прометей01;Прометей01 выполняет видеонаблюдение, СКУД, слаботочные сети, электромонтаж, пожарную сигнализацию, огнезащиту и ПНР в Семикаракорске для разных объектов.;"Прометей01 выполняет работы по видеонаблюдению, СКУД, пожарной сигнализации, электромонтажу и слаботочным системам в Семикаракорске. Формат работ зависит от типа объекта; при подготовке учитываются монтаж, настройка, обслуживание и передача документации.";draft
otradnoe;Отрадное;Ленинградская область;Отрадном;Системы безопасности в Отрадном | Прометей01;Прометей01 выполняет видеонаблюдение, СКУД, слаботочные сети, электромонтаж, пожарную сигнализацию, огнезащиту и ПНР в Отрадном для разных объектов.;"Прометей01 выполняет работы по видеонаблюдению, СКУД, пожарной сигнализации, электромонтажу и слаботочным системам в Отрадном. Формат работ зависит от типа объекта; при подготовке учитываются монтаж, настройка, обслуживание и передача документации.";draft
karachaevsk;Карачаевск;Карачаево-Черкесская Республика;Карачаевске;Системы безопасности в Карачаевске | Прометей01;Прометей01 выполняет видеонаблюдение, СКУД, слаботочные сети, электромонтаж, пожарную сигнализацию, огнезащиту и ПНР в Карачаевске для разных объектов.;"Прометей01 выполняет работы по видеонаблюдению, СКУД, пожарной сигнализации, электромонтажу и слаботочным системам в Карачаевске. Формат работ зависит от типа объекта; при подготовке учитываются монтаж, настройка, обслуживание и передача документации.";draft
fokino;Фокино;[уточнить регион];Фокино;Системы безопасности в Фокино | Прометей01;Прометей01 выполняет видеонаблюдение, СКУД, слаботочные сети, электромонтаж, пожарную сигнализацию, огнезащиту и ПНР в Фокино для разных объектов.;"Прометей01 выполняет работы по видеонаблюдению, СКУД, пожарной сигнализации, электромонтажу и слаботочным системам в Фокино. Формат работ зависит от типа объекта; при подготовке учитываются монтаж, настройка, обслуживание и передача документации.";draft
severobaykalsk;Северобайкальск;Республика Бурятия;Северобайкальске;Системы безопасности в Северобайкальске | Прометей01;Прометей01 выполняет видеонаблюдение, СКУД, слаботочные сети, электромонтаж, пожарную сигнализацию, огнезащиту и ПНР в Северобайкальске для разных объектов.;"Прометей01 выполняет работы по видеонаблюдению, СКУД, пожарной сигнализации, электромонтажу и слаботочным системам в Северобайкальске. Формат работ зависит от типа объекта; при подготовке учитываются монтаж, настройка, обслуживание и передача документации.";draft
sharya;Шарья;Костромская область;Шарье;Системы безопасности в Шарье | Прометей01;Прометей01 выполняет видеонаблюдение, СКУД, слаботочные сети, электромонтаж, пожарную сигнализацию, огнезащиту и ПНР в Шарье для разных объектов.;"Прометей01 выполняет работы по видеонаблюдению, СКУД, пожарной сигнализации, электромонтажу и слаботочным системам в Шарье. Формат работ зависит от типа объекта; при подготовке учитываются монтаж, настройка, обслуживание и передача документации.";draft
omutninsk;Омутнинск;Кировская область;Омутнинске;Системы безопасности в Омутнинске | Прометей01;Прометей01 выполняет видеонаблюдение, СКУД, слаботочные сети, электромонтаж, пожарную сигнализацию, огнезащиту и ПНР в Омутнинске для разных объектов.;"Прометей01 выполняет работы по видеонаблюдению, СКУД, пожарной сигнализации, электромонтажу и слаботочным системам в Омутнинске. Формат работ зависит от типа объекта; при подготовке учитываются монтаж, настройка, обслуживание и передача документации.";draft
ust-katav;Усть-Катав;Челябинская область;Усть-Катаве;Системы безопасности в Усть-Катаве | Прометей01;Прометей01 выполняет видеонаблюдение, СКУД, слаботочные сети, электромонтаж, пожарную сигнализацию, огнезащиту и ПНР в Усть-Катаве для разных объектов.;"Прометей01 выполняет работы по видеонаблюдению, СКУД, пожарной сигнализации, электромонтажу и слаботочным системам в Усть-Катаве. Формат работ зависит от типа объекта; при подготовке учитываются монтаж, настройка, обслуживание и передача документации.";draft
bologoe;Бологое;Тверская область;Бологом;Системы безопасности в Бологом | Прометей01;Прометей01 выполняет видеонаблюдение, СКУД, слаботочные сети, электромонтаж, пожарную сигнализацию, огнезащиту и ПНР в Бологом для разных объектов.;"Прометей01 выполняет работы по видеонаблюдению, СКУД, пожарной сигнализации, электромонтажу и слаботочным системам в Бологом. Формат работ зависит от типа объекта; при подготовке учитываются монтаж, настройка, обслуживание и передача документации.";draft
volokolamsk;Волоколамск;Московская область;Волоколамске;Системы безопасности в Волоколамске | Прометей01;Прометей01 выполняет видеонаблюдение, СКУД, слаботочные сети, электромонтаж, пожарную сигнализацию, огнезащиту и ПНР в Волоколамске для разных объектов.;"Прометей01 выполняет работы по видеонаблюдению, СКУД, пожарной сигнализации, электромонтажу и слаботочным системам в Волоколамске. Формат работ зависит от типа объекта; при подготовке учитываются монтаж, настройка, обслуживание и передача документации.";draft
gubkinskiy;Губкинский;Ямало-Ненецкий автономный округ;Губкинском;Системы безопасности в Губкинском | Прометей01;Прометей01 выполняет видеонаблюдение, СКУД, слаботочные сети, электромонтаж, пожарную сигнализацию, огнезащиту и ПНР в Губкинском для разных объектов.;"Прометей01 выполняет работы по видеонаблюдению, СКУД, пожарной сигнализации, электромонтажу и слаботочным системам в Губкинском. Формат работ зависит от типа объекта; при подготовке учитываются монтаж, настройка, обслуживание и передача документации.";draft
gusinoozersk;Гусиноозёрск;Республика Бурятия;Гусиноозёрске;Системы безопасности в Гусиноозёрске | Прометей01;Прометей01 выполняет видеонаблюдение, СКУД, слаботочные сети, электромонтаж, пожарную сигнализацию, огнезащиту и ПНР в Гусиноозёрске для разных объектов.;"Прометей01 выполняет работы по видеонаблюдению, СКУД, пожарной сигнализации, электромонтажу и слаботочным системам в Гусиноозёрске. Формат работ зависит от типа объекта; при подготовке учитываются монтаж, настройка, обслуживание и передача документации.";draft
tashtagol;Таштагол;Кемеровская область;Таштаголе;Системы безопасности в Таштаголе | Прометей01;Прометей01 выполняет видеонаблюдение, СКУД, слаботочные сети, электромонтаж, пожарную сигнализацию, огнезащиту и ПНР в Таштаголе для разных объектов.;"Прометей01 выполняет работы по видеонаблюдению, СКУД, пожарной сигнализации, электромонтажу и слаботочным системам в Таштаголе. Формат работ зависит от типа объекта; при подготовке учитываются монтаж, настройка, обслуживание и передача документации.";draft
olenegorsk;Оленегорск;Мурманская область;Оленегорске;Системы безопасности в Оленегорске | Прометей01;Прометей01 выполняет видеонаблюдение, СКУД, слаботочные сети, электромонтаж, пожарную сигнализацию, огнезащиту и ПНР в Оленегорске для разных объектов.;"Прометей01 выполняет работы по видеонаблюдению, СКУД, пожарной сигнализации, электромонтажу и слаботочным системам в Оленегорске. Формат работ зависит от типа объекта; при подготовке учитываются монтаж, настройка, обслуживание и передача документации.";draft
oha;Оха;Сахалинская область;Охе;Системы безопасности в Охе | Прометей01;Прометей01 выполняет видеонаблюдение, СКУД, слаботочные сети, электромонтаж, пожарную сигнализацию, огнезащиту и ПНР в Охе для разных объектов.;"Прометей01 выполняет работы по видеонаблюдению, СКУД, пожарной сигнализации, электромонтажу и слаботочным системам в Охе. Формат работ зависит от типа объекта; при подготовке учитываются монтаж, настройка, обслуживание и передача документации.";draft
kubinka;Кубинка;Московская область;Кубинке;Системы безопасности в Кубинке | Прометей01;Прометей01 выполняет видеонаблюдение, СКУД, слаботочные сети, электромонтаж, пожарную сигнализацию, огнезащиту и ПНР в Кубинке для разных объектов.;"Прометей01 выполняет работы по видеонаблюдению, СКУД, пожарной сигнализации, электромонтажу и слаботочным системам в Кубинке. Формат работ зависит от типа объекта; при подготовке учитываются монтаж, настройка, обслуживание и передача документации.";draft
vilyuchinsk;Вилючинск;Камчатский край;Вилючинске;Системы безопасности в Вилючинске | Прометей01;Прометей01 выполняет видеонаблюдение, СКУД, слаботочные сети, электромонтаж, пожарную сигнализацию, огнезащиту и ПНР в Вилючинске для разных объектов.;"Прометей01 выполняет работы по видеонаблюдению, СКУД, пожарной сигнализации, электромонтажу и слаботочным системам в Вилючинске. Формат работ зависит от типа объекта; при подготовке учитываются монтаж, настройка, обслуживание и передача документации.";draft
nelidovo;Нелидово;Тверская область;Нелидово;Системы безопасности в Нелидово | Прометей01;Прометей01 выполняет видеонаблюдение, СКУД, слаботочные сети, электромонтаж, пожарную сигнализацию, огнезащиту и ПНР в Нелидово для разных объектов.;"Прометей01 выполняет работы по видеонаблюдению, СКУД, пожарной сигнализации, электромонтажу и слаботочным системам в Нелидово. Формат работ зависит от типа объекта; при подготовке учитываются монтаж, настройка, обслуживание и передача документации.";draft
nerehta;Нерехта;Костромская область;Нерехте;Системы безопасности в Нерехте | Прометей01;Прометей01 выполняет видеонаблюдение, СКУД, слаботочные сети, электромонтаж, пожарную сигнализацию, огнезащиту и ПНР в Нерехте для разных объектов.;"Прометей01 выполняет работы по видеонаблюдению, СКУД, пожарной сигнализации, электромонтажу и слаботочным системам в Нерехте. Формат работ зависит от типа объекта; при подготовке учитываются монтаж, настройка, обслуживание и передача документации.";draft
nikolaevsk-na-amure;Николаевск-на-Амуре;Хабаровский край;Николаевске-на-Амуре;Системы безопасности в Николаевске-на-Амуре | Прометей01;Прометей01 выполняет видеонаблюдение, СКУД, слаботочные сети, электромонтаж, пожарную сигнализацию, огнезащиту и ПНР в Николаевске-на-Амуре для разных объектов.;"Прометей01 выполняет работы по видеонаблюдению, СКУД, пожарной сигнализации, электромонтажу и слаботочным системам в Николаевске-на-Амуре. Формат работ зависит от типа объекта; при подготовке учитываются монтаж, настройка, обслуживание и передача документации.";draft
vereschagino;Верещагино;Пермский край;Верещагино;Системы безопасности в Верещагино | Прометей01;Прометей01 выполняет видеонаблюдение, СКУД, слаботочные сети, электромонтаж, пожарную сигнализацию, огнезащиту и ПНР в Верещагино для разных объектов.;"Прометей01 выполняет работы по видеонаблюдению, СКУД, пожарной сигнализации, электромонтажу и слаботочным системам в Верещагино. Формат работ зависит от типа объекта; при подготовке учитываются монтаж, настройка, обслуживание и передача документации.";draft
nizhniy-lomov;Нижний Ломов;Пензенская область;Нижнем Ломове;Системы безопасности в Нижнем Ломове | Прометей01;Прометей01 выполняет видеонаблюдение, СКУД, слаботочные сети, электромонтаж, пожарную сигнализацию, огнезащиту и ПНР в Нижнем Ломове для разных объектов.;"Прометей01 выполняет работы по видеонаблюдению, СКУД, пожарной сигнализации, электромонтажу и слаботочным системам в Нижнем Ломове. Формат работ зависит от типа объекта; при подготовке учитываются монтаж, настройка, обслуживание и передача документации.";draft
losino-petrovskiy;Лосино-Петровский;Московская область;Лосино-Петровском;Системы безопасности в Лосино-Петровском | Прометей01;Прометей01 выполняет видеонаблюдение, СКУД, слаботочные сети, электромонтаж, пожарную сигнализацию, огнезащиту и ПНР в Лосино-Петровском для разных объектов.;"Прометей01 выполняет работы по видеонаблюдению, СКУД, пожарной сигнализации, электромонтажу и слаботочным системам в Лосино-Петровском. Формат работ зависит от типа объекта; при подготовке учитываются монтаж, настройка, обслуживание и передача документации.";draft
lermontov;Лермонтов;Ставропольский край;Лермонтове;Системы безопасности в Лермонтове | Прометей01;Прометей01 выполняет видеонаблюдение, СКУД, слаботочные сети, электромонтаж, пожарную сигнализацию, огнезащиту и ПНР в Лермонтове для разных объектов.;"Прометей01 выполняет работы по видеонаблюдению, СКУД, пожарной сигнализации, электромонтажу и слаботочным системам в Лермонтове. Формат работ зависит от типа объекта; при подготовке учитываются монтаж, настройка, обслуживание и передача документации.";draft
vihorevka;Вихоревка;Иркутская область;Вихоревке;Системы безопасности в Вихоревке | Прометей01;Прометей01 выполняет видеонаблюдение, СКУД, слаботочные сети, электромонтаж, пожарную сигнализацию, огнезащиту и ПНР в Вихоревке для разных объектов.;"Прометей01 выполняет работы по видеонаблюдению, СКУД, пожарной сигнализации, электромонтажу и слаботочным системам в Вихоревке. Формат работ зависит от типа объекта; при подготовке учитываются монтаж, настройка, обслуживание и передача документации.";draft
nikolsk;Никольск;[уточнить регион];Никольске;Системы безопасности в Никольске | Прометей01;Прометей01 выполняет видеонаблюдение, СКУД, слаботочные сети, электромонтаж, пожарную сигнализацию, огнезащиту и ПНР в Никольске для разных объектов.;"Прометей01 выполняет работы по видеонаблюдению, СКУД, пожарной сигнализации, электромонтажу и слаботочным системам в Никольске. Формат работ зависит от типа объекта; при подготовке учитываются монтаж, настройка, обслуживание и передача документации.";draft
osa;Оса;Пермский край;Осе;Системы безопасности в Осе | Прометей01;Прометей01 выполняет видеонаблюдение, СКУД, слаботочные сети, электромонтаж, пожарную сигнализацию, огнезащиту и ПНР в Осе для разных объектов.;"Прометей01 выполняет работы по видеонаблюдению, СКУД, пожарной сигнализации, электромонтажу и слаботочным системам в Осе. Формат работ зависит от типа объекта; при подготовке учитываются монтаж, настройка, обслуживание и передача документации.";draft
zverevo;Зверево;Ростовская область;Зверево;Системы безопасности в Зверево | Прометей01;Прометей01 выполняет видеонаблюдение, СКУД, слаботочные сети, электромонтаж, пожарную сигнализацию, огнезащиту и ПНР в Зверево для разных объектов.;"Прометей01 выполняет работы по видеонаблюдению, СКУД, пожарной сигнализации, электромонтажу и слаботочным системам в Зверево. Формат работ зависит от типа объекта; при подготовке учитываются монтаж, настройка, обслуживание и передача документации.";draft
nyandoma;Няндома;Архангельская область;Няндоме;Системы безопасности в Няндоме | Прометей01;Прометей01 выполняет видеонаблюдение, СКУД, слаботочные сети, электромонтаж, пожарную сигнализацию, огнезащиту и ПНР в Няндоме для разных объектов.;"Прометей01 выполняет работы по видеонаблюдению, СКУД, пожарной сигнализации, электромонтажу и слаботочным системам в Няндоме. Формат работ зависит от типа объекта; при подготовке учитываются монтаж, настройка, обслуживание и передача документации.";draft
dudinka;Дудинка;Красноярский край;Дудинке;Системы безопасности в Дудинке | Прометей01;Прометей01 выполняет видеонаблюдение, СКУД, слаботочные сети, электромонтаж, пожарную сигнализацию, огнезащиту и ПНР в Дудинке для разных объектов.;"Прометей01 выполняет работы по видеонаблюдению, СКУД, пожарной сигнализации, электромонтажу и слаботочным системам в Дудинке. Формат работ зависит от типа объекта; при подготовке учитываются монтаж, настройка, обслуживание и передача документации.";draft
elektrogorsk;Электрогорск;Московская область;Электрогорске;Системы безопасности в Электрогорске | Прометей01;Прометей01 выполняет видеонаблюдение, СКУД, слаботочные сети, электромонтаж, пожарную сигнализацию, огнезащиту и ПНР в Электрогорске для объектов разных типов.;"Прометей01 выполняет работы по видеонаблюдению, СКУД, пожарной сигнализации, электромонтажу и слаботочным системам в Электрогорске. Формат работ зависит от типа объекта; при подготовке учитываются монтаж, настройка, обслуживание и передача документации.";draft
bavly;Бавлы;Республика Татарстан;Бавлах;Системы безопасности в Бавлах | Прометей01;Прометей01 выполняет видеонаблюдение, СКУД, слаботочные сети, электромонтаж, пожарную сигнализацию, огнезащиту и ПНР в Бавлах для объектов разных типов.;"Прометей01 выполняет работы по видеонаблюдению, СКУД, пожарной сигнализации, электромонтажу и слаботочным системам в Бавлах. Формат работ зависит от типа объекта; при подготовке учитываются монтаж, настройка, обслуживание и передача документации.";draft
mendeleevsk;Менделеевск;Республика Татарстан;Менделеевске;Системы безопасности в Менделеевске | Прометей01;Прометей01 выполняет видеонаблюдение, СКУД, слаботочные сети, электромонтаж, пожарную сигнализацию, огнезащиту и ПНР в Менделеевске для объектов разных типов.;"Прометей01 выполняет работы по видеонаблюдению, СКУД, пожарной сигнализации, электромонтажу и слаботочным системам в Менделеевске. Формат работ зависит от типа объекта; при подготовке учитываются монтаж, настройка, обслуживание и передача документации.";draft
armyansk;Армянск;Республика Крым;Армянске;Системы безопасности в Армянске | Прометей01;Прометей01 выполняет видеонаблюдение, СКУД, слаботочные сети, электромонтаж, пожарную сигнализацию, огнезащиту и ПНР в Армянске для объектов разных типов.;"Прометей01 выполняет работы по видеонаблюдению, СКУД, пожарной сигнализации, электромонтажу и слаботочным системам в Армянске. Формат работ зависит от типа объекта; при подготовке учитываются монтаж, настройка, обслуживание и передача документации.";draft
kirovgrad;Кировград;Свердловская область;Кировграде;Системы безопасности в Кировграде | Прометей01;Прометей01 выполняет видеонаблюдение, СКУД, слаботочные сети, электромонтаж, пожарную сигнализацию, огнезащиту и ПНР в Кировграде для объектов разных типов.;"Прометей01 выполняет работы по видеонаблюдению, СКУД, пожарной сигнализации, электромонтажу и слаботочным системам в Кировграде. Формат работ зависит от типа объекта; при подготовке учитываются монтаж, настройка, обслуживание и передача документации.";draft
kaltan;Калтан;Кемеровская область;Калтане;Системы безопасности в Калтане | Прометей01;Прометей01 выполняет видеонаблюдение, СКУД, слаботочные сети, электромонтаж, пожарную сигнализацию, огнезащиту и ПНР в Калтане для объектов разных типов.;"Прометей01 выполняет работы по видеонаблюдению, СКУД, пожарной сигнализации, электромонтажу и слаботочным системам в Калтане. Формат работ зависит от типа объекта; при подготовке учитываются монтаж, настройка, обслуживание и передача документации.";draft
lyskovo;Лысково;Нижегородская область;Лысково;Системы безопасности в Лысково | Прометей01;Прометей01 выполняет видеонаблюдение, СКУД, слаботочные сети, электромонтаж, пожарную сигнализацию, огнезащиту и ПНР в Лысково для объектов разных типов.;"Прометей01 выполняет работы по видеонаблюдению, СКУД, пожарной сигнализации, электромонтажу и слаботочным системам в Лысково. Формат работ зависит от типа объекта; при подготовке учитываются монтаж, настройка, обслуживание и передача документации.";draft
staraya-kupavna;Старая Купавна;Московская область;Старой Купавне;Системы безопасности в Старой Купавне | Прометей01;Прометей01 выполняет видеонаблюдение, СКУД, слаботочные сети, электромонтаж, пожарную сигнализацию, огнезащиту и ПНР в Старой Купавне для объектов разных типов.;"Прометей01 выполняет работы по видеонаблюдению, СКУД, пожарной сигнализации, электромонтажу и слаботочным системам в Старой Купавне. Формат работ зависит от типа объекта; при подготовке учитываются монтаж, настройка, обслуживание и передача документации.";draft
kurovskoe;Куровское;Московская область;Куровском;Системы безопасности в Куровском | Прометей01;Прометей01 выполняет видеонаблюдение, СКУД, слаботочные сети, электромонтаж, пожарную сигнализацию, огнезащиту и ПНР в Куровском для объектов разных типов.;"Прометей01 выполняет работы по видеонаблюдению, СКУД, пожарной сигнализации, электромонтажу и слаботочным системам в Куровском. Формат работ зависит от типа объекта; при подготовке учитываются монтаж, настройка, обслуживание и передача документации.";draft
ryazhsk;Ряжск;Рязанская область;Ряжске;Системы безопасности в Ряжске | Прометей01;Прометей01 выполняет видеонаблюдение, СКУД, слаботочные сети, электромонтаж, пожарную сигнализацию, огнезащиту и ПНР в Ряжске для объектов разных типов.;"Прометей01 выполняет работы по видеонаблюдению, СКУД, пожарной сигнализации, электромонтажу и слаботочным системам в Ряжске. Формат работ зависит от типа объекта; при подготовке учитываются монтаж, настройка, обслуживание и передача документации.";draft
ostrov;Остров;Псковская область;Острове;Системы безопасности в Острове | Прометей01;Прометей01 выполняет видеонаблюдение, СКУД, слаботочные сети, электромонтаж, пожарную сигнализацию, огнезащиту и ПНР в Острове для объектов разных типов.;"Прометей01 выполняет работы по видеонаблюдению, СКУД, пожарной сигнализации, электромонтажу и слаботочным системам в Острове. Формат работ зависит от типа объекта; при подготовке учитываются монтаж, настройка, обслуживание и передача документации.";draft
hotkovo;Хотьково;Московская область;Хотьково;Системы безопасности в Хотьково | Прометей01;Прометей01 выполняет видеонаблюдение, СКУД, слаботочные сети, электромонтаж, пожарную сигнализацию, огнезащиту и ПНР в Хотьково для объектов разных типов.;"Прометей01 выполняет работы по видеонаблюдению, СКУД, пожарной сигнализации, электромонтажу и слаботочным системам в Хотьково. Формат работ зависит от типа объекта; при подготовке учитываются монтаж, настройка, обслуживание и передача документации.";draft
nizhnyaya-tura;Нижняя Тура;Свердловская область;Нижней Туре;Системы безопасности в Нижней Туре | Прометей01;Прометей01 выполняет видеонаблюдение, СКУД, слаботочные сети, электромонтаж, пожарную сигнализацию, огнезащиту и ПНР в Нижней Туре для объектов разных типов.;"Прометей01 выполняет работы по видеонаблюдению, СКУД, пожарной сигнализации, электромонтажу и слаботочным системам в Нижней Туре. Формат работ зависит от типа объекта; при подготовке учитываются монтаж, настройка, обслуживание и передача документации.";draft
hadyzhensk;Хадыженск;Краснодарский край;Хадыженске;Системы безопасности в Хадыженске | Прометей01;Прометей01 выполняет видеонаблюдение, СКУД, слаботочные сети, электромонтаж, пожарную сигнализацию, огнезащиту и ПНР в Хадыженске для объектов разных типов.;"Прометей01 выполняет работы по видеонаблюдению, СКУД, пожарной сигнализации, электромонтажу и слаботочным системам в Хадыженске. Формат работ зависит от типа объекта; при подготовке учитываются монтаж, настройка, обслуживание и передача документации.";draft
pikalevo;Пикалёво;Ленинградская область;Пикалёво;Системы безопасности в Пикалёво | Прометей01;Прометей01 выполняет видеонаблюдение, СКУД, слаботочные сети, электромонтаж, пожарную сигнализацию, огнезащиту и ПНР в Пикалёво для объектов разных типов.;"Прометей01 выполняет работы по видеонаблюдению, СКУД, пожарной сигнализации, электромонтажу и слаботочным системам в Пикалёво. Формат работ зависит от типа объекта; при подготовке учитываются монтаж, настройка, обслуживание и передача документации.";draft
toguchin;Тогучин;Новосибирская область;Тогучине;Системы безопасности в Тогучине | Прометей01;Прометей01 выполняет видеонаблюдение, СКУД, слаботочные сети, электромонтаж, пожарную сигнализацию, огнезащиту и ПНР в Тогучине для объектов разных типов.;"Прометей01 выполняет работы по видеонаблюдению, СКУД, пожарной сигнализации, электромонтажу и слаботочным системам в Тогучине. Формат работ зависит от типа объекта; при подготовке учитываются монтаж, настройка, обслуживание и передача документации.";draft
lgov;Льгов;Курская область;Льгове;Системы безопасности в Льгове | Прометей01;Прометей01 выполняет видеонаблюдение, СКУД, слаботочные сети, электромонтаж, пожарную сигнализацию, огнезащиту и ПНР в Льгове для объектов разных типов.;"Прометей01 выполняет работы по видеонаблюдению, СКУД, пожарной сигнализации, электромонтажу и слаботочным системам в Льгове. Формат работ зависит от типа объекта; при подготовке учитываются монтаж, настройка, обслуживание и передача документации.";draft
ershov;Ершов;Саратовская область;Ершове;Системы безопасности в Ершове | Прометей01;Прометей01 выполняет видеонаблюдение, СКУД, слаботочные сети, электромонтаж, пожарную сигнализацию, огнезащиту и ПНР в Ершове для объектов разных типов.;"Прометей01 выполняет работы по видеонаблюдению, СКУД, пожарной сигнализации, электромонтажу и слаботочным системам в Ершове. Формат работ зависит от типа объекта; при подготовке учитываются монтаж, настройка, обслуживание и передача документации.";draft
sergach;Сергач;Нижегородская область;Сергаче;Системы безопасности в Сергаче | Прометей01;Прометей01 выполняет видеонаблюдение, СКУД, слаботочные сети, электромонтаж, пожарную сигнализацию, огнезащиту и ПНР в Сергаче для объектов разных типов.;"Прометей01 выполняет работы по видеонаблюдению, СКУД, пожарной сигнализации, электромонтажу и слаботочным системам в Сергаче. Формат работ зависит от типа объекта; при подготовке учитываются монтаж, настройка, обслуживание и передача документации.";draft
svetlyy;Светлый;Калининградская область;Светлом;Системы безопасности в Светлом | Прометей01;Прометей01 выполняет видеонаблюдение, СКУД, слаботочные сети, электромонтаж, пожарную сигнализацию, огнезащиту и ПНР в Светлом для объектов разных типов.;"Прометей01 выполняет работы по видеонаблюдению, СКУД, пожарной сигнализации, электромонтажу и слаботочным системам в Светлом. Формат работ зависит от типа объекта; при подготовке учитываются монтаж, настройка, обслуживание и передача документации.";draft
onega;Онега;Архангельская область;Онеге;Системы безопасности в Онеге | Прометей01;Прометей01 выполняет видеонаблюдение, СКУД, слаботочные сети, электромонтаж, пожарную сигнализацию, огнезащиту и ПНР в Онеге для объектов разных типов.;"Прометей01 выполняет работы по видеонаблюдению, СКУД, пожарной сигнализации, электромонтажу и слаботочным системам в Онеге. Формат работ зависит от типа объекта; при подготовке учитываются монтаж, настройка, обслуживание и передача документации.";draft
shahunya;Шахунья;Нижегородская область;Шахунье;Системы безопасности в Шахунье | Прометей01;Прометей01 выполняет видеонаблюдение, СКУД, слаботочные сети, электромонтаж, пожарную сигнализацию, огнезащиту и ПНР в Шахунье для объектов разных типов.;"Прометей01 выполняет работы по видеонаблюдению, СКУД, пожарной сигнализации, электромонтажу и слаботочным системам в Шахунье. Формат работ зависит от типа объекта; при подготовке учитываются монтаж, настройка, обслуживание и передача документации.";draft
kovylkino;Ковылкино;Республика Мордовия;Ковылкино;Системы безопасности в Ковылкино | Прометей01;Прометей01 выполняет видеонаблюдение, СКУД, слаботочные сети, электромонтаж, пожарную сигнализацию, огнезащиту и ПНР в Ковылкино для объектов разных типов.;"Прометей01 выполняет работы по видеонаблюдению, СКУД, пожарной сигнализации, электромонтажу и слаботочным системам в Ковылкино. Формат работ зависит от типа объекта; при подготовке учитываются монтаж, настройка, обслуживание и передача документации.";draft
naryan-mar;Нарьян-Мар;Ненецкий автономный округ;Нарьян-Маре;Системы безопасности в Нарьян-Маре | Прометей01;Прометей01 выполняет видеонаблюдение, СКУД, слаботочные сети, электромонтаж, пожарную сигнализацию, огнезащиту и ПНР в Нарьян-Маре для объектов разных типов.;"Прометей01 выполняет работы по видеонаблюдению, СКУД, пожарной сигнализации, электромонтажу и слаботочным системам в Нарьян-Маре. Формат работ зависит от типа объекта; при подготовке учитываются монтаж, настройка, обслуживание и передача документации.";draft
aldan;Алдан;Республика Саха (Якутия);Алдане;Системы безопасности в Алдане | Прометей01;Прометей01 выполняет видеонаблюдение, СКУД, слаботочные сети, электромонтаж, пожарную сигнализацию, огнезащиту и ПНР в Алдане для объектов разных типов.;"Прометей01 выполняет работы по видеонаблюдению, СКУД, пожарной сигнализации, электромонтажу и слаботочным системам в Алдане. Формат работ зависит от типа объекта; при подготовке учитываются монтаж, настройка, обслуживание и передача документации.";draft
roshal;Рошаль;Московская область;Рошале;Системы безопасности в Рошале | Прометей01;Прометей01 выполняет видеонаблюдение, СКУД, слаботочные сети, электромонтаж, пожарную сигнализацию, огнезащиту и ПНР в Рошале для объектов разных типов.;"Прометей01 выполняет работы по видеонаблюдению, СКУД, пожарной сигнализации, электромонтажу и слаботочным системам в Рошале. Формат работ зависит от типа объекта; при подготовке учитываются монтаж, настройка, обслуживание и передача документации.";draft
kozmodemyansk;Козьмодемьянск;Республика Марий Эл;Козьмодемьянске;Системы безопасности в Козьмодемьянске | Прометей01;Прометей01 выполняет видеонаблюдение, СКУД, слаботочные сети, электромонтаж, пожарную сигнализацию, огнезащиту и ПНР в Козьмодемьянске для объектов разных типов.;"Прометей01 выполняет работы по видеонаблюдению, СКУД, пожарной сигнализации, электромонтажу и слаботочным системам в Козьмодемьянске. Формат работ зависит от типа объекта; при подготовке учитываются монтаж, настройка, обслуживание и передача документации.";draft
bronnicy;Бронницы;Московская область;Бронницах;Системы безопасности в Бронницах | Прометей01;Прометей01 выполняет видеонаблюдение, СКУД, слаботочные сети, электромонтаж, пожарную сигнализацию, огнезащиту и ПНР в Бронницах для объектов разных типов.;"Прометей01 выполняет работы по видеонаблюдению, СКУД, пожарной сигнализации, электромонтажу и слаботочным системам в Бронницах. Формат работ зависит от типа объекта; при подготовке учитываются монтаж, настройка, обслуживание и передача документации.";draft
dankov;Данков;Липецкая область;Данкове;Системы безопасности в Данкове | Прометей01;Прометей01 выполняет видеонаблюдение, СКУД, слаботочные сети, электромонтаж, пожарную сигнализацию, огнезащиту и ПНР в Данкове для объектов разных типов.;"Прометей01 выполняет работы по видеонаблюдению, СКУД, пожарной сигнализации, электромонтажу и слаботочным системам в Данкове. Формат работ зависит от типа объекта; при подготовке учитываются монтаж, настройка, обслуживание и передача документации.";draft
lodeynoe-pole;Лодейное Поле;Ленинградская область;Лодейном Поле;Системы безопасности в Лодейном Поле | Прометей01;Прометей01 выполняет видеонаблюдение, СКУД, слаботочные сети, электромонтаж, пожарную сигнализацию, огнезащиту и ПНР в Лодейном Поле для объектов разных типов.;"Прометей01 выполняет работы по видеонаблюдению, СКУД, пожарной сигнализации, электромонтажу и слаботочным системам в Лодейном Поле. Формат работ зависит от типа объекта; при подготовке учитываются монтаж, настройка, обслуживание и передача документации.";draft
bogotol;Боготол;Красноярский край;Боготоле;Системы безопасности в Боготоле | Прометей01;Прометей01 выполняет видеонаблюдение, СКУД, слаботочные сети, электромонтаж, пожарную сигнализацию, огнезащиту и ПНР в Боготоле для объектов.;Прометей01 выполняет работы по видеонаблюдению, СКУД, пожарной сигнализации, слаботочным сетям и сопутствующей документации в Боготоле. Состав работ уточняется по типу объекта, требованиям к доступу, пожарной безопасности и обслуживанию.;draft
tyrnyauz;Тырныауз;Кабардино-Балкарская Республика;Тырныаузе;Системы безопасности в Тырныаузе | Прометей01;Прометей01 выполняет видеонаблюдение, СКУД, слаботочные сети, электромонтаж, пожарную сигнализацию, огнезащиту и ПНР в Тырныаузе для объектов.;Прометей01 выполняет работы по видеонаблюдению, СКУД, пожарной сигнализации, слаботочным сетям и сопутствующей документации в Тырныаузе. Состав работ уточняется по типу объекта, требованиям к доступу, пожарной безопасности и обслуживанию.;draft
lebedyan;Лебедянь;Липецкая область;Лебедяни;Системы безопасности в Лебедяни | Прометей01;Прометей01 выполняет видеонаблюдение, СКУД, слаботочные сети, электромонтаж, пожарную сигнализацию, огнезащиту и ПНР в Лебедяни для объектов.;Прометей01 выполняет работы по видеонаблюдению, СКУД, пожарной сигнализации, слаботочным сетям и сопутствующей документации в Лебедяни. Состав работ уточняется по типу объекта, требованиям к доступу, пожарной безопасности и обслуживанию.;draft
chernogolovka;Черноголовка;Московская область;Черноголовке;Системы безопасности в Черноголовке | Прометей01;Прометей01 выполняет видеонаблюдение, СКУД, слаботочные сети, электромонтаж, пожарную сигнализацию, огнезащиту и ПНР в Черноголовке для объектов.;Прометей01 выполняет работы по видеонаблюдению, СКУД, пожарной сигнализации, слаботочным сетям и сопутствующей документации в Черноголовке. Состав работ уточняется по типу объекта, требованиям к доступу, пожарной безопасности и обслуживанию.;draft
bakal;Бакал;Челябинская область;Бакале;Системы безопасности в Бакале | Прометей01;Прометей01 выполняет видеонаблюдение, СКУД, слаботочные сети, электромонтаж, пожарную сигнализацию, огнезащиту и ПНР в Бакале для объектов и бизнеса.;Прометей01 выполняет работы по видеонаблюдению, СКУД, пожарной сигнализации, слаботочным сетям и сопутствующей документации в Бакале. Состав работ уточняется по типу объекта, требованиям к доступу, пожарной безопасности и обслуживанию.;draft
alagir;Алагир;Республика Северная Осетия — Алания;Алагире;Системы безопасности в Алагире | Прометей01;Прометей01 выполняет видеонаблюдение, СКУД, слаботочные сети, электромонтаж, пожарную сигнализацию, огнезащиту и ПНР в Алагире для объектов.;Прометей01 выполняет работы по видеонаблюдению, СКУД, пожарной сигнализации, слаботочным сетям и сопутствующей документации в Алагире. Состав работ уточняется по типу объекта, требованиям к доступу, пожарной безопасности и обслуживанию.;draft
abdulino;Абдулино;Оренбургская область;Абдулино;Системы безопасности в Абдулино | Прометей01;Прометей01 выполняет видеонаблюдение, СКУД, слаботочные сети, электромонтаж, пожарную сигнализацию, огнезащиту и ПНР в Абдулино для объектов.;Прометей01 выполняет работы по видеонаблюдению, СКУД, пожарной сигнализации, слаботочным сетям и сопутствующей документации в Абдулино. Состав работ уточняется по типу объекта, требованиям к доступу, пожарной безопасности и обслуживанию.;draft
sysert;Сысерть;Свердловская область;Сысерти;Системы безопасности в Сысерти | Прометей01;Прометей01 выполняет видеонаблюдение, СКУД, слаботочные сети, электромонтаж, пожарную сигнализацию, огнезащиту и ПНР в Сысерти для объектов.;Прометей01 выполняет работы по видеонаблюдению, СКУД, пожарной сигнализации, слаботочным сетям и сопутствующей документации в Сысерти. Состав работ уточняется по типу объекта, требованиям к доступу, пожарной безопасности и обслуживанию.;draft
surovikino;Суровикино;Волгоградская область;Суровикино;Системы безопасности в Суровикино | Прометей01;Прометей01 выполняет видеонаблюдение, СКУД, слаботочные сети, электромонтаж, пожарную сигнализацию, огнезащиту и ПНР в Суровикино для объектов.;Прометей01 выполняет работы по видеонаблюдению, СКУД, пожарной сигнализации, слаботочным сетям и сопутствующей документации в Суровикино. Состав работ уточняется по типу объекта, требованиям к доступу, пожарной безопасности и обслуживанию.;draft
raychihinsk;Райчихинск;Амурская область;Райчихинске;Системы безопасности в Райчихинске | Прометей01;Прометей01 выполняет видеонаблюдение, СКУД, слаботочные сети, электромонтаж, пожарную сигнализацию, огнезащиту и ПНР в Райчихинске для объектов.;Прометей01 выполняет работы по видеонаблюдению, СКУД, пожарной сигнализации, слаботочным сетям и сопутствующей документации в Райчихинске. Состав работ уточняется по типу объекта, требованиям к доступу, пожарной безопасности и обслуживанию.;draft
kotelnikovo;Котельниково;Волгоградская область;Котельниково;Системы безопасности в Котельниково | Прометей01;Прометей01 выполняет видеонаблюдение, СКУД, слаботочные сети, электромонтаж, пожарную сигнализацию, огнезащиту и ПНР в Котельниково для объектов.;Прометей01 выполняет работы по видеонаблюдению, СКУД, пожарной сигнализации, слаботочным сетям и сопутствующей документации в Котельниково. Состав работ уточняется по типу объекта, требованиям к доступу, пожарной безопасности и обслуживанию.;draft
tarko-sale;Тарко-Сале;Ямало-Ненецкий автономный округ;Тарко-Сале;Системы безопасности в Тарко-Сале | Прометей01;Прометей01 выполняет видеонаблюдение, СКУД, слаботочные сети, электромонтаж, пожарную сигнализацию, огнезащиту и ПНР в Тарко-Сале для объектов.;Прометей01 выполняет работы по видеонаблюдению, СКУД, пожарной сигнализации, слаботочным сетям и сопутствующей документации в Тарко-Сале. Состав работ уточняется по типу объекта, требованиям к доступу, пожарной безопасности и обслуживанию.;draft
sredneuralsk;Среднеуральск;Свердловская область;Среднеуральске;Системы безопасности в Среднеуральске | Прометей01;Прометей01 выполняет видеонаблюдение, СКУД, слаботочные сети, электромонтаж, пожарную сигнализацию, огнезащиту и ПНР в Среднеуральске для объектов.;Прометей01 выполняет работы по видеонаблюдению, СКУД, пожарной сигнализации, слаботочным сетям и сопутствующей документации в Среднеуральске. Состав работ уточняется по типу объекта, требованиям к доступу, пожарной безопасности и обслуживанию.;draft
buinsk;Буинск;Республика Татарстан;Буинске;Системы безопасности в Буинске | Прометей01;Прометей01 выполняет видеонаблюдение, СКУД, слаботочные сети, электромонтаж, пожарную сигнализацию, огнезащиту и ПНР в Буинске для объектов.;Прометей01 выполняет работы по видеонаблюдению, СКУД, пожарной сигнализации, слаботочным сетям и сопутствующей документации в Буинске. Состав работ уточняется по типу объекта, требованиям к доступу, пожарной безопасности и обслуживанию.;draft
beloyarskiy;Белоярский;Ханты-Мансийский автономный округ — Югра;Белоярском;Системы безопасности в Белоярском | Прометей01;Прометей01 выполняет видеонаблюдение, СКУД, слаботочные сети, электромонтаж, пожарную сигнализацию, огнезащиту и ПНР в Белоярском для объектов.;Прометей01 выполняет работы по видеонаблюдению, СКУД, пожарной сигнализации, слаботочным сетям и сопутствующей документации в Белоярском. Состав работ уточняется по типу объекта, требованиям к доступу, пожарной безопасности и обслуживанию.;draft
kizel;Кизел;Пермский край;Кизеле;Системы безопасности в Кизеле | Прометей01;Прометей01 выполняет видеонаблюдение, СКУД, слаботочные сети, электромонтаж, пожарную сигнализацию, огнезащиту и ПНР в Кизеле для объектов и бизнеса.;Прометей01 выполняет работы по видеонаблюдению, СКУД, пожарной сигнализации, слаботочным сетям и сопутствующей документации в Кизеле. Состав работ уточняется по типу объекта, требованиям к доступу, пожарной безопасности и обслуживанию.;draft
proletarsk;Пролетарск;Ростовская область;Пролетарске;Системы безопасности в Пролетарске | Прометей01;Прометей01 выполняет видеонаблюдение, СКУД, слаботочные сети, электромонтаж, пожарную сигнализацию, огнезащиту и ПНР в Пролетарске для объектов.;Прометей01 выполняет работы по видеонаблюдению, СКУД, пожарной сигнализации, слаботочным сетям и сопутствующей документации в Пролетарске. Состав работ уточняется по типу объекта, требованиям к доступу, пожарной безопасности и обслуживанию.;draft
kommunar;Коммунар;Ленинградская область;Коммунаре;Системы безопасности в Коммунаре | Прометей01;Прометей01 выполняет видеонаблюдение, СКУД, слаботочные сети, электромонтаж, пожарную сигнализацию, огнезащиту и ПНР в Коммунаре для объектов.;Прометей01 выполняет работы по видеонаблюдению, СКУД, пожарной сигнализации, слаботочным сетям и сопутствующей документации в Коммунаре. Состав работ уточняется по типу объекта, требованиям к доступу, пожарной безопасности и обслуживанию.;draft
puschino;Пущино;Московская область;Пущино;Системы безопасности в Пущино | Прометей01;Прометей01 выполняет видеонаблюдение, СКУД, слаботочные сети, электромонтаж, пожарную сигнализацию, огнезащиту и ПНР в Пущино для объектов и бизнеса.;Прометей01 выполняет работы по видеонаблюдению, СКУД, пожарной сигнализации, слаботочным сетям и сопутствующей документации в Пущино. Состав работ уточняется по типу объекта, требованиям к доступу, пожарной безопасности и обслуживанию.;draft
elektrougli;Электроугли;Московская область;Электроуглях;Системы безопасности в Электроуглях | Прометей01;Прометей01 выполняет видеонаблюдение, СКУД, слаботочные сети, электромонтаж, пожарную сигнализацию, огнезащиту и ПНР в Электроуглях для объектов.;Прометей01 выполняет работы по видеонаблюдению, СКУД, пожарной сигнализации, слаботочным сетям и сопутствующей документации в Электроуглях. Состав работ уточняется по типу объекта, требованиям к доступу, пожарной безопасности и обслуживанию.;draft
kalach;Калач;Воронежская область;Калаче;Системы безопасности в Калаче | Прометей01;Прометей01 выполняет видеонаблюдение, СКУД, слаботочные сети, электромонтаж, пожарную сигнализацию, огнезащиту и ПНР в Калаче для объектов и бизнеса.;Прометей01 выполняет работы по видеонаблюдению, СКУД, пожарной сигнализации, слаботочным сетям и сопутствующей документации в Калаче. Состав работ уточняется по типу объекта, требованиям к доступу, пожарной безопасности и обслуживанию.;draft
kyahta;Кяхта;Республика Бурятия;Кяхте;Системы безопасности в Кяхте | Прометей01;Прометей01 выполняет видеонаблюдение, СКУД, слаботочные сети, электромонтаж, пожарную сигнализацию, огнезащиту и ПНР в Кяхте для объектов и бизнеса.;Прометей01 выполняет работы по видеонаблюдению, СКУД, пожарной сигнализации, слаботочным сетям и сопутствующей документации в Кяхте. Состав работ уточняется по типу объекта, требованиям к доступу, пожарной безопасности и обслуживанию.;draft
shimanovsk;Шимановск;Амурская область;Шимановске;Системы безопасности в Шимановске | Прометей01;Прометей01 выполняет видеонаблюдение, СКУД, слаботочные сети, электромонтаж, пожарную сигнализацию, огнезащиту и ПНР в Шимановске для объектов.;Прометей01 выполняет работы по видеонаблюдению, СКУД, пожарной сигнализации, слаботочным сетям и сопутствующей документации в Шимановске. Состав работ уточняется по типу объекта, требованиям к доступу, пожарной безопасности и обслуживанию.;draft
murino;Мурино;Ленинградская область;Мурино;Системы безопасности в Мурино | Прометей01;Прометей01 выполняет видеонаблюдение, СКУД, слаботочные сети, электромонтаж, пожарную сигнализацию, огнезащиту и ПНР в Мурино для объектов и бизнеса.;Прометей01 выполняет работы по видеонаблюдению, СКУД, пожарной сигнализации, слаботочным сетям и сопутствующей документации в Мурино. Состав работ уточняется по типу объекта, требованиям к доступу, пожарной безопасности и обслуживанию.;draft
bobrov;Бобров;Воронежская область;Боброве;Системы безопасности в Боброве | Прометей01;Прометей01 выполняет видеонаблюдение, СКУД, слаботочные сети, электромонтаж, пожарную сигнализацию, огнезащиту и ПНР в Боброве для объектов.;Прометей01 выполняет работы по видеонаблюдению, СКУД, пожарной сигнализации, слаботочным сетям и сопутствующей документации в Боброве. Состав работ уточняется по типу объекта, требованиям к доступу, пожарной безопасности и обслуживанию.;draft
karachev;Карачев;Брянская область;Карачеве;Системы безопасности в Карачеве | Прометей01;Прометей01 выполняет видеонаблюдение, СКУД, слаботочные сети, электромонтаж, пожарную сигнализацию, огнезащиту и ПНР в Карачеве для объектов.;Прометей01 выполняет работы по видеонаблюдению, СКУД, пожарной сигнализации, слаботочным сетям и сопутствующей документации в Карачеве. Состав работ уточняется по типу объекта, требованиям к доступу, пожарной безопасности и обслуживанию.;draft
yurev-polskiy;Юрьев-Польский;Владимирская область;Юрьеве-Польском;Системы безопасности в Юрьеве-Польском | Прометей01;Прометей01 выполняет видеонаблюдение, СКУД, слаботочные сети, электромонтаж, пожарную сигнализацию, огнезащиту и ПНР в Юрьеве-Польском для объектов.;Прометей01 выполняет работы по видеонаблюдению, СКУД, пожарной сигнализации, слаботочным сетям и сопутствующей документации в Юрьеве-Польском. Состав работ уточняется по типу объекта, требованиям к доступу, пожарной безопасности и обслуживанию.;draft
novyy-oskol;Новый Оскол;Белгородская область;Новом Осколе;Системы безопасности в Новом Осколе | Прометей01;Прометей01 выполняет видеонаблюдение, СКУД, слаботочные сети, электромонтаж, пожарную сигнализацию, огнезащиту и ПНР в Новом Осколе для объектов.;Прометей01 выполняет работы по видеонаблюдению, СКУД, пожарной сигнализации, слаботочным сетям и сопутствующей документации в Новом Осколе. Состав работ уточняется по типу объекта, требованиям к доступу, пожарной безопасности и обслуживанию.;draft
sobinka;Собинка;Владимирская область;Собинке;Системы безопасности в Собинке | Прометей01;Прометей01 выполняет видеонаблюдение, СКУД, слаботочные сети, электромонтаж, пожарную сигнализацию, огнезащиту и ПНР в Собинке для объектов.;Прометей01 выполняет работы по видеонаблюдению, СКУД, пожарной сигнализации, слаботочным сетям и сопутствующей документации в Собинке. Состав работ уточняется по типу объекта, требованиям к доступу, пожарной безопасности и обслуживанию.;draft
cherepanovo;Черепаново;Новосибирская область;Черепаново;Системы безопасности в Черепаново | Прометей01;Прометей01 выполняет видеонаблюдение, СКУД, слаботочные сети, электромонтаж, пожарную сигнализацию, огнезащиту и ПНР в Черепаново для объектов.;Прометей01 выполняет работы по видеонаблюдению, СКУД, пожарной сигнализации, слаботочным сетям и сопутствующей документации в Черепаново. Состав работ уточняется по типу объекта, требованиям к доступу, пожарной безопасности и обслуживанию.;draft
nikolskoe;Никольское;Ленинградская область;Никольском;Системы безопасности в Никольском | Прометей01;Прометей01 выполняет видеонаблюдение, СКУД, слаботочные сети, электромонтаж, пожарную сигнализацию, огнезащиту и ПНР в Никольском для объектов разного назначения.;Прометей01 выполняет работы по видеонаблюдению, СКУД, пожарной сигнализации, электромонтажу и слаботочным системам в Никольском. В первом экране стоит сразу обозначить типы объектов, порядок работ и передачу исполнительной документации.;draft
novomichurinsk;Новомичуринск;Рязанская область;Новомичуринске;Системы безопасности в Новомичуринске | Прометей01;Прометей01 выполняет видеонаблюдение, СКУД, слаботочные сети, электромонтаж, пожарную сигнализацию, огнезащиту и ПНР в Новомичуринске для объектов разного назначения.;Прометей01 выполняет работы по видеонаблюдению, СКУД, пожарной сигнализации, электромонтажу и слаботочным системам в Новомичуринске. В первом экране стоит сразу обозначить типы объектов, порядок работ и передачу исполнительной документации.;draft
agryz;Агрыз;Республика Татарстан;Агрызе;Системы безопасности в Агрызе | Прометей01;Прометей01 выполняет видеонаблюдение, СКУД, слаботочные сети, электромонтаж, пожарную сигнализацию, огнезащиту и ПНР в Агрызе для объектов разного назначения.;Прометей01 выполняет работы по видеонаблюдению, СКУД, пожарной сигнализации, электромонтажу и слаботочным системам в Агрызе. В первом экране стоит сразу обозначить типы объектов, порядок работ и передачу исполнительной документации.;draft
sortavala;Сортавала;Республика Карелия;Сортавале;Системы безопасности в Сортавале | Прометей01;Прометей01 выполняет видеонаблюдение, СКУД, слаботочные сети, электромонтаж, пожарную сигнализацию, огнезащиту и ПНР в Сортавале для объектов разного назначения.;Прометей01 выполняет работы по видеонаблюдению, СКУД, пожарной сигнализации, электромонтажу и слаботочным системам в Сортавале. В первом экране стоит сразу обозначить типы объектов, порядок работ и передачу исполнительной документации.;draft
terek;Терек;Кабардино-Балкарская Республика;Тереке;Системы безопасности в Тереке | Прометей01;Прометей01 выполняет видеонаблюдение, СКУД, слаботочные сети, электромонтаж, пожарную сигнализацию, огнезащиту и ПНР в Тереке для объектов разного назначения.;Прометей01 выполняет работы по видеонаблюдению, СКУД, пожарной сигнализации, электромонтажу и слаботочным системам в Тереке. В первом экране стоит сразу обозначить типы объектов, порядок работ и передачу исполнительной документации.;draft
nytva;Нытва;Пермский край;Нытве;Системы безопасности в Нытве | Прометей01;Прометей01 выполняет видеонаблюдение, СКУД, слаботочные сети, электромонтаж, пожарную сигнализацию, огнезащиту и ПНР в Нытве для объектов разного назначения.;Прометей01 выполняет работы по видеонаблюдению, СКУД, пожарной сигнализации, электромонтажу и слаботочным системам в Нытве. В первом экране стоит сразу обозначить типы объектов, порядок работ и передачу исполнительной документации.;draft
starodub;Стародуб;Брянская область;Стародубе;Системы безопасности в Стародубе | Прометей01;Прометей01 выполняет видеонаблюдение, СКУД, слаботочные сети, электромонтаж, пожарную сигнализацию, огнезащиту и ПНР в Стародубе для объектов разного назначения.;Прометей01 выполняет работы по видеонаблюдению, СКУД, пожарной сигнализации, электромонтажу и слаботочным системам в Стародубе. В первом экране стоит сразу обозначить типы объектов, порядок работ и передачу исполнительной документации.;draft
suvorov;Суворов;Тульская область;Суворове;Системы безопасности в Суворове | Прометей01;Прометей01 выполняет видеонаблюдение, СКУД, слаботочные сети, электромонтаж, пожарную сигнализацию, огнезащиту и ПНР в Суворове для объектов разного назначения.;Прометей01 выполняет работы по видеонаблюдению, СКУД, пожарной сигнализации, электромонтажу и слаботочным системам в Суворове. В первом экране стоит сразу обозначить типы объектов, порядок работ и передачу исполнительной документации.;draft
priozersk;Приозерск;Ленинградская область;Приозерске;Системы безопасности в Приозерске | Прометей01;Прометей01 выполняет видеонаблюдение, СКУД, слаботочные сети, электромонтаж, пожарную сигнализацию, огнезащиту и ПНР в Приозерске для объектов разного назначения.;Прометей01 выполняет работы по видеонаблюдению, СКУД, пожарной сигнализации, электромонтажу и слаботочным системам в Приозерске. В первом экране стоит сразу обозначить типы объектов, порядок работ и передачу исполнительной документации.;draft
kovdor;Ковдор;Мурманская область;Ковдоре;Системы безопасности в Ковдоре | Прометей01;Прометей01 выполняет видеонаблюдение, СКУД, слаботочные сети, электромонтаж, пожарную сигнализацию, огнезащиту и ПНР в Ковдоре для объектов разного назначения.;Прометей01 выполняет работы по видеонаблюдению, СКУД, пожарной сигнализации, электромонтажу и слаботочным системам в Ковдоре. В первом экране стоит сразу обозначить типы объектов, порядок работ и передачу исполнительной документации.;draft
kusa;Куса;Челябинская область;Кусе;Системы безопасности в Кусе | Прометей01;Прометей01 выполняет видеонаблюдение, СКУД, слаботочные сети, электромонтаж, пожарную сигнализацию, огнезащиту и ПНР в Кусе для объектов разного назначения.;Прометей01 выполняет монтаж, настройку и обслуживание систем безопасности в Кусе: видеонаблюдение, СКУД, пожарная сигнализация, электромонтаж и слаботочные сети. В первом экране стоит сразу показать, для каких объектов проводится работа и какие документы передаются после завершения.;draft
ardon;Ардон;Республика Северная Осетия — Алания;Ардоне;Системы безопасности в Ардоне | Прометей01;Прометей01 выполняет видеонаблюдение, СКУД, слаботочные сети, электромонтаж, пожарную сигнализацию, огнезащиту и ПНР в Ардоне для объектов разного назначения.;Прометей01 выполняет монтаж, настройку и обслуживание систем безопасности в Ардоне: видеонаблюдение, СКУД, пожарная сигнализация, электромонтаж и слаботочные сети. В первом экране стоит сразу показать, для каких объектов проводится работа и какие документы передаются после завершения.;draft
eniseysk;Енисейск;Красноярский край;Енисейске;Системы безопасности в Енисейске | Прометей01;Прометей01 выполняет видеонаблюдение, СКУД, слаботочные сети, электромонтаж, пожарную сигнализацию, огнезащиту и ПНР в Енисейске для объектов разного назначения.;Прометей01 выполняет монтаж, настройку и обслуживание систем безопасности в Енисейске: видеонаблюдение, СКУД, пожарная сигнализация, электромонтаж и слаботочные сети. В первом экране стоит сразу показать, для каких объектов проводится работа и какие документы передаются после завершения.;draft
usman;Усмань;Липецкая область;Усмани;Системы безопасности в Усмани | Прометей01;Прометей01 выполняет видеонаблюдение, СКУД, слаботочные сети, электромонтаж, пожарную сигнализацию, огнезащиту и ПНР в Усмани для объектов разного назначения.;Прометей01 выполняет монтаж, настройку и обслуживание систем безопасности в Усмани: видеонаблюдение, СКУД, пожарная сигнализация, электромонтаж и слаботочные сети. В первом экране стоит сразу показать, для каких объектов проводится работа и какие документы передаются после завершения.;draft
neftegorsk;Нефтегорск;Самарская область;Нефтегорске;Системы безопасности в Нефтегорске | Прометей01;Прометей01 выполняет видеонаблюдение, СКУД, слаботочные сети, электромонтаж, пожарную сигнализацию, огнезащиту и ПНР в Нефтегорске для объектов разного назначения.;Прометей01 выполняет монтаж, настройку и обслуживание систем безопасности в Нефтегорске: видеонаблюдение, СКУД, пожарная сигнализация, электромонтаж и слаботочные сети. В первом экране стоит сразу показать, для каких объектов проводится работа и какие документы передаются после завершения.;draft
podporozhe;Подпорожье;Ленинградская область;Подпорожье;Системы безопасности в Подпорожье | Прометей01;Прометей01 выполняет видеонаблюдение, СКУД, слаботочные сети, электромонтаж, пожарную сигнализацию, огнезащиту и ПНР в Подпорожье для объектов разного назначения.;Прометей01 выполняет монтаж, настройку и обслуживание систем безопасности в Подпорожье: видеонаблюдение, СКУД, пожарная сигнализация, электромонтаж и слаботочные сети. В первом экране стоит сразу показать, для каких объектов проводится работа и какие документы передаются после завершения.;draft
petrovsk-zabaykalskiy;Петровск-Забайкальский;Забайкальский край;Петровске-Забайкальском;Системы безопасности в Петровске-Забайкальском | Прометей01;Прометей01 выполняет видеонаблюдение, СКУД, слаботочные сети, электромонтаж, пожарную сигнализацию, огнезащиту и ПНР в Петровске-Забайкальском.;Прометей01 выполняет монтаж, настройку и обслуживание систем безопасности в Петровске-Забайкальском: видеонаблюдение, СКУД, пожарная сигнализация, электромонтаж и слаботочные сети. В первом экране стоит сразу показать, для каких объектов проводится работа и какие документы передаются после завершения.;draft
inza;Инза;Ульяновская область;Инзе;Системы безопасности в Инзе | Прометей01;Прометей01 выполняет видеонаблюдение, СКУД, слаботочные сети, электромонтаж, пожарную сигнализацию, огнезащиту и ПНР в Инзе для объектов разного назначения.;Прометей01 выполняет монтаж, настройку и обслуживание систем безопасности в Инзе: видеонаблюдение, СКУД, пожарная сигнализация, электромонтаж и слаботочные сети. В первом экране стоит сразу показать, для каких объектов проводится работа и какие документы передаются после завершения.;draft
slyudyanka;Слюдянка;Иркутская область;Слюдянке;Системы безопасности в Слюдянке | Прометей01;Прометей01 выполняет видеонаблюдение, СКУД, слаботочные сети, электромонтаж, пожарную сигнализацию, огнезащиту и ПНР в Слюдянке для объектов разного назначения.;Прометей01 выполняет монтаж, настройку и обслуживание систем безопасности в Слюдянке: видеонаблюдение, СКУД, пожарная сигнализация, электромонтаж и слаботочные сети. В первом экране стоит сразу показать, для каких объектов проводится работа и какие документы передаются после завершения.;draft
aprelevka;Апрелевка;Московская область;Апрелевке;Системы безопасности в Апрелевке | Прометей01;Прометей01 выполняет видеонаблюдение, СКУД, слаботочные сети, электромонтаж, пожарную сигнализацию, огнезащиту и ПНР в Апрелевке для объектов разного назначения.;Прометей01 выполняет монтаж, настройку и обслуживание систем безопасности в Апрелевке: видеонаблюдение, СКУД, пожарная сигнализация, электромонтаж и слаботочные сети. В первом экране стоит сразу показать, для каких объектов проводится работа и какие документы передаются после завершения.;draft
rybnoe;Рыбное;Рязанская область;Рыбном;Системы безопасности в Рыбном | Прометей01;Прометей01 выполняет видеонаблюдение, СКУД, слаботочные сети, электромонтаж, пожарную сигнализацию, огнезащиту и ПНР в Рыбном для объектов разного назначения.;Прометей01 выполняет монтаж, настройку и обслуживание систем безопасности в Рыбном: видеонаблюдение, СКУД, пожарная сигнализация, электромонтаж и слаботочные сети. В первом экране стоит сразу показать, для каких объектов проводится работа и какие документы передаются после завершения.;draft
talica;Талица;Свердловская область;Талице;Системы безопасности в Талице | Прометей01;Прометей01 выполняет видеонаблюдение, СКУД, слаботочные сети, электромонтаж, пожарную сигнализацию, огнезащиту и ПНР в Талице для объектов разного назначения.;Прометей01 выполняет монтаж, настройку и обслуживание систем безопасности в Талице: видеонаблюдение, СКУД, пожарная сигнализация, электромонтаж и слаботочные сети. В первом экране стоит сразу показать, для каких объектов проводится работа и какие документы передаются после завершения.;draft
zhukovka;Жуковка;Брянская область;Жуковке;Системы безопасности в Жуковке | Прометей01;Прометей01 выполняет видеонаблюдение, СКУД, слаботочные сети, электромонтаж, пожарную сигнализацию, огнезащиту и ПНР в Жуковке для объектов разного назначения.;Прометей01 выполняет монтаж, настройку и обслуживание систем безопасности в Жуковке: видеонаблюдение, СКУД, пожарная сигнализация, электромонтаж и слаботочные сети. В первом экране стоит сразу показать, для каких объектов проводится работа и какие документы передаются после завершения.;draft
harabali;Харабали;Астраханская область;Харабалях;Системы безопасности в Харабалях | Прометей01;Прометей01 выполняет видеонаблюдение, СКУД, слаботочные сети, электромонтаж, пожарную сигнализацию, огнезащиту и ПНР в Харабалях для объектов разного назначения.;Прометей01 выполняет монтаж, настройку и обслуживание систем безопасности в Харабалях: видеонаблюдение, СКУД, пожарная сигнализация, электромонтаж и слаботочные сети. В первом экране стоит сразу показать, для каких объектов проводится работа и какие документы передаются после завершения.;draft
kozelsk;Козельск;Калужская область;Козельске;Системы безопасности в Козельске | Прометей01;Прометей01 выполняет видеонаблюдение, СКУД, слаботочные сети, электромонтаж, пожарную сигнализацию, огнезащиту и ПНР в Козельске для объектов разного назначения.;Прометей01 выполняет монтаж, настройку и обслуживание систем безопасности в Козельске: видеонаблюдение, СКУД, пожарная сигнализация, электромонтаж и слаботочные сети. В первом экране стоит сразу показать, для каких объектов проводится работа и какие документы передаются после завершения.;draft
arsk;Арск;Республика Татарстан;Арске;Системы безопасности в Арске | Прометей01;Прометей01 выполняет видеонаблюдение, СКУД, слаботочные сети, электромонтаж, пожарную сигнализацию, огнезащиту и ПНР в Арске для объектов разного назначения.;Прометей01 выполняет монтаж, настройку и обслуживание систем безопасности в Арске: видеонаблюдение, СКУД, пожарная сигнализация, электромонтаж и слаботочные сети. В первом экране стоит сразу показать, для каких объектов проводится работа и какие документы передаются после завершения.;draft
yarovoe;Яровое;Алтайский край;Яровом;Системы безопасности в Яровом | Прометей01;Прометей01 выполняет видеонаблюдение, СКУД, слаботочные сети, электромонтаж, пожарную сигнализацию, огнезащиту и ПНР в Яровом для объектов разного назначения.;Прометей01 выполняет монтаж, настройку и обслуживание систем безопасности в Яровом: видеонаблюдение, СКУД, пожарная сигнализация, электромонтаж и слаботочные сети. В первом экране стоит сразу показать, для каких объектов проводится работа и какие документы передаются после завершения.;draft
ostashkov;Осташков;Тверская область;Осташкове;Системы безопасности в Осташкове | Прометей01;Прометей01 выполняет видеонаблюдение, СКУД, слаботочные сети, электромонтаж, пожарную сигнализацию, огнезащиту и ПНР в Осташкове для объектов разного назначения.;Прометей01 выполняет монтаж, настройку и обслуживание систем безопасности в Осташкове: видеонаблюдение, СКУД, пожарная сигнализация, электромонтаж и слаботочные сети. В первом экране стоит сразу показать, для каких объектов проводится работа и какие документы передаются после завершения.;draft
turinsk;Туринск;Свердловская область;Туринске;Системы безопасности в Туринске | Прометей01;Прометей01 выполняет видеонаблюдение, СКУД, слаботочные сети, электромонтаж, пожарную сигнализацию, огнезащиту и ПНР в Туринске для объектов разного назначения.;Прометей01 выполняет монтаж, настройку и обслуживание систем безопасности в Туринске: видеонаблюдение, СКУД, пожарная сигнализация, электромонтаж и слаботочные сети. В первом экране стоит сразу показать, для каких объектов проводится работа и какие документы передаются после завершения.;draft
chegem;Чегем;Кабардино-Балкарская Республика;Чегеме;Системы безопасности в Чегеме | Прометей01;Прометей01 выполняет видеонаблюдение, СКУД, слаботочные сети, электромонтаж, пожарную сигнализацию, огнезащиту и ПНР в Чегеме для объектов разного назначения.;Прометей01 выполняет монтаж, настройку и обслуживание систем безопасности в Чегеме: видеонаблюдение, СКУД, пожарная сигнализация, электромонтаж и слаботочные сети. В первом экране стоит сразу показать, для каких объектов проводится работа и какие документы передаются после завершения.;draft
nizhnyaya-salda;Нижняя Салда;Свердловская область;Нижней Салде;Системы безопасности в Нижней Салде | Прометей01;Прометей01 выполняет видеонаблюдение, СКУД, слаботочные сети, электромонтаж, пожарную сигнализацию, огнезащиту и ПНР в Нижней Салде для объектов разного назначения.;Прометей01 выполняет монтаж, настройку и обслуживание систем безопасности в Нижней Салде: видеонаблюдение, СКУД, пожарная сигнализация, электромонтаж и слаботочные сети. Формат работ зависит от типа объекта, требований к доступу, пожарной безопасности и документации.;draft
pochep;Почеп;Брянская область;Почепе;Системы безопасности в Почепе | Прометей01;Прометей01 выполняет видеонаблюдение, СКУД, слаботочные сети, электромонтаж, пожарную сигнализацию, огнезащиту и ПНР в Почепе для объектов разного назначения.;Прометей01 выполняет монтаж, настройку и обслуживание систем безопасности в Почепе: видеонаблюдение, СКУД, пожарная сигнализация, электромонтаж и слаботочные сети. Формат работ зависит от типа объекта, требований к доступу, пожарной безопасности и документации.;draft
selco;Сельцо;Брянская область;Сельцо;Системы безопасности в Сельцо | Прометей01;Прометей01 выполняет видеонаблюдение, СКУД, слаботочные сети, электромонтаж, пожарную сигнализацию, огнезащиту и ПНР в Сельцо для объектов разного назначения.;Прометей01 выполняет монтаж, настройку и обслуживание систем безопасности в Сельцо: видеонаблюдение, СКУД, пожарная сигнализация, электромонтаж и слаботочные сети. Формат работ зависит от типа объекта, требований к доступу, пожарной безопасности и документации.;draft
konstantinovsk;Константиновск;Ростовская область;Константиновске;Системы безопасности в Константиновске | Прометей01;Прометей01 выполняет видеонаблюдение, СКУД, слаботочные сети, электромонтаж, пожарную сигнализацию, огнезащиту и ПНР в Константиновске для объектов разного назначения.;Прометей01 выполняет монтаж, настройку и обслуживание систем безопасности в Константиновске: видеонаблюдение, СКУД, пожарная сигнализация, электромонтаж и слаботочные сети. Формат работ зависит от типа объекта, требований к доступу, пожарной безопасности и документации.;draft
novoanninskiy;Новоаннинский;Волгоградская область;Новоаннинском;Системы безопасности в Новоаннинском | Прометей01;Прометей01 выполняет видеонаблюдение, СКУД, слаботочные сети, электромонтаж, пожарную сигнализацию, огнезащиту и ПНР в Новоаннинском для объектов разного назначения.;Прометей01 выполняет монтаж, настройку и обслуживание систем безопасности в Новоаннинском: видеонаблюдение, СКУД, пожарная сигнализация, электромонтаж и слаботочные сети. Формат работ зависит от типа объекта, требований к доступу, пожарной безопасности и документации.;draft
beloozerskiy;Белоозёрский;Московская область;Белоозёрском;Системы безопасности в Белоозёрском | Прометей01;Прометей01 выполняет видеонаблюдение, СКУД, слаботочные сети, электромонтаж, пожарную сигнализацию, огнезащиту и ПНР в Белоозёрском для объектов разного назначения.;Прометей01 выполняет монтаж, настройку и обслуживание систем безопасности в Белоозёрском: видеонаблюдение, СКУД, пожарная сигнализация, электромонтаж и слаботочные сети. Формат работ зависит от типа объекта, требований к доступу, пожарной безопасности и документации.;draft
shumiha;Шумиха;Курганская область;Шумихе;Системы безопасности в Шумихе | Прометей01;Прометей01 выполняет видеонаблюдение, СКУД, слаботочные сети, электромонтаж, пожарную сигнализацию, огнезащиту и ПНР в Шумихе для объектов разного назначения.;Прометей01 выполняет монтаж, настройку и обслуживание систем безопасности в Шумихе: видеонаблюдение, СКУД, пожарная сигнализация, электромонтаж и слаботочные сети. Формат работ зависит от типа объекта, требований к доступу, пожарной безопасности и документации.;draft
gavrilov-yam;Гаврилов-Ям;Ярославская область;Гаврилов-Яме;Системы безопасности в Гаврилов-Яме | Прометей01;Прометей01 выполняет видеонаблюдение, СКУД, слаботочные сети, электромонтаж, пожарную сигнализацию, огнезащиту и ПНР в Гаврилов-Яме для объектов разного назначения.;Прометей01 выполняет монтаж, настройку и обслуживание систем безопасности в Гаврилов-Яме: видеонаблюдение, СКУД, пожарная сигнализация, электромонтаж и слаботочные сети. Формат работ зависит от типа объекта, требований к доступу, пожарной безопасности и документации.;draft
ivdel;Ивдель;Свердловская область;Ивделе;Системы безопасности в Ивделе | Прометей01;Прометей01 выполняет видеонаблюдение, СКУД, слаботочные сети, электромонтаж, пожарную сигнализацию, огнезащиту и ПНР в Ивделе для объектов разного назначения.;Прометей01 выполняет монтаж, настройку и обслуживание систем безопасности в Ивделе: видеонаблюдение, СКУД, пожарная сигнализация, электромонтаж и слаботочные сети. Формат работ зависит от типа объекта, требований к доступу, пожарной безопасности и документации.;draft
pokrov;Покров;Владимирская область;Покрове;Системы безопасности в Покрове | Прометей01;Прометей01 выполняет видеонаблюдение, СКУД, слаботочные сети, электромонтаж, пожарную сигнализацию, огнезащиту и ПНР в Покрове для объектов разного назначения.;Прометей01 выполняет монтаж, настройку и обслуживание систем безопасности в Покрове: видеонаблюдение, СКУД, пожарная сигнализация, электромонтаж и слаботочные сети. Формат работ зависит от типа объекта, требований к доступу, пожарной безопасности и документации.;draft
baymak;Баймак;Республика Башкортостан;Баймаке;Системы безопасности в Баймаке | Прометей01;Прометей01 выполняет видеонаблюдение, СКУД, слаботочные сети, электромонтаж, пожарную сигнализацию, огнезащиту и ПНР в Баймаке для объектов разного назначения.;Прометей01 выполняет монтаж, настройку и обслуживание систем безопасности в Баймаке: видеонаблюдение, СКУД, пожарная сигнализация, электромонтаж и слаботочные сети. Формат работ зависит от типа объекта, требований к доступу, пожарной безопасности и документации.;draft
kukmor;Кукмор;Республика Татарстан;Кукморе;Системы безопасности в Кукморе | Прометей01;Прометей01 выполняет видеонаблюдение, СКУД, слаботочные сети, электромонтаж, пожарную сигнализацию, огнезащиту и ПНР в Кукморе для объектов разного назначения.;Прометей01 выполняет монтаж, настройку и обслуживание систем безопасности в Кукморе: видеонаблюдение, СКУД, пожарная сигнализация, электромонтаж и слаботочные сети. Формат работ зависит от типа объекта, требований к доступу, пожарной безопасности и документации.;draft
povorino;Поворино;Воронежская область;Поворино;Системы безопасности в Поворино | Прометей01;Прометей01 выполняет видеонаблюдение, СКУД, слаботочные сети, электромонтаж, пожарную сигнализацию, огнезащиту и ПНР в Поворино для объектов разного назначения.;Прометей01 выполняет монтаж, настройку и обслуживание систем безопасности в Поворино: видеонаблюдение, СКУД, пожарная сигнализация, электромонтаж и слаботочные сети. Формат работ зависит от типа объекта, требований к доступу, пожарной безопасности и документации.;draft
katav-ivanovsk;Катав-Ивановск;Челябинская область;Катав-Ивановске;Системы безопасности в Катав-Ивановске | Прометей01;Прометей01 выполняет видеонаблюдение, СКУД, слаботочные сети, электромонтаж, пожарную сигнализацию, огнезащиту и ПНР в Катав-Ивановске для объектов разного назначения.;Прометей01 выполняет монтаж, настройку и обслуживание систем безопасности в Катав-Ивановске: видеонаблюдение, СКУД, пожарная сигнализация, электромонтаж и слаботочные сети. Формат работ зависит от типа объекта, требований к доступу, пожарной безопасности и документации.;draft
manturovo;Мантурово;Костромская область;Мантурово;Системы безопасности в Мантурово | Прометей01;Прометей01 выполняет видеонаблюдение, СКУД, слаботочные сети, электромонтаж, пожарную сигнализацию, огнезащиту и ПНР в Мантурово для объектов разного назначения.;Прометей01 выполняет монтаж, настройку и обслуживание систем безопасности в Мантурово: видеонаблюдение, СКУД, пожарная сигнализация, электромонтаж и слаботочные сети. Формат работ зависит от типа объекта, требований к доступу, пожарной безопасности и документации.;draft
golicyno;Голицыно;Московская область;Голицыно;Системы безопасности в Голицыно | Прометей01;Прометей01 выполняет видеонаблюдение, СКУД, слаботочные сети, электромонтаж, пожарную сигнализацию, огнезащиту и ПНР в Голицыно для объектов разного назначения.;Прометей01 выполняет монтаж, настройку и обслуживание систем безопасности в Голицыно: видеонаблюдение, СКУД, пожарная сигнализация, электромонтаж и слаботочные сети. Формат работ зависит от типа объекта, требований к доступу, пожарной безопасности и документации.;draft
borodino;Бородино;Красноярский край;Бородино;Системы безопасности в Бородино | Прометей01;Прометей01 выполняет видеонаблюдение, СКУД, слаботочные сети, электромонтаж, пожарную сигнализацию, огнезащиту и ПНР в Бородино для объектов разного назначения.;Прометей01 выполняет монтаж, настройку и обслуживание систем безопасности в Бородино: видеонаблюдение, СКУД, пожарная сигнализация, электромонтаж и слаботочные сети. Формат работ зависит от типа объекта, требований к доступу, пожарной безопасности и документации.;draft
mezhgore;Межгорье;Республика Башкортостан;Межгорье;Системы безопасности в Межгорье | Прометей01;Прометей01 выполняет видеонаблюдение, СКУД, слаботочные сети, электромонтаж, пожарную сигнализацию, огнезащиту и ПНР в Межгорье для объектов разного назначения.;Прометей01 выполняет монтаж, настройку и обслуживание систем безопасности в Межгорье: видеонаблюдение, СКУД, пожарная сигнализация, электромонтаж и слаботочные сети. Формат работ зависит от типа объекта, требований к доступу, пожарной безопасности и документации.;draft
galich;Галич;Костромская область;Галиче;Системы безопасности в Галиче | Прометей01;Прометей01 выполняет видеонаблюдение, СКУД, слаботочные сети, электромонтаж, пожарную сигнализацию, огнезащиту и ПНР в Галиче для объектов разного назначения.;Прометей01 выполняет монтаж, настройку и обслуживание систем безопасности в Галиче: видеонаблюдение, СКУД, пожарная сигнализация, электромонтаж и слаботочные сети. Формат работ зависит от типа объекта, требований к доступу, пожарной безопасности и документации.;draft
plast;Пласт;Челябинская область;Пласте;Системы безопасности в Пласте | Прометей01;Прометей01 выполняет видеонаблюдение, СКУД, слаботочные сети, электромонтаж, пожарную сигнализацию, огнезащиту и ПНР в Пласте для объектов разного назначения.;Прометей01 выполняет монтаж, настройку и обслуживание систем безопасности в Пласте: видеонаблюдение, СКУД, пожарная сигнализация, электромонтаж и слаботочные сети. Формат работ зависит от типа объекта, требований к доступу, пожарной безопасности и документации.;draft
polyarnyy;Полярный;Мурманская область;Полярном;Системы безопасности в Полярном | Прометей01;Прометей01 выполняет видеонаблюдение, СКУД, слаботочные сети, электромонтаж, пожарную сигнализацию, огнезащиту и ПНР в Полярном для объектов разного назначения.;Прометей01 выполняет монтаж, настройку и обслуживание систем безопасности в Полярном: видеонаблюдение, СКУД, пожарная сигнализация, электромонтаж и слаботочные сети. Формат работ зависит от типа объекта, требований к доступу, пожарной безопасности и документации.;draft
yaransk;Яранск;Кировская область;Яранске;Системы безопасности в Яранске | Прометей01;Прометей01 выполняет видеонаблюдение, СКУД, слаботочные сети, электромонтаж, пожарную сигнализацию, огнезащиту и ПНР в Яранске для объектов разного назначения.;Прометей01 выполняет монтаж, настройку и обслуживание систем безопасности в Яранске: видеонаблюдение, СКУД, пожарная сигнализация, электромонтаж и слаботочные сети. Формат работ зависит от типа объекта, требований к доступу, пожарной безопасности и документации.;draft
kirsanov;Кирсанов;Тамбовская область;Кирсанове;Системы безопасности в Кирсанове | Прометей01;Прометей01 выполняет видеонаблюдение, СКУД, слаботочные сети, электромонтаж, пожарную сигнализацию, огнезащиту и ПНР в Кирсанове для объектов разного назначения.;Прометей01 выполняет монтаж, настройку и обслуживание систем безопасности в Кирсанове: видеонаблюдение, СКУД, пожарная сигнализация, электромонтаж и слаботочные сети. Формат работ зависит от типа объекта, требований к доступу, пожарной безопасности и документации.;draft
bikin;Бикин;Хабаровский край;Бикине;Системы безопасности в Бикине | Прометей01;Прометей01 выполняет видеонаблюдение, СКУД, слаботочные сети, электромонтаж, пожарную сигнализацию, огнезащиту и ПНР в Бикине для объектов разного назначения.;Прометей01 выполняет монтаж, настройку и обслуживание систем безопасности в Бикине: видеонаблюдение, СКУД, пожарная сигнализация, электромонтаж и слаботочные сети. Формат работ зависит от типа объекта, требований к доступу, пожарной безопасности и документации.;draft
barysh;Барыш;Ульяновская область;Барыше;Системы безопасности в Барыше | Прометей01;Прометей01 выполняет видеонаблюдение, СКУД, слаботочные сети, электромонтаж, пожарную сигнализацию, огнезащиту и ПНР в Барыше для объектов разного назначения.;Прометей01 выполняет монтаж, настройку и обслуживание систем безопасности в Барыше: видеонаблюдение, СКУД, пожарная сигнализация, электромонтаж и слаботочные сети. Формат работ зависит от типа объекта, требований к доступу, пожарной безопасности и документации.;draft
krasnovishersk;Красновишерск;Пермский край;Красновишерске;Системы безопасности в Красновишерске | Прометей01;Прометей01 выполняет видеонаблюдение, СКУД, слаботочные сети, электромонтаж, пожарную сигнализацию, огнезащиту и ПНР в Красновишерске для объектов разного назначения.;Прометей01 выполняет монтаж, настройку и обслуживание систем безопасности в Красновишерске: видеонаблюдение, СКУД, пожарная сигнализация, электромонтаж и слаботочные сети. Формат работ зависит от типа объекта, требований к доступу, пожарной безопасности и документации.;draft
abaza;Абаза;Республика Хакасия;Абазе;Системы безопасности в Абазе | Прометей01;Прометей01 выполняет видеонаблюдение, СКУД, слаботочные сети, электромонтаж, пожарную сигнализацию, огнезащиту и ПНР в Абазе для объектов разного назначения.;Прометей01 выполняет монтаж, настройку и обслуживание систем безопасности в Абазе: видеонаблюдение, СКУД, пожарная сигнализация, электромонтаж и слаботочные сети. Формат работ зависит от типа объекта, требований к доступу, пожарной безопасности и документации.;draft
volgorechensk;Волгореченск;Костромская область;Волгореченске;Системы безопасности в Волгореченске | Прометей01;Прометей01 выполняет видеонаблюдение, СКУД, слаботочные сети, электромонтаж, пожарную сигнализацию, огнезащиту и ПНР в Волгореченске для объектов разного назначения.;Прометей01 выполняет монтаж, настройку и обслуживание систем безопасности в Волгореченске: видеонаблюдение, СКУД, пожарная сигнализация, электромонтаж и слаботочные сети. Формат работ зависит от типа объекта, требований к доступу, пожарной безопасности и документации.;draft
kurtamysh;Куртамыш;Курганская область;Куртамыше;Системы безопасности в Куртамыше | Прометей01;Прометей01 выполняет видеонаблюдение, СКУД, слаботочные сети, электромонтаж, пожарную сигнализацию, огнезащиту и ПНР в Куртамыше для объектов разного назначения.;Прометей01 выполняет монтаж, настройку и обслуживание систем безопасности в Куртамыше: видеонаблюдение, СКУД, пожарная сигнализация, электромонтаж и слаботочные сети. Формат работ зависит от типа объекта, требований к доступу, пожарной безопасности и документации.;draft
pokachi;Покачи;Ханты-Мансийский автономный округ — Югра;Покачах;Системы безопасности в Покачах | Прометей01;Прометей01 выполняет видеонаблюдение, СКУД, слаботочные сети, электромонтаж, пожарную сигнализацию, огнезащиту и ПНР в Покачах для объектов разного назначения.;Прометей01 выполняет монтаж, настройку и обслуживание систем безопасности в Покачах: видеонаблюдение, СКУД, пожарная сигнализация, электромонтаж и слаботочные сети. Формат работ зависит от типа объекта, требований к доступу, пожарной безопасности и документации.;draft
shchigry;Щигры;Курская область;Щиграх;Системы безопасности в Щиграх | Прометей01;Прометей01 выполняет видеонаблюдение, СКУД, слаботочные сети, электромонтаж, пожарную сигнализацию, огнезащиту, ПНР и документацию для объектов в Щиграх.;Прометей01 выполняет монтаж, настройку и обслуживание систем безопасности в Щиграх: видеонаблюдение, СКУД, пожарная сигнализация и слаботочные сети. Формат работ зависит от объекта, требований к доступу, пожарной безопасности и дальнейшему обслуживанию.;draft
novouzensk;Новоузенск;Саратовская область;Новоузенске;Системы безопасности в Новоузенске | Прометей01;Прометей01 выполняет видеонаблюдение, СКУД, слаботочные сети, электромонтаж, пожарную сигнализацию, огнезащиту, ПНР и документацию для объектов в Новоузенске.;Прометей01 выполняет монтаж, настройку и обслуживание систем безопасности в Новоузенске: видеонаблюдение, СКУД, пожарная сигнализация и слаботочные сети. Формат работ зависит от объекта, требований к доступу, пожарной безопасности и дальнейшему обслуживанию.;draft
kasli;Касли;Челябинская область;Каслях;Системы безопасности в Каслях | Прометей01;Прометей01 выполняет видеонаблюдение, СКУД, слаботочные сети, электромонтаж, пожарную сигнализацию, огнезащиту, ПНР и документацию для объектов в Каслях.;Прометей01 выполняет монтаж, настройку и обслуживание систем безопасности в Каслях: видеонаблюдение, СКУД, пожарная сигнализация и слаботочные сети. Формат работ зависит от объекта, требований к доступу, пожарной безопасности и дальнейшему обслуживанию.;draft
bolotnoe;Болотное;Новосибирская область;Болотном;Системы безопасности в Болотном | Прометей01;Прометей01 выполняет видеонаблюдение, СКУД, слаботочные сети, электромонтаж, пожарную сигнализацию, огнезащиту, ПНР и документацию для объектов в Болотном.;Прометей01 выполняет монтаж, настройку и обслуживание систем безопасности в Болотном: видеонаблюдение, СКУД, пожарная сигнализация и слаботочные сети. Формат работ зависит от объекта, требований к доступу, пожарной безопасности и дальнейшему обслуживанию.;draft
zhirnovsk;Жирновск;Волгоградская область;Жирновске;Системы безопасности в Жирновске | Прометей01;Прометей01 выполняет видеонаблюдение, СКУД, слаботочные сети, электромонтаж, пожарную сигнализацию, огнезащиту, ПНР и документацию для объектов в Жирновске.;Прометей01 выполняет монтаж, настройку и обслуживание систем безопасности в Жирновске: видеонаблюдение, СКУД, пожарная сигнализация и слаботочные сети. Формат работ зависит от объекта, требований к доступу, пожарной безопасности и дальнейшему обслуживанию.;draft
yasnogorsk;Ясногорск;Тульская область;Ясногорске;Системы безопасности в Ясногорске | Прометей01;Прометей01 выполняет видеонаблюдение, СКУД, слаботочные сети, электромонтаж, пожарную сигнализацию, огнезащиту, ПНР и документацию для объектов в Ясногорске.;Прометей01 выполняет монтаж, настройку и обслуживание систем безопасности в Ясногорске: видеонаблюдение, СКУД, пожарная сигнализация и слаботочные сети. Формат работ зависит от объекта, требований к доступу, пожарной безопасности и дальнейшему обслуживанию.;draft
privolzhsk;Приволжск;Ивановская область;Приволжске;Системы безопасности в Приволжске | Прометей01;Прометей01 выполняет видеонаблюдение, СКУД, слаботочные сети, электромонтаж, пожарную сигнализацию, огнезащиту, ПНР и документацию для объектов в Приволжске.;Прометей01 выполняет монтаж, настройку и обслуживание систем безопасности в Приволжске: видеонаблюдение, СКУД, пожарная сигнализация и слаботочные сети. Формат работ зависит от объекта, требований к доступу, пожарной безопасности и дальнейшему обслуживанию.;draft
kondrovo;Кондрово;Калужская область;Кондрово;Системы безопасности в Кондрово | Прометей01;Прометей01 выполняет видеонаблюдение, СКУД, слаботочные сети, электромонтаж, пожарную сигнализацию, огнезащиту, ПНР и документацию для объектов в Кондрово.;Прометей01 выполняет монтаж, настройку и обслуживание систем безопасности в Кондрово: видеонаблюдение, СКУД, пожарная сигнализация и слаботочные сети. Формат работ зависит от объекта, требований к доступу, пожарной безопасности и дальнейшему обслуживанию.;draft
boksitogorsk;Бокситогорск;Ленинградская область;Бокситогорске;Системы безопасности в Бокситогорске | Прометей01;Прометей01 выполняет видеонаблюдение, СКУД, слаботочные сети, электромонтаж, пожарную сигнализацию, огнезащиту, ПНР и документацию для объектов в Бокситогорске.;Прометей01 выполняет монтаж, настройку и обслуживание систем безопасности в Бокситогорске: видеонаблюдение, СКУД, пожарная сигнализация и слаботочные сети. Формат работ зависит от объекта, требований к доступу, пожарной безопасности и дальнейшему обслуживанию.;draft
sudak;Судак;Республика Крым;Судаке;Системы безопасности в Судаке | Прометей01;Прометей01 выполняет видеонаблюдение, СКУД, слаботочные сети, электромонтаж, пожарную сигнализацию, огнезащиту, ПНР и документацию для объектов в Судаке.;Прометей01 выполняет монтаж, настройку и обслуживание систем безопасности в Судаке: видеонаблюдение, СКУД, пожарная сигнализация и слаботочные сети. Формат работ зависит от объекта, требований к доступу, пожарной безопасности и дальнейшему обслуживанию.;draft
menzelinsk;Мензелинск;Республика Татарстан;Мензелинске;Системы безопасности в Мензелинске | Прометей01;Прометей01 выполняет видеонаблюдение, СКУД, слаботочные сети, электромонтаж, пожарную сигнализацию, огнезащиту, ПНР и документацию для объектов в Мензелинске.;Прометей01 выполняет монтаж, настройку и обслуживание систем безопасности в Мензелинске: видеонаблюдение, СКУД, пожарная сигнализация и слаботочные сети. Формат работ зависит от объекта, требований к доступу, пожарной безопасности и дальнейшему обслуживанию.;draft
poronaysk;Поронайск;Сахалинская область;Поронайске;Системы безопасности в Поронайске | Прометей01;Прометей01 выполняет видеонаблюдение, СКУД, слаботочные сети, электромонтаж, пожарную сигнализацию, огнезащиту, ПНР и документацию для объектов в Поронайске.;Прометей01 выполняет монтаж, настройку и обслуживание систем безопасности в Поронайске: видеонаблюдение, СКУД, пожарная сигнализация и слаботочные сети. Формат работ зависит от объекта, требований к доступу, пожарной безопасности и дальнейшему обслуживанию.;draft
kalininsk;Калининск;Саратовская область;Калининске;Системы безопасности в Калининске | Прометей01;Прометей01 выполняет видеонаблюдение, СКУД, слаботочные сети, электромонтаж, пожарную сигнализацию, огнезащиту, ПНР и документацию для объектов в Калининске.;Прометей01 выполняет монтаж, настройку и обслуживание систем безопасности в Калининске: видеонаблюдение, СКУД, пожарная сигнализация и слаботочные сети. Формат работ зависит от объекта, требований к доступу, пожарной безопасности и дальнейшему обслуживанию.;draft
navashino;Навашино;Нижегородская область;Навашино;Системы безопасности в Навашино | Прометей01;Прометей01 выполняет видеонаблюдение, СКУД, слаботочные сети, электромонтаж, пожарную сигнализацию, огнезащиту, ПНР и документацию для объектов в Навашино.;Прометей01 выполняет монтаж, настройку и обслуживание систем безопасности в Навашино: видеонаблюдение, СКУД, пожарная сигнализация и слаботочные сети. Формат работ зависит от объекта, требований к доступу, пожарной безопасности и дальнейшему обслуживанию.;draft
zvenigorod;Звенигород;Московская область;Звенигороде;Системы безопасности в Звенигороде | Прометей01;Прометей01 выполняет видеонаблюдение, СКУД, слаботочные сети, электромонтаж, пожарную сигнализацию, огнезащиту, ПНР и документацию для объектов в Звенигороде.;Прометей01 выполняет монтаж, настройку и обслуживание систем безопасности в Звенигороде: видеонаблюдение, СКУД, пожарная сигнализация и слаботочные сети. Формат работ зависит от объекта, требований к доступу, пожарной безопасности и дальнейшему обслуживанию.;draft
agidel;Агидель;Республика Башкортостан;Агидели;Системы безопасности в Агидели | Прометей01;Прометей01 выполняет видеонаблюдение, СКУД, слаботочные сети, электромонтаж, пожарную сигнализацию, огнезащиту, ПНР и документацию для объектов в Агидели.;Прометей01 выполняет монтаж, настройку и обслуживание систем безопасности в Агидели: видеонаблюдение, СКУД, пожарная сигнализация и слаботочные сети. Формат работ зависит от объекта, требований к доступу, пожарной безопасности и дальнейшему обслуживанию.;draft
nevel;Невель;Псковская область;Невеле;Системы безопасности в Невеле | Прометей01;Прометей01 выполняет видеонаблюдение, СКУД, слаботочные сети, электромонтаж, пожарную сигнализацию, огнезащиту, ПНР и документацию для объектов в Невеле.;Прометей01 выполняет монтаж, настройку и обслуживание систем безопасности в Невеле: видеонаблюдение, СКУД, пожарная сигнализация и слаботочные сети. Формат работ зависит от объекта, требований к доступу, пожарной безопасности и дальнейшему обслуживанию.;draft
suhinichi;Сухиничи;Калужская область;Сухиничах;Системы безопасности в Сухиничах | Прометей01;Прометей01 выполняет видеонаблюдение, СКУД, слаботочные сети, электромонтаж, пожарную сигнализацию, огнезащиту, ПНР и документацию для объектов в Сухиничах.;Прометей01 выполняет монтаж, настройку и обслуживание систем безопасности в Сухиничах: видеонаблюдение, СКУД, пожарная сигнализация и слаботочные сети. Формат работ зависит от объекта, требований к доступу, пожарной безопасности и дальнейшему обслуживанию.;draft
kamyzyak;Камызяк;Астраханская область;Камызяке;Системы безопасности в Камызяке | Прометей01;Прометей01 выполняет видеонаблюдение, СКУД, слаботочные сети, электромонтаж, пожарную сигнализацию, огнезащиту, ПНР и документацию для объектов в Камызяке.;Прометей01 выполняет монтаж, настройку и обслуживание систем безопасности в Камызяке: видеонаблюдение, СКУД, пожарная сигнализация и слаботочные сети. Формат работ зависит от объекта, требований к доступу, пожарной безопасности и дальнейшему обслуживанию.;draft
plavsk;Плавск;Тульская область;Плавске;Системы безопасности в Плавске | Прометей01;Прометей01 выполняет видеонаблюдение, СКУД, слаботочные сети, электромонтаж, пожарную сигнализацию, огнезащиту, ПНР и документацию для объектов в Плавске.;Прометей01 выполняет монтаж, настройку и обслуживание систем безопасности в Плавске: видеонаблюдение, СКУД, пожарная сигнализация и слаботочные сети. Формат работ зависит от объекта, требований к доступу, пожарной безопасности и дальнейшему обслуживанию.;draft
kashin;Кашин;Тверская область;Кашине;Системы безопасности в Кашине | Прометей01;Прометей01 выполняет видеонаблюдение, СКУД, слаботочные сети, электромонтаж, пожарную сигнализацию, огнезащиту, ПНР и документацию для объектов в Кашине.;Прометей01 выполняет монтаж, настройку и обслуживание систем безопасности в Кашине: видеонаблюдение, СКУД, пожарная сигнализация и слаботочные сети. Формат работ зависит от объекта, требований к доступу, пожарной безопасности и дальнейшему обслуживанию.;draft
chudovo;Чудово;Новгородская область;Чудово;Системы безопасности в Чудово | Прометей01;Прометей01 выполняет видеонаблюдение, СКУД, слаботочные сети, электромонтаж, пожарную сигнализацию, огнезащиту, ПНР и документацию для объектов в Чудово.;Прометей01 выполняет монтаж, настройку и обслуживание систем безопасности в Чудово: видеонаблюдение, СКУД, пожарная сигнализация и слаботочные сети. Формат работ зависит от объекта, требований к доступу, пожарной безопасности и дальнейшему обслуживанию.;draft
ilanskiy;Иланский;Красноярский край;Иланском;Системы безопасности в Иланском | Прометей01;Прометей01 выполняет видеонаблюдение, СКУД, слаботочные сети, электромонтаж, пожарную сигнализацию, огнезащиту, ПНР и документацию для объектов в Иланском.;Прометей01 выполняет монтаж, настройку и обслуживание систем безопасности в Иланском: видеонаблюдение, СКУД, пожарная сигнализация и слаботочные сети. Формат работ зависит от объекта, требований к доступу, пожарной безопасности и дальнейшему обслуживанию.;draft
valday;Валдай;Новгородская область;Валдае;Системы безопасности в Валдае | Прометей01;Прометей01 выполняет видеонаблюдение, СКУД, слаботочные сети, электромонтаж, пожарную сигнализацию, огнезащиту, ПНР и документацию для объектов в Валдае.;Прометей01 выполняет монтаж, настройку и обслуживание систем безопасности в Валдае: видеонаблюдение, СКУД, пожарная сигнализация и слаботочные сети. Формат работ зависит от объекта, требований к доступу, пожарной безопасности и дальнейшему обслуживанию.;draft
yasnyy;Ясный;Оренбургская область;Ясном;Системы безопасности в Ясном | Прометей01;Прометей01 выполняет видеонаблюдение, СКУД, слаботочные сети, электромонтаж, пожарную сигнализацию, огнезащиту, ПНР и документацию для объектов в Ясном.;Прометей01 выполняет монтаж, настройку и обслуживание систем безопасности в Ясном: видеонаблюдение, СКУД, пожарная сигнализация и слаботочные сети. Формат работ зависит от объекта, требований к доступу, пожарной безопасности и дальнейшему обслуживанию.;draft
uzhur;Ужур;Красноярский край;Ужуре;Системы безопасности в Ужуре | Прометей01;Прометей01 выполняет видеонаблюдение, СКУД, слаботочные сети, электромонтаж, пожарную сигнализацию, огнезащиту, ПНР и документацию для объектов в Ужуре.;Прометей01 выполняет монтаж, настройку и обслуживание систем безопасности в Ужуре: видеонаблюдение, СКУД, пожарная сигнализация и слаботочные сети. Формат работ зависит от объекта, требований к доступу, пожарной безопасности и дальнейшему обслуживанию.;draft
novoulyanovsk;Новоульяновск;Ульяновская область;Новоульяновске;Системы безопасности в Новоульяновске | Прометей01;Прометей01 выполняет видеонаблюдение, СКУД, слаботочные сети, электромонтаж, пожарную сигнализацию, огнезащиту, ПНР и документацию для объектов в Новоульяновске.;Прометей01 выполняет монтаж, настройку и обслуживание систем безопасности в Новоульяновске: видеонаблюдение, СКУД, пожарная сигнализация и слаботочные сети. Формат работ зависит от объекта, требований к доступу, пожарной безопасности и дальнейшему обслуживанию.;draft
krasnoslobodsk;Краснослободск;Волгоградская область;Краснослободске;Системы безопасности в Краснослободске | Прометей01;Прометей01 выполняет видеонаблюдение, СКУД, слаботочные сети, электромонтаж, пожарную сигнализацию, огнезащиту, ПНР и документацию для объектов в Краснослободске.;Прометей01 выполняет монтаж, настройку и обслуживание систем безопасности в Краснослободске: видеонаблюдение, СКУД, пожарная сигнализация и слаботочные сети. Формат работ зависит от объекта, требований к доступу, пожарной безопасности и дальнейшему обслуживанию.;draft
pallasovka;Палласовка;Волгоградская область;Палласовке;Системы безопасности в Палласовке | Прометей01;Прометей01 выполняет видеонаблюдение, СКУД, слаботочные сети, электромонтаж, пожарную сигнализацию, огнезащиту, ПНР и документацию для объектов в Палласовке.;Прометей01 выполняет монтаж, настройку и обслуживание систем безопасности в Палласовке: видеонаблюдение, СКУД, пожарная сигнализация и слаботочные сети. Формат работ зависит от объекта, требований к доступу, пожарной безопасности и дальнейшему обслуживанию.;draft
svetogorsk;Светогорск;Ленинградская область;Светогорске;Системы безопасности в Светогорске | Прометей01;Прометей01 выполняет видеонаблюдение, СКУД, слаботочные сети, электромонтаж, пожарную сигнализацию, огнезащиту, ПНР и документацию для объектов в Светогорске.;Прометей01 выполняет монтаж, настройку и обслуживание систем безопасности в Светогорске: видеонаблюдение, СКУД, пожарная сигнализация и слаботочные сети. Формат работ зависит от объекта, требований к доступу, пожарной безопасности и дальнейшему обслуживанию.;draft
pestovo;Пестово;Новгородская область;Пестово;Системы безопасности в Пестово | Прометей01;Прометей01 выполняет видеонаблюдение, СКУД, слаботочные сети, электромонтаж, пожарную сигнализацию, огнезащиту, ПНР и документацию в Пестово.;Прометей01 выполняет монтаж и настройку систем безопасности в Пестово: видеонаблюдение, СКУД, пожарную сигнализацию и слаботочные сети. Состав работ зависит от объекта, требований к доступу, пожарной безопасности и дальнейшему обслуживанию.;draft
danilov;Данилов;Ярославская область;Данилове;Системы безопасности в Данилове | Прометей01;Прометей01 выполняет видеонаблюдение, СКУД, слаботочные сети, электромонтаж, пожарную сигнализацию, огнезащиту, ПНР и документацию в Данилове.;Прометей01 выполняет монтаж и настройку систем безопасности в Данилове: видеонаблюдение, СКУД, пожарную сигнализацию и слаботочные сети. Состав работ зависит от объекта, требований к доступу, пожарной безопасности и дальнейшему обслуживанию.;draft
zapolyarnyy;Заполярный;Мурманская область;Заполярном;Системы безопасности в Заполярном | Прометей01;Прометей01 выполняет видеонаблюдение, СКУД, слаботочные сети, электромонтаж, пожарную сигнализацию, огнезащиту, ПНР и документацию в Заполярном.;Прометей01 выполняет монтаж и настройку систем безопасности в Заполярном: видеонаблюдение, СКУД, пожарную сигнализацию и слаботочные сети. Состав работ зависит от объекта, требований к доступу, пожарной безопасности и дальнейшему обслуживанию.;draft
lakinsk;Лакинск;Владимирская область;Лакинске;Системы безопасности в Лакинске | Прометей01;Прометей01 выполняет видеонаблюдение, СКУД, слаботочные сети, электромонтаж, пожарную сигнализацию, огнезащиту, ПНР и документацию в Лакинске.;Прометей01 выполняет монтаж и настройку систем безопасности в Лакинске: видеонаблюдение, СКУД, пожарную сигнализацию и слаботочные сети. Состав работ зависит от объекта, требований к доступу, пожарной безопасности и дальнейшему обслуживанию.;draft
rylsk;Рыльск;Курская область;Рыльске;Системы безопасности в Рыльске | Прометей01;Прометей01 выполняет видеонаблюдение, СКУД, слаботочные сети, электромонтаж, пожарную сигнализацию, огнезащиту, ПНР и документацию в Рыльске.;Прометей01 выполняет монтаж и настройку систем безопасности в Рыльске: видеонаблюдение, СКУД, пожарную сигнализацию и слаботочные сети. Состав работ зависит от объекта, требований к доступу, пожарной безопасности и дальнейшему обслуживанию.;draft
medvezhegorsk;Медвежьегорск;Республика Карелия;Медвежьегорске;Системы безопасности в Медвежьегорске | Прометей01;Прометей01 выполняет видеонаблюдение, СКУД, слаботочные сети, электромонтаж, пожарную сигнализацию, огнезащиту, ПНР и документацию в Медвежьегорске.;Прометей01 выполняет монтаж и настройку систем безопасности в Медвежьегорске: видеонаблюдение, СКУД, пожарную сигнализацию и слаботочные сети. Состав работ зависит от объекта, требований к доступу, пожарной безопасности и дальнейшему обслуживанию.;draft
gryazovec;Грязовец;Вологодская область;Грязовце;Системы безопасности в Грязовце | Прометей01;Прометей01 выполняет видеонаблюдение, СКУД, слаботочные сети, электромонтаж, пожарную сигнализацию, огнезащиту, ПНР и документацию в Грязовце.;Прометей01 выполняет монтаж и настройку систем безопасности в Грязовце: видеонаблюдение, СКУД, пожарную сигнализацию и слаботочные сети. Состав работ зависит от объекта, требований к доступу, пожарной безопасности и дальнейшему обслуживанию.;draft
leninsk;Ленинск;Волгоградская область;Ленинске;Системы безопасности в Ленинске | Прометей01;Прометей01 выполняет видеонаблюдение, СКУД, слаботочные сети, электромонтаж, пожарную сигнализацию, огнезащиту, ПНР и документацию в Ленинске.;Прометей01 выполняет монтаж и настройку систем безопасности в Ленинске: видеонаблюдение, СКУД, пожарную сигнализацию и слаботочные сети. Состав работ зависит от объекта, требований к доступу, пожарной безопасности и дальнейшему обслуживанию.;draft
degtyarsk;Дегтярск;Свердловская область;Дегтярске;Системы безопасности в Дегтярске | Прометей01;Прометей01 выполняет видеонаблюдение, СКУД, слаботочные сети, электромонтаж, пожарную сигнализацию, огнезащиту, ПНР и документацию в Дегтярске.;Прометей01 выполняет монтаж и настройку систем безопасности в Дегтярске: видеонаблюдение, СКУД, пожарную сигнализацию и слаботочные сети. Состав работ зависит от объекта, требований к доступу, пожарной безопасности и дальнейшему обслуживанию.;draft
kupino;Купино;Новосибирская область;Купино;Системы безопасности в Купино | Прометей01;Прометей01 выполняет видеонаблюдение, СКУД, слаботочные сети, электромонтаж, пожарную сигнализацию, огнезащиту, ПНР и документацию в Купино.;Прометей01 выполняет монтаж и настройку систем безопасности в Купино: видеонаблюдение, СКУД, пожарную сигнализацию и слаботочные сети. Состав работ зависит от объекта, требований к доступу, пожарной безопасности и дальнейшему обслуживанию.;draft
bodaybo;Бодайбо;Иркутская область;Бодайбо;Системы безопасности в Бодайбо | Прометей01;Прометей01 выполняет видеонаблюдение, СКУД, слаботочные сети, электромонтаж, пожарную сигнализацию, огнезащиту, ПНР и документацию в Бодайбо.;Прометей01 выполняет монтаж и настройку систем безопасности в Бодайбо: видеонаблюдение, СКУД, пожарную сигнализацию и слаботочные сети. Состав работ зависит от объекта, требований к доступу, пожарной безопасности и дальнейшему обслуживанию.;draft
venev;Венёв;Тульская область;Венёве;Системы безопасности в Венёве | Прометей01;Прометей01 выполняет видеонаблюдение, СКУД, слаботочные сети, электромонтаж, пожарную сигнализацию, огнезащиту, ПНР и документацию в Венёве.;Прометей01 выполняет монтаж и настройку систем безопасности в Венёве: видеонаблюдение, СКУД, пожарную сигнализацию и слаботочные сети. Состав работ зависит от объекта, требований к доступу, пожарной безопасности и дальнейшему обслуживанию.;draft
zherdevka;Жердевка;Тамбовская область;Жердевке;Системы безопасности в Жердевке | Прометей01;Прометей01 выполняет видеонаблюдение, СКУД, слаботочные сети, электромонтаж, пожарную сигнализацию, огнезащиту, ПНР и документацию в Жердевке.;Прометей01 выполняет монтаж и настройку систем безопасности в Жердевке: видеонаблюдение, СКУД, пожарную сигнализацию и слаботочные сети. Состав работ зависит от объекта, требований к доступу, пожарной безопасности и дальнейшему обслуживанию.;draft
melenki;Меленки;Владимирская область;Меленках;Системы безопасности в Меленках | Прометей01;Прометей01 выполняет видеонаблюдение, СКУД, слаботочные сети, электромонтаж, пожарную сигнализацию, огнезащиту, ПНР и документацию в Меленках.;Прометей01 выполняет монтаж и настройку систем безопасности в Меленках: видеонаблюдение, СКУД, пожарную сигнализацию и слаботочные сети. Состав работ зависит от объекта, требований к доступу, пожарной безопасности и дальнейшему обслуживанию.;draft
petushki;Петушки;Владимирская область;Петушках;Системы безопасности в Петушках | Прометей01;Прометей01 выполняет видеонаблюдение, СКУД, слаботочные сети, электромонтаж, пожарную сигнализацию, огнезащиту, ПНР и документацию в Петушках.;Прометей01 выполняет монтаж и настройку систем безопасности в Петушках: видеонаблюдение, СКУД, пожарную сигнализацию и слаботочные сети. Состав работ зависит от объекта, требований к доступу, пожарной безопасности и дальнейшему обслуживанию.;draft
polyarnye-zori;Полярные Зори;Мурманская область;Полярных Зорях;Системы безопасности в Полярных Зорях | Прометей01;Прометей01 выполняет видеонаблюдение, СКУД, слаботочные сети, электромонтаж, пожарную сигнализацию, огнезащиту, ПНР и документацию в Полярных Зорях.;Прометей01 выполняет монтаж и настройку систем безопасности в Полярных Зорях: видеонаблюдение, СКУД, пожарную сигнализацию и слаботочные сети. Состав работ зависит от объекта, требований к доступу, пожарной безопасности и дальнейшему обслуживанию.;draft
nikolaevsk;Николаевск;Волгоградская область;Николаевске;Системы безопасности в Николаевске | Прометей01;Прометей01 выполняет видеонаблюдение, СКУД, слаботочные сети, электромонтаж, пожарную сигнализацию, огнезащиту, ПНР и документацию в Николаевске.;Прометей01 выполняет монтаж и настройку систем безопасности в Николаевске: видеонаблюдение, СКУД, пожарную сигнализацию и слаботочные сети. Состав работ зависит от объекта, требований к доступу, пожарной безопасности и дальнейшему обслуживанию.;draft
belokuriha;Белокуриха;Алтайский край;Белокурихе;Системы безопасности в Белокурихе | Прометей01;Прометей01 выполняет видеонаблюдение, СКУД, слаботочные сети, электромонтаж, пожарную сигнализацию, огнезащиту, ПНР и документацию в Белокурихе.;Прометей01 выполняет монтаж и настройку систем безопасности в Белокурихе: видеонаблюдение, СКУД, пожарную сигнализацию и слаботочные сети. Состав работ зависит от объекта, требований к доступу, пожарной безопасности и дальнейшему обслуживанию.;draft
cimlyansk;Цимлянск;Ростовская область;Цимлянске;Системы безопасности в Цимлянске | Прометей01;Прометей01 выполняет видеонаблюдение, СКУД, слаботочные сети, электромонтаж, пожарную сигнализацию, огнезащиту, ПНР и документацию в Цимлянске.;Прометей01 выполняет монтаж и настройку систем безопасности в Цимлянске: видеонаблюдение, СКУД, пожарную сигнализацию и слаботочные сети. Состав работ зависит от объекта, требований к доступу, пожарной безопасности и дальнейшему обслуживанию.;draft
aleksandrovsk;Александровск;Пермский край;Александровске;Системы безопасности в Александровске | Прометей01;Прометей01 выполняет видеонаблюдение, СКУД, слаботочные сети, электромонтаж, пожарную сигнализацию, огнезащиту, ПНР и документацию в Александровске.;Прометей01 выполняет монтаж и настройку систем безопасности в Александровске: видеонаблюдение, СКУД, пожарную сигнализацию и слаботочные сети. Состав работ зависит от объекта, требований к доступу, пожарной безопасности и дальнейшему обслуживанию.;draft
trubchevsk;Трубчевск;Брянская область;Трубчевске;Системы безопасности в Трубчевске | Прометей01;Прометей01 выполняет видеонаблюдение, СКУД, слаботочные сети, электромонтаж, пожарную сигнализацию, огнезащиту, ПНР и документацию в Трубчевске.;Прометей01 выполняет монтаж и настройку систем безопасности в Трубчевске: видеонаблюдение, СКУД, пожарную сигнализацию и слаботочные сети. Состав работ зависит от объекта, требований к доступу, пожарной безопасности и дальнейшему обслуживанию.;draft
ocher;Очёр;Пермский край;Очёре;Системы безопасности в Очёре | Прометей01;Прометей01 выполняет видеонаблюдение, монтаж СКУД, слаботочные сети, электромонтаж, пожарную сигнализацию, огнезащиту, ПНР и документацию в Очёре.;Прометей01 выполняет монтаж и настройку систем безопасности в Очёре: видеонаблюдение, СКУД, пожарную сигнализацию и слаботочные сети. Состав работ зависит от объекта, требований к доступу, пожарной безопасности и дальнейшему обслуживанию.;draft
nerchinsk;Нерчинск;Забайкальский край;Нерчинске;Системы безопасности в Нерчинске | Прометей01;Прометей01 выполняет видеонаблюдение, СКУД, слаботочные сети, электромонтаж, пожарную сигнализацию, огнезащиту, ПНР и документацию в Нерчинске.;Прометей01 выполняет монтаж и настройку систем безопасности в Нерчинске: видеонаблюдение, СКУД, пожарную сигнализацию и слаботочные сети. Состав работ зависит от объекта, требований к доступу, пожарной безопасности и дальнейшему обслуживанию.;draft
lukoyanov;Лукоянов;Нижегородская область;Лукоянове;Системы безопасности в Лукоянове | Прометей01;Прометей01 выполняет видеонаблюдение, СКУД, слаботочные сети, электромонтаж, пожарную сигнализацию, огнезащиту, ПНР и документацию в Лукоянове.;Прометей01 выполняет монтаж и настройку систем безопасности в Лукоянове: видеонаблюдение, СКУД, пожарную сигнализацию и слаботочные сети. Состав работ зависит от объекта, требований к доступу, пожарной безопасности и дальнейшему обслуживанию.;draft
karabanovo;Карабаново;Владимирская область;Карабаново;Системы безопасности в Карабаново | Прометей01;Прометей01 выполняет видеонаблюдение, СКУД, слаботочные сети, электромонтаж, пожарную сигнализацию, огнезащиту, ПНР и документацию в Карабаново.;Прометей01 выполняет монтаж и настройку систем безопасности в Карабаново: видеонаблюдение, СКУД, пожарную сигнализацию и слаботочные сети. Состав работ зависит от объекта, требований к доступу, пожарной безопасности и дальнейшему обслуживанию.;draft
kodinsk;Кодинск;Красноярский край;Кодинске;Системы безопасности в Кодинске | Прометей01;Прометей01 выполняет видеонаблюдение, СКУД, слаботочные сети, электромонтаж, пожарную сигнализацию, огнезащиту, ПНР и документацию в Кодинске.;Прометей01 выполняет монтаж и настройку систем безопасности в Кодинске: видеонаблюдение, СКУД, пожарную сигнализацию и слаботочные сети. Состав работ зависит от объекта, требований к доступу, пожарной безопасности и дальнейшему обслуживанию.;draft
emva;Емва;Республика Коми;Емве;Системы безопасности в Емве | Прометей01;Прометей01 выполняет видеонаблюдение, монтаж СКУД, слаботочные сети, электромонтаж, пожарную сигнализацию, огнезащиту, ПНР и документацию в Емве.;Прометей01 выполняет монтаж и настройку систем безопасности в Емве: видеонаблюдение, СКУД, пожарную сигнализацию и слаботочные сети. Состав работ зависит от объекта, требований к доступу, пожарной безопасности и дальнейшему обслуживанию.;draft
pervomaysk;Первомайск;Нижегородская область;Первомайске;Системы безопасности в Первомайске | Прометей01;Прометей01 выполняет видеонаблюдение, СКУД, слаботочные сети, электромонтаж, пожарную сигнализацию, огнезащиту, ПНР и документацию в Первомайске.;Прометей01 выполняет монтаж и настройку систем безопасности в Первомайске: видеонаблюдение, СКУД, пожарную сигнализацию и слаботочные сети. Состав работ зависит от объекта, требований к доступу, пожарной безопасности и дальнейшему обслуживанию.;draft
vyazemskiy;Вяземский;Хабаровский край;Вяземском;Системы безопасности в Вяземском | Прометей01;Прометей01 выполняет видеонаблюдение, СКУД, слаботочные сети, электромонтаж, пожарную сигнализацию, огнезащиту, ПНР и документацию в Вяземском.;Прометей01 выполняет монтаж и настройку систем безопасности в Вяземском: видеонаблюдение, СКУД, пожарную сигнализацию и слаботочные сети. Состав работ зависит от объекта, требований к доступу, пожарной безопасности и дальнейшему обслуживанию.;draft
sim;Сим;Челябинская область;Симе;Системы безопасности в Симе | Прометей01;Прометей01 выполняет видеонаблюдение, монтаж СКУД, слаботочные сети, электромонтаж, пожарную сигнализацию, огнезащиту, ПНР и документацию в Симе.;Прометей01 выполняет монтаж и настройку систем безопасности в Симе: видеонаблюдение, СКУД, пожарную сигнализацию и слаботочные сети. Состав работ зависит от объекта, требований к доступу, пожарной безопасности и дальнейшему обслуживанию.;draft
mamadysh;Мамадыш;Республика Татарстан;Мамадыше;Системы безопасности в Мамадыше | Прометей01;Прометей01 выполняет видеонаблюдение, СКУД, слаботочные сети, электромонтаж, пожарную сигнализацию, огнезащиту, ПНР и документацию в Мамадыше.;Прометей01 выполняет монтаж и настройку систем безопасности в Мамадыше: видеонаблюдение, СКУД, пожарную сигнализацию и слаботочные сети. Состав работ зависит от объекта, требований к доступу, пожарной безопасности и дальнейшему обслуживанию.;draft
krasnyy-kut;Красный Кут;Саратовская область;Красном Куте;Системы безопасности в Красном Куте | Прометей01;Прометей01 выполняет видеонаблюдение, СКУД, слаботочные сети, электромонтаж, пожарную сигнализацию, огнезащиту, ПНР и документацию в Красном Куте.;Прометей01 выполняет монтаж и настройку систем безопасности в Красном Куте: видеонаблюдение, СКУД, пожарную сигнализацию и слаботочные сети. Состав работ зависит от объекта, требований к доступу, пожарной безопасности и дальнейшему обслуживанию.;draft
strunino;Струнино;Владимирская область;Струнино;Системы безопасности в Струнино | Прометей01;Прометей01 выполняет видеонаблюдение, СКУД, слаботочные сети, электромонтаж, пожарную сигнализацию, огнезащиту, ПНР и документацию в Струнино.;Прометей01 выполняет монтаж и настройку систем безопасности в Струнино: видеонаблюдение, СКУД, пожарную сигнализацию и слаботочные сети. Состав работ зависит от объекта, требований к доступу, пожарной безопасности и дальнейшему обслуживанию.;draft
dubovka;Дубовка;Волгоградская область;Дубовке;Системы безопасности в Дубовке | Прометей01;Прометей01 выполняет видеонаблюдение, СКУД, слаботочные сети, электромонтаж, пожарную сигнализацию, огнезащиту, ПНР и документацию в Дубовке.;Прометей01 выполняет монтаж и настройку систем безопасности в Дубовке: видеонаблюдение, СКУД, пожарную сигнализацию и слаботочные сети. Состав работ зависит от объекта, требований к доступу, пожарной безопасности и дальнейшему обслуживанию.;draft
lagan;Лагань;Республика Калмыкия;Лагани;Системы безопасности в Лагани | Прометей01;Прометей01 выполняет видеонаблюдение, СКУД, слаботочные сети, электромонтаж, пожарную сигнализацию, огнезащиту, ПНР и документацию в Лагани.;Прометей01 выполняет монтаж и настройку систем безопасности в Лагани: видеонаблюдение, СКУД, пожарную сигнализацию и слаботочные сети. Состав работ зависит от объекта, требований к доступу, пожарной безопасности и дальнейшему обслуживанию.;draft
aramil;Арамиль;Свердловская область;Арамили;Системы безопасности в Арамили | Прометей01;Прометей01 выполняет видеонаблюдение, СКУД, слаботочные сети, электромонтаж, пожарную сигнализацию, огнезащиту, ПНР и документацию в Арамили.;Прометей01 выполняет монтаж и настройку систем безопасности в Арамили: видеонаблюдение, СКУД, пожарную сигнализацию и слаботочные сети. Состав работ зависит от объекта, требований к доступу, пожарной безопасности и дальнейшему обслуживанию.;draft
yuzha;Южа;Ивановская область;Юже;Системы безопасности в Юже | Прометей01;Прометей01 выполняет видеонаблюдение, монтаж СКУД, слаботочные сети, электромонтаж, пожарную сигнализацию, огнезащиту, ПНР и документацию в Юже.;Прометей01 выполняет монтаж и настройку систем безопасности в Юже: видеонаблюдение, СКУД, пожарную сигнализацию и слаботочные сети. Состав работ зависит от объекта, требований к доступу, пожарной безопасности и дальнейшему обслуживанию.;draft
peresvet;Пересвет;Московская область;Пересвете;Системы безопасности в Пересвете | Прометей01;Прометей01 выполняет видеонаблюдение, СКУД, слаботочные сети, электромонтаж, пожарную сигнализацию, огнезащиту, ПНР и документацию в Пересвете.;Прометей01 выполняет монтаж и настройку систем безопасности в Пересвете: видеонаблюдение, СКУД, пожарную сигнализацию и слаботочные сети. Состав работ зависит от объекта, требований к доступу, пожарной безопасности и дальнейшему обслуживанию.;draft
kataysk;Катайск;Курганская область;Катайске;Системы безопасности в Катайске | Прометей01;Прометей01 выполняет видеонаблюдение, СКУД, слаботочные сети, электромонтаж, пожарную сигнализацию, огнезащиту, ПНР и документацию в Катайске.;Прометей01 выполняет монтаж и настройку систем безопасности в Катайске: видеонаблюдение, СКУД, пожарную сигнализацию и слаботочные сети. Состав работ зависит от объекта, требований к доступу, пожарной безопасности и дальнейшему обслуживанию.;draft
gorohovec;Гороховец;Владимирская область;Гороховце;Системы безопасности в Гороховце | Прометей01;Прометей01 выполняет видеонаблюдение, СКУД, слаботочные сети, электромонтаж, пожарную сигнализацию, огнезащиту, ПНР и документацию в Гороховце.;Прометей01 выполняет монтаж и настройку систем безопасности в Гороховце: видеонаблюдение, СКУД, пожарную сигнализацию и слаботочные сети. Состав работ зависит от объекта, требований к доступу, пожарной безопасности и дальнейшему обслуживанию.;draft
shilka;Шилка;Забайкальский край;Шилке;Системы безопасности в Шилке | Прометей01;Прометей01 выполняет видеонаблюдение, монтаж СКУД, слаботочные сети, электромонтаж, пожарную сигнализацию, огнезащиту, ПНР и документацию в Шилке.;Прометей01 выполняет монтаж и настройку систем безопасности в Шилке: видеонаблюдение, СКУД, пожарную сигнализацию и слаботочные сети. Состав работ зависит от объекта, требований к доступу, пожарной безопасности и дальнейшему обслуживанию.;draft
belev;Белёв;Тульская область;Белёве;Системы безопасности в Белёве | Прометей01;Прометей01 выполняет видеонаблюдение, СКУД, слаботочные сети, электромонтаж, пожарную сигнализацию, огнезащиту, ПНР и документацию в Белёве.;Прометей01 выполняет монтаж и настройку систем безопасности в Белёве: видеонаблюдение, СКУД, пожарную сигнализацию и слаботочные сети. Состав работ зависит от объекта, требований к доступу, пожарной безопасности и дальнейшему обслуживанию.;draft
dalmatovo;Далматово;Курганская область;Далматово;Системы безопасности в Далматово | Прометей01;Прометей01 выполняет видеонаблюдение, СКУД, слаботочные сети, электромонтаж, пожарную сигнализацию, огнезащиту, ПНР и документацию в Далматово.;Прометей01 выполняет монтаж и настройку систем безопасности в Далматово: видеонаблюдение, СКУД, пожарную сигнализацию и слаботочные сети. Состав работ зависит от объекта, требований к доступу, пожарной безопасности и дальнейшему обслуживанию.;draft
gvardeysk;Гвардейск;Калининградская область;Гвардейске;Системы безопасности в Гвардейске | Прометей01;Прометей01 выполняет видеонаблюдение, СКУД, слаботочные сети, электромонтаж, пожарную сигнализацию, огнезащиту, ПНР и документацию в Гвардейске.;Прометей01 выполняет монтаж и настройку систем безопасности в Гвардейске: видеонаблюдение, СКУД, пожарную сигнализацию и слаботочные сети. Состав работ зависит от объекта, требований к доступу, пожарной безопасности и дальнейшему обслуживанию.;draft
kalyazin;Калязин;Тверская область;Калязине;Системы безопасности в Калязине | Прометей01;Прометей01 выполняет видеонаблюдение, СКУД, слаботочные сети, электромонтаж, пожарную сигнализацию, огнезащиту, ПНР и документацию в Калязине.;Прометей01 выполняет монтаж и настройку систем безопасности в Калязине: видеонаблюдение, СКУД, пожарную сигнализацию и слаботочные сети. Состав работ зависит от объекта, требований к доступу, пожарной безопасности и дальнейшему обслуживанию.;draft
taldom;Талдом;Московская область;Талдоме;Системы безопасности в Талдоме | Прометей01;Прометей01 выполняет видеонаблюдение, СКУД, слаботочные сети, электромонтаж, пожарную сигнализацию, огнезащиту, ПНР и документацию в Талдоме.;Прометей01 выполняет монтаж и настройку систем безопасности в Талдоме: видеонаблюдение, СКУД, пожарную сигнализацию и слаботочные сети. Состав работ зависит от объекта, требований к доступу, пожарной безопасности и дальнейшему обслуживанию.;draft
syasstroy;Сясьстрой;Ленинградская область;Сясьстрое;Системы безопасности в Сясьстрое | Прометей01;Прометей01 выполняет видеонаблюдение, СКУД, слаботочные сети, электромонтаж, пожарную сигнализацию, огнезащиту, ПНР и документацию в Сясьстрое.;Прометей01 выполняет монтаж и настройку систем безопасности в Сясьстрое: видеонаблюдение, СКУД, пожарную сигнализацию и слаботочные сети. Состав работ зависит от объекта, требований к доступу, пожарной безопасности и дальнейшему обслуживанию.;draft
svirsk;Свирск;Иркутская область;Свирске;Системы безопасности в Свирске | Прометей01;Прометей01 выполняет видеонаблюдение, СКУД, слаботочные сети, электромонтаж, пожарную сигнализацию, огнезащиту, ПНР и документацию в Свирске.;Прометей01 выполняет монтаж и настройку систем безопасности в Свирске: видеонаблюдение, СКУД, пожарную сигнализацию и слаботочные сети. Состав работ зависит от объекта, требований к доступу, пожарной безопасности и дальнейшему обслуживанию.;draft
baykalsk;Байкальск;Иркутская область;Байкальске;Системы безопасности в Байкальске | Прометей01;Прометей01 выполняет видеонаблюдение, СКУД, слаботочные сети, электромонтаж, пожарную сигнализацию, огнезащиту, ПНР и документацию в Байкальске.;Прометей01 выполняет монтаж и настройку систем безопасности в Байкальске: видеонаблюдение, СКУД, пожарную сигнализацию и слаботочные сети. Состав работ зависит от объекта, требований к доступу, пожарной безопасности и дальнейшему обслуживанию.;draft
oboyan;Обоянь;Курская область;Обояни;Системы безопасности в Обояни | Прометей01;Прометей01 выполняет видеонаблюдение, СКУД, слаботочные сети, электромонтаж, пожарную сигнализацию, огнезащиту, ПНР и документацию в Обояни.;Прометей01 выполняет монтаж и настройку систем безопасности в Обояни: видеонаблюдение, СКУД, пожарную сигнализацию и слаботочные сети. Состав работ зависит от объекта, требований к доступу, пожарной безопасности и дальнейшему обслуживанию.;draft
kudrovo;Кудрово;Ленинградская область;Кудрово;Системы безопасности в Кудрово | Прометей01;Прометей01 выполняет видеонаблюдение, СКУД, слаботочные сети, электромонтаж, пожарную сигнализацию, огнезащиту, ПНР и документацию в Кудрово.;Прометей01 выполняет монтаж и настройку систем безопасности в Кудрово: видеонаблюдение, СКУД, пожарную сигнализацию и слаботочные сети. Состав работ зависит от объекта, требований к доступу, пожарной безопасности и дальнейшему обслуживанию.;draft
ruza;Руза;Московская область;Рузе;Системы безопасности в Рузе | Прометей01;Прометей01 выполняет видеонаблюдение, монтаж СКУД, слаботочные сети, электромонтаж, пожарную сигнализацию, огнезащиту, ПНР и документацию в Рузе.;Прометей01 выполняет монтаж и настройку систем безопасности в Рузе: видеонаблюдение, СКУД, пожарную сигнализацию и слаботочные сети. Состав работ зависит от объекта, требований к доступу, пожарной безопасности и дальнейшему обслуживанию.;draft
civilsk;Цивильск;Чувашская Республика;Цивильске;Системы безопасности в Цивильске | Прометей01;Прометей01 выполняет видеонаблюдение, СКУД, слаботочные сети, электромонтаж, пожарную сигнализацию, огнезащиту, ПНР и документацию в Цивильске.;Прометей01 выполняет монтаж и настройку систем безопасности в Цивильске: видеонаблюдение, СКУД, пожарную сигнализацию и слаботочные сети. Состав работ зависит от объекта, требований к доступу, пожарной безопасности и дальнейшему обслуживанию.;draft
ak-dovurak;Ак-Довурак;Республика Тыва;Ак-Довураке;Системы безопасности в Ак-Довураке | Прометей01;Прометей01 выполняет видеонаблюдение, СКУД, слаботочные сети, электромонтаж, пожарную сигнализацию, огнезащиту, ПНР и документацию в Ак-Довураке.;Прометей01 выполняет монтаж и настройку систем безопасности в Ак-Довураке: видеонаблюдение, СКУД, пожарную сигнализацию и слаботочные сети. Состав работ зависит от объекта, требований к доступу, пожарной безопасности и дальнейшему обслуживанию.;draft
krasnozavodsk;Краснозаводск;Московская область;Краснозаводске;Системы безопасности в Краснозаводске | Прометей01;Прометей01 выполняет видеонаблюдение, СКУД, слаботочные сети, электромонтаж, пожарную сигнализацию, огнезащиту, ПНР и документацию в Краснозаводске.;Прометей01 выполняет монтаж и настройку систем безопасности в Краснозаводске: видеонаблюдение, СКУД, пожарную сигнализацию и слаботочные сети. Состав работ зависит от объекта, требований к доступу, пожарной безопасности и дальнейшему обслуживанию.;draft
shlisselburg;Шлиссельбург;Ленинградская область;Шлиссельбурге;Системы безопасности в Шлиссельбурге | Прометей01;Прометей01 выполняет видеонаблюдение, СКУД, слаботочные сети, электромонтаж, пожарную сигнализацию, огнезащиту, ПНР и документацию в Шлиссельбурге.;Прометей01 выполняет монтаж и настройку систем безопасности в Шлиссельбурге: видеонаблюдение, СКУД, пожарную сигнализацию и слаботочные сети. Состав работ зависит от объекта, требований к доступу, пожарной безопасности и дальнейшему обслуживанию.;draft
petrov-val;Петров Вал;Волгоградская область;Петровом Вале;Системы безопасности в Петровом Вале | Прометей01;Прометей01 выполняет видеонаблюдение, СКУД, слаботочные сети, электромонтаж, пожарную сигнализацию, огнезащиту, ПНР и документацию в Петровом Вале.;Прометей01 выполняет монтаж и настройку систем безопасности в Петровом Вале: видеонаблюдение, СКУД, пожарную сигнализацию и слаботочные сети. Состав работ зависит от объекта, требований к доступу, пожарной безопасности и дальнейшему обслуживанию.;draft
yahroma;Яхрома;Московская область;Яхроме;Системы безопасности в Яхроме | Прометей01;Прометей01 выполняет видеонаблюдение, СКУД, слаботочные сети, электромонтаж, пожарную сигнализацию, огнезащиту, ПНР и документацию в Яхроме.;Прометей01 выполняет монтаж и настройку систем безопасности в Яхроме: видеонаблюдение, СКУД, пожарную сигнализацию и слаботочные сети. Состав работ зависит от объекта, требований к доступу, пожарной безопасности и дальнейшему обслуживанию.;draft
mogocha;Могоча;Забайкальский край;Могоче;Системы безопасности в Могоче | Прометей01;Прометей01 выполняет видеонаблюдение, СКУД, слаботочные сети, электромонтаж, пожарную сигнализацию, огнезащиту, ПНР и документацию в Могоче.;Прометей01 выполняет монтаж и настройку систем безопасности в Могоче: видеонаблюдение, СКУД, пожарную сигнализацию и слаботочные сети. Состав работ зависит от объекта, требований к доступу, пожарной безопасности и дальнейшему обслуживанию.;draft
hvalynsk;Хвалынск;Саратовская область;Хвалынске;Системы безопасности в Хвалынске | Прометей01;Прометей01 выполняет видеонаблюдение, СКУД, слаботочные сети, электромонтаж, пожарную сигнализацию, огнезащиту, ПНР и документацию в Хвалынске.;Прометей01 выполняет монтаж и настройку систем безопасности в Хвалынске: видеонаблюдение, СКУД, пожарную сигнализацию и слаботочные сети. Состав работ зависит от объекта, требований к доступу, пожарной безопасности и дальнейшему обслуживанию.;draft
karabash;Карабаш;Челябинская область;Карабаше;Системы безопасности в Карабаше | Прометей01;Прометей01 выполняет видеонаблюдение, СКУД, слаботочные сети, электромонтаж, пожарную сигнализацию, огнезащиту и ПНР в Карабаше для коммерческих и жилых объектов.;Прометей01 выполняет монтаж, настройку и обслуживание систем безопасности в Карабаше: видеонаблюдение, СКУД, пожарная сигнализация, электромонтаж и слаботочные сети. В первом экране стоит сразу показать, для каких объектов проводится работа и какие документы передаются после завершения.;draft
kameshkovo;Камешково;Владимирская область;Камешково;Системы безопасности в Камешково | Прометей01;Прометей01 выполняет видеонаблюдение, СКУД, слаботочные сети, электромонтаж, пожарную сигнализацию, огнезащиту и ПНР в Камешково для коммерческих и жилых объектов.;Прометей01 выполняет монтаж, настройку и обслуживание систем безопасности в Камешково: видеонаблюдение, СКУД, пожарная сигнализация, электромонтаж и слаботочные сети. В первом экране стоит сразу показать, для каких объектов проводится работа и какие документы передаются после завершения.;draft
kem;Кемь;Республика Карелия;Кеми;Системы безопасности в Кеми | Прометей01;Прометей01 выполняет видеонаблюдение, СКУД, слаботочные сети, электромонтаж, пожарную сигнализацию, огнезащиту и ПНР в Кеми для коммерческих и жилых объектов.;Прометей01 выполняет монтаж, настройку и обслуживание систем безопасности в Кеми: видеонаблюдение, СКУД, пожарная сигнализация, электромонтаж и слаботочные сети. В первом экране стоит сразу показать, для каких объектов проводится работа и какие документы передаются после завершения.;draft
anadyr;Анадырь;Чукотский автономный округ;Анадыре;Системы безопасности в Анадыре | Прометей01;Прометей01 выполняет видеонаблюдение, СКУД, слаботочные сети, электромонтаж, пожарную сигнализацию, огнезащиту и ПНР в Анадыре для коммерческих и жилых объектов.;Прометей01 выполняет монтаж, настройку и обслуживание систем безопасности в Анадыре: видеонаблюдение, СКУД, пожарная сигнализация, электромонтаж и слаботочные сети. В первом экране стоит сразу показать, для каких объектов проводится работа и какие документы передаются после завершения.;draft
gornyak;Горняк;Алтайский край;Горняке;Системы безопасности в Горняке | Прометей01;Прометей01 выполняет видеонаблюдение, СКУД, слаботочные сети, электромонтаж, пожарную сигнализацию, огнезащиту и ПНР в Горняке для коммерческих и жилых объектов.;Прометей01 выполняет монтаж, настройку и обслуживание систем безопасности в Горняке: видеонаблюдение, СКУД, пожарная сигнализация, электромонтаж и слаботочные сети. В первом экране стоит сразу показать, для каких объектов проводится работа и какие документы передаются после завершения.;draft
toropec;Торопец;Тверская область;Торопце;Системы безопасности в Торопце | Прометей01;Прометей01 выполняет видеонаблюдение, СКУД, слаботочные сети, электромонтаж, пожарную сигнализацию, огнезащиту и ПНР в Торопце для коммерческих и жилых объектов.;Прометей01 выполняет монтаж, настройку и обслуживание систем безопасности в Торопце: видеонаблюдение, СКУД, пожарная сигнализация, электромонтаж и слаботочные сети. В первом экране стоит сразу показать, для каких объектов проводится работа и какие документы передаются после завершения.;draft
zelenogradsk;Зеленоградск;Калининградская область;Зеленоградске;Системы безопасности в Зеленоградске | Прометей01;Прометей01 выполняет видеонаблюдение, СКУД, слаботочные сети, электромонтаж, пожарную сигнализацию, огнезащиту и ПНР в Зеленоградске для коммерческих и жилых объектов.;Прометей01 выполняет монтаж, настройку и обслуживание систем безопасности в Зеленоградске: видеонаблюдение, СКУД, пожарная сигнализация, электромонтаж и слаботочные сети. В первом экране стоит сразу показать, для каких объектов проводится работа и какие документы передаются после завершения.;draft
arkadak;Аркадак;Саратовская область;Аркадаке;Системы безопасности в Аркадаке | Прометей01;Прометей01 выполняет видеонаблюдение, СКУД, слаботочные сети, электромонтаж, пожарную сигнализацию, огнезащиту и ПНР в Аркадаке для коммерческих и жилых объектов.;Прометей01 выполняет монтаж, настройку и обслуживание систем безопасности в Аркадаке: видеонаблюдение, СКУД, пожарная сигнализация, электромонтаж и слаботочные сети. В первом экране стоит сразу показать, для каких объектов проводится работа и какие документы передаются после завершения.;draft
snezhnogorsk;Снежногорск;Мурманская область;Снежногорске;Системы безопасности в Снежногорске | Прометей01;Прометей01 выполняет видеонаблюдение, СКУД, слаботочные сети, электромонтаж, пожарную сигнализацию, огнезащиту и ПНР в Снежногорске для коммерческих и жилых объектов.;Прометей01 выполняет монтаж, настройку и обслуживание систем безопасности в Снежногорске: видеонаблюдение, СКУД, пожарная сигнализация, электромонтаж и слаботочные сети. В первом экране стоит сразу показать, для каких объектов проводится работа и какие документы передаются после завершения.;draft
adygeysk;Адыгейск;Республика Адыгея;Адыгейске;Системы безопасности в Адыгейске | Прометей01;Прометей01 выполняет видеонаблюдение, СКУД, слаботочные сети, электромонтаж, пожарную сигнализацию, огнезащиту и ПНР в Адыгейске для коммерческих и жилых объектов.;Прометей01 выполняет монтаж, настройку и обслуживание систем безопасности в Адыгейске: видеонаблюдение, СКУД, пожарная сигнализация, электромонтаж и слаботочные сети. В первом экране стоит сразу показать, для каких объектов проводится работа и какие документы передаются после завершения.;draft
uyar;Уяр;Красноярский край;Уяре;Системы безопасности в Уяре | Прометей01;Прометей01 выполняет видеонаблюдение, СКУД, слаботочные сети, электромонтаж, пожарную сигнализацию, огнезащиту и ПНР в Уяре для коммерческих и жилых объектов.;Прометей01 выполняет монтаж, настройку и обслуживание систем безопасности в Уяре: видеонаблюдение, СКУД, пожарная сигнализация, электромонтаж и слаботочные сети. В первом экране стоит сразу показать, для каких объектов проводится работа и какие документы передаются после завершения.;draft
korablino;Кораблино;Рязанская область;Кораблино;Системы безопасности в Кораблино | Прометей01;Прометей01 выполняет видеонаблюдение, СКУД, слаботочные сети, электромонтаж, пожарную сигнализацию, огнезащиту и ПНР в Кораблино для коммерческих и жилых объектов.;Прометей01 выполняет монтаж, настройку и обслуживание систем безопасности в Кораблино: видеонаблюдение, СКУД, пожарная сигнализация, электромонтаж и слаботочные сети. В первом экране стоит сразу показать, для каких объектов проводится работа и какие документы передаются после завершения.;draft
chaplygin;Чаплыгин;Липецкая область;Чаплыгине;Системы безопасности в Чаплыгине | Прометей01;Прометей01 выполняет видеонаблюдение, СКУД, слаботочные сети, электромонтаж, пожарную сигнализацию, огнезащиту и ПНР в Чаплыгине для коммерческих и жилых объектов.;Прометей01 выполняет монтаж, настройку и обслуживание систем безопасности в Чаплыгине: видеонаблюдение, СКУД, пожарная сигнализация, электромонтаж и слаботочные сети. В первом экране стоит сразу показать, для каких объектов проводится работа и какие документы передаются после завершения.;draft
kirensk;Киренск;Иркутская область;Киренске;Системы безопасности в Киренске | Прометей01;Прометей01 выполняет видеонаблюдение, СКУД, слаботочные сети, электромонтаж, пожарную сигнализацию, огнезащиту и ПНР в Киренске для коммерческих и жилых объектов.;Прометей01 выполняет монтаж, настройку и обслуживание систем безопасности в Киренске: видеонаблюдение, СКУД, пожарная сигнализация, электромонтаж и слаботочные сети. В первом экране стоит сразу показать, для каких объектов проводится работа и какие документы передаются после завершения.;draft
udachnyy;Удачный;Республика Саха (Якутия);Удачном;Системы безопасности в Удачном | Прометей01;Прометей01 выполняет видеонаблюдение, СКУД, слаботочные сети, электромонтаж, пожарную сигнализацию, огнезащиту и ПНР в Удачном для коммерческих и жилых объектов.;Прометей01 выполняет монтаж, настройку и обслуживание систем безопасности в Удачном: видеонаблюдение, СКУД, пожарная сигнализация, электромонтаж и слаботочные сети. В первом экране стоит сразу показать, для каких объектов проводится работа и какие документы передаются после завершения.;draft
yuryuzan;Юрюзань;Челябинская область;Юрюзани;Системы безопасности в Юрюзани | Прометей01;Прометей01 выполняет видеонаблюдение, СКУД, слаботочные сети, электромонтаж, пожарную сигнализацию, огнезащиту и ПНР в Юрюзани для коммерческих и жилых объектов.;Прометей01 выполняет монтаж, настройку и обслуживание систем безопасности в Юрюзани: видеонаблюдение, СКУД, пожарная сигнализация, электромонтаж и слаботочные сети. В первом экране стоит сразу показать, для каких объектов проводится работа и какие документы передаются после завершения.;draft
baley;Балей;Забайкальский край;Балее;Системы безопасности в Балее | Прометей01;Прометей01 выполняет видеонаблюдение, СКУД, слаботочные сети, электромонтаж, пожарную сигнализацию, огнезащиту и ПНР в Балее для коммерческих и жилых объектов.;Прометей01 выполняет монтаж, настройку и обслуживание систем безопасности в Балее: видеонаблюдение, СКУД, пожарная сигнализация, электромонтаж и слаботочные сети. В первом экране стоит сразу показать, для каких объектов проводится работа и какие документы передаются после завершения.;draft
okulovka;Окуловка;Новгородская область;Окуловке;Системы безопасности в Окуловке | Прометей01;Прометей01 выполняет видеонаблюдение, СКУД, слаботочные сети, электромонтаж, пожарную сигнализацию, огнезащиту и ПНР в Окуловке для коммерческих и жилых объектов.;Прометей01 выполняет монтаж, настройку и обслуживание систем безопасности в Окуловке: видеонаблюдение, СКУД, пожарная сигнализация, электромонтаж и слаботочные сети. В первом экране стоит сразу показать, для каких объектов проводится работа и какие документы передаются после завершения.;draft
malaya-vishera;Малая Вишера;Новгородская область;Малой Вишере;Системы безопасности в Малой Вишере | Прометей01;Прометей01 выполняет видеонаблюдение, СКУД, слаботочные сети, электромонтаж, пожарную сигнализацию, огнезащиту и ПНР в Малой Вишере для коммерческих и жилых объектов.;Прометей01 выполняет монтаж, настройку и обслуживание систем безопасности в Малой Вишере: видеонаблюдение, СКУД, пожарная сигнализация, электромонтаж и слаботочные сети. В первом экране стоит сразу показать, для каких объектов проводится работа и какие документы передаются после завершения.;draft
nyazepetrovsk;Нязепетровск;Челябинская область;Нязепетровске;Системы безопасности в Нязепетровске | Прометей01;Прометей01 выполняет видеонаблюдение, СКУД, слаботочные сети, электромонтаж, пожарную сигнализацию, огнезащиту и ПНР в Нязепетровске для коммерческих и жилых объектов.;Прометей01 выполняет монтаж, настройку и обслуживание систем безопасности в Нязепетровске: видеонаблюдение, СКУД, пожарная сигнализация, электромонтаж и слаботочные сети. В первом экране стоит сразу показать, для каких объектов проводится работа и какие документы передаются после завершения.;draft
novaya-lyalya;Новая Ляля;Свердловская область;Новой Ляле;Системы безопасности в Новой Ляле | Прометей01;Прометей01 выполняет видеонаблюдение, СКУД, слаботочные сети, электромонтаж, пожарную сигнализацию, огнезащиту и ПНР в Новой Ляле для коммерческих и жилых объектов.;Прометей01 выполняет монтаж, настройку и обслуживание систем безопасности в Новой Ляле: видеонаблюдение, СКУД, пожарная сигнализация, электромонтаж и слаботочные сети. В первом экране стоит сразу показать, для каких объектов проводится работа и какие документы передаются после завершения.;draft
sosenskiy;Сосенский;Калужская область;Сосенском;Системы безопасности в Сосенском | Прометей01;Прометей01 выполняет видеонаблюдение, СКУД, слаботочные сети, электромонтаж, пожарную сигнализацию, огнезащиту и ПНР в Сосенском для коммерческих и жилых объектов.;Прометей01 выполняет монтаж, настройку и обслуживание систем безопасности в Сосенском: видеонаблюдение, СКУД, пожарная сигнализация, электромонтаж и слаботочные сети. В первом экране стоит сразу показать, для каких объектов проводится работа и какие документы передаются после завершения.;draft
chkalovsk;Чкаловск;Нижегородская область;Чкаловске;Системы безопасности в Чкаловске | Прометей01;Прометей01 выполняет видеонаблюдение, СКУД, слаботочные сети, электромонтаж, пожарную сигнализацию, огнезащиту и ПНР в Чкаловске для коммерческих и жилых объектов.;Прометей01 выполняет монтаж, настройку и обслуживание систем безопасности в Чкаловске: видеонаблюдение, СКУД, пожарная сигнализация, электромонтаж и слаботочные сети. В первом экране стоит сразу показать, для каких объектов проводится работа и какие документы передаются после завершения.;draft
vuktyl;Вуктыл;Республика Коми;Вуктыле;Системы безопасности в Вуктыле | Прометей01;Прометей01 выполняет видеонаблюдение, СКУД, слаботочные сети, электромонтаж, пожарную сигнализацию, огнезащиту и ПНР в Вуктыле для коммерческих и жилых объектов.;Прометей01 выполняет монтаж, настройку и обслуживание систем безопасности в Вуктыле: видеонаблюдение, СКУД, пожарная сигнализация, электромонтаж и слаботочные сети. В первом экране стоит сразу показать, для каких объектов проводится работа и какие документы передаются после завершения.;draft
gornozavodsk;Горнозаводск;Пермский край;Горнозаводске;Системы безопасности в Горнозаводске | Прометей01;Прометей01 выполняет видеонаблюдение, СКУД, слаботочные сети, электромонтаж, пожарную сигнализацию, огнезащиту и ПНР в Горнозаводске для коммерческих и жилых объектов.;Прометей01 выполняет монтаж, настройку и обслуживание систем безопасности в Горнозаводске: видеонаблюдение, СКУД, пожарная сигнализация, электромонтаж и слаботочные сети. В первом экране стоит сразу показать, для каких объектов проводится работа и какие документы передаются после завершения.;draft
uren;Урень;Нижегородская область;Урене;Системы безопасности в Урене | Прометей01;Прометей01 выполняет видеонаблюдение, СКУД, слаботочные сети, электромонтаж, пожарную сигнализацию, огнезащиту и ПНР в Урене для коммерческих и жилых объектов.;Прометей01 выполняет монтаж, настройку и обслуживание систем безопасности в Урене: видеонаблюдение, СКУД, пожарная сигнализация, электромонтаж и слаботочные сети. В первом экране стоит сразу показать, для каких объектов проводится работа и какие документы передаются после завершения.;draft
pechory;Печоры;Псковская область;Печорах;Системы безопасности в Печорах | Прометей01;Прометей01 выполняет видеонаблюдение, СКУД, слаботочные сети, электромонтаж, пожарную сигнализацию, огнезащиту и ПНР в Печорах для коммерческих и жилых объектов.;Прометей01 выполняет монтаж, настройку и обслуживание систем безопасности в Печорах: видеонаблюдение, СКУД, пожарная сигнализация, электромонтаж и слаботочные сети. В первом экране стоит сразу показать, для каких объектов проводится работа и какие документы передаются после завершения.;draft
borovsk;Боровск;Калужская область;Боровске;Системы безопасности в Боровске | Прометей01;Прометей01 выполняет видеонаблюдение, СКУД, слаботочные сети, электромонтаж, пожарную сигнализацию, огнезащиту и ПНР в Боровске для коммерческих и жилых объектов.;Прометей01 выполняет монтаж, настройку и обслуживание систем безопасности в Боровске: видеонаблюдение, СКУД, пожарная сигнализация, электромонтаж и слаботочные сети. В первом экране стоит сразу показать, для каких объектов проводится работа и какие документы передаются после завершения.;draft
lihoslavl;Лихославль;Тверская область;Лихославле;Системы безопасности в Лихославле | Прометей01;Прометей01 выполняет видеонаблюдение, СКУД, слаботочные сети, электромонтаж, пожарную сигнализацию, огнезащиту и ПНР в Лихославле для коммерческих и жилых объектов.;Прометей01 выполняет монтаж, настройку и обслуживание систем безопасности в Лихославле: видеонаблюдение, СКУД, пожарная сигнализация, электромонтаж и слаботочные сети. В первом экране стоит сразу показать, для каких объектов проводится работа и какие документы передаются после завершения.;draft
dolinsk;Долинск;Сахалинская область;Долинске;Системы безопасности в Долинске | Прометей01;Прометей01 выполняет видеонаблюдение, СКУД, слаботочные сети, электромонтаж, пожарную сигнализацию, огнезащиту и ПНР в Долинске для коммерческих и жилых объектов.;Прометей01 выполняет монтаж, настройку и обслуживание систем безопасности в Долинске: видеонаблюдение, СКУД, пожарная сигнализация, электромонтаж и слаботочные сети. В первом экране стоит сразу показать, для каких объектов проводится работа и какие документы передаются после завершения.;draft
volosovo;Волосово;Ленинградская область;Волосово;Системы безопасности в Волосово | Прометей01;Прометей01 выполняет видеонаблюдение, СКУД, слаботочные сети, электромонтаж, пожарную сигнализацию, огнезащиту и ПНР в Волосово для коммерческих и жилых объектов.;Прометей01 выполняет монтаж, настройку и обслуживание систем безопасности в Волосово: видеонаблюдение, СКУД, пожарная сигнализация, электромонтаж и слаботочные сети. В первом экране стоит сразу показать, для каких объектов проводится работа и какие документы передаются после завершения.;draft
zhukov;Жуков;Калужская область;Жукове;Системы безопасности в Жукове | Прометей01;Прометей01 выполняет видеонаблюдение, СКУД, слаботочные сети, электромонтаж, пожарную сигнализацию, огнезащиту и ПНР в Жукове для коммерческих и жилых объектов.;Прометей01 выполняет монтаж, настройку и обслуживание систем безопасности в Жукове: видеонаблюдение, СКУД, пожарная сигнализация, электромонтаж и слаботочные сети. В первом экране стоит сразу показать, для каких объектов проводится работа и какие документы передаются после завершения.;draft
sorsk;Сорск;Республика Хакасия;Сорске;Системы безопасности в Сорске | Прометей01;Прометей01 выполняет видеонаблюдение, СКУД, слаботочные сети, электромонтаж, пожарную сигнализацию, огнезащиту и ПНР в Сорске для коммерческих и жилых объектов.;Прометей01 выполняет монтаж, настройку и обслуживание систем безопасности в Сорске: видеонаблюдение, СКУД, пожарная сигнализация, электромонтаж и слаботочные сети. В первом экране стоит сразу показать, для каких объектов проводится работа и какие документы передаются после завершения.;draft
nazyvaevsk;Называевск;Омская область;Называевске;Системы безопасности в Называевске | Прометей01;Прометей01 выполняет видеонаблюдение, СКУД, слаботочные сети, электромонтаж, пожарную сигнализацию, огнезащиту и ПНР в Называевске для коммерческих и жилых объектов.;Прометей01 выполняет монтаж, настройку и обслуживание систем безопасности в Называевске: видеонаблюдение, СКУД, пожарная сигнализация, электромонтаж и слаботочные сети. В первом экране стоит сразу показать, для каких объектов проводится работа и какие документы передаются после завершения.;draft
babaevo;Бабаево;Вологодская область;Бабаево;Системы безопасности в Бабаево | Прометей01;Прометей01 выполняет видеонаблюдение, СКУД, слаботочные сети, электромонтаж, пожарную сигнализацию, огнезащиту и ПНР в Бабаево для коммерческих и жилых объектов.;Прометей01 выполняет монтаж, настройку и обслуживание систем безопасности в Бабаево: видеонаблюдение, СКУД, пожарная сигнализация, электромонтаж и слаботочные сети. В первом экране стоит сразу показать, для каких объектов проводится работа и какие документы передаются после завершения.;draft
tyukalinsk;Тюкалинск;Омская область;Тюкалинске;Системы безопасности в Тюкалинске | Прометей01;Прометей01 выполняет видеонаблюдение, СКУД, слаботочные сети, электромонтаж, пожарную сигнализацию, огнезащиту и ПНР в Тюкалинске для коммерческих и жилых объектов.;Прометей01 выполняет монтаж, настройку и обслуживание систем безопасности в Тюкалинске: видеонаблюдение, СКУД, пожарная сигнализация, электромонтаж и слаботочные сети. В первом экране стоит сразу показать, для каких объектов проводится работа и какие документы передаются после завершения.;draft
zavolzhsk;Заволжск;Ивановская область;Заволжске;Системы безопасности в Заволжске | Прометей01;Прометей01 выполняет видеонаблюдение, СКУД, слаботочные сети, электромонтаж, пожарную сигнализацию, огнезащиту и ПНР в Заволжске для коммерческих и жилых объектов.;Прометей01 выполняет монтаж, настройку и обслуживание систем безопасности в Заволжске: видеонаблюдение, СКУД, пожарная сигнализация, электромонтаж и слаботочные сети. В первом экране стоит сразу показать, для каких объектов проводится работа и какие документы передаются после завершения.;draft
chulym;Чулым;Новосибирская область;Чулыме;Системы безопасности в Чулыме | Прометей01;Прометей01 выполняет видеонаблюдение, СКУД, слаботочные сети, электромонтаж, пожарную сигнализацию, огнезащиту и ПНР в Чулыме для коммерческих и жилых объектов.;Прометей01 выполняет монтаж, настройку и обслуживание систем безопасности в Чулыме: видеонаблюдение, СКУД, пожарная сигнализация, электромонтаж и слаботочные сети. В первом экране стоит сразу показать, для каких объектов проводится работа и какие документы передаются после завершения.;draft
sosnovka;Сосновка;Кировская область;Сосновке;Системы безопасности в Сосновке | Прометей01;Прометей01 выполняет видеонаблюдение, СКУД, слаботочные сети, электромонтаж, пожарную сигнализацию, огнезащиту и ПНР в Сосновке для коммерческих и жилых объектов.;Прометей01 выполняет монтаж, настройку и обслуживание систем безопасности в Сосновке: видеонаблюдение, СКУД, пожарная сигнализация, электромонтаж и слаботочные сети. В первом экране стоит сразу показать, для каких объектов проводится работа и какие документы передаются после завершения.;draft
zvenigovo;Звенигово;Республика Марий Эл;Звенигово;Системы безопасности в Звенигово | Прометей01;Прометей01 выполняет видеонаблюдение, СКУД, слаботочные сети, электромонтаж, пожарную сигнализацию, огнезащиту и ПНР в Звенигово для коммерческих и жилых объектов.;Прометей01 выполняет монтаж, настройку и обслуживание систем безопасности в Звенигово: видеонаблюдение, СКУД, пожарная сигнализация, электромонтаж и слаботочные сети. В первом экране стоит сразу показать, для каких объектов проводится работа и какие документы передаются после завершения.;draft
uglegorsk;Углегорск;Сахалинская область;Углегорске;Системы безопасности в Углегорске | Прометей01;Прометей01 выполняет видеонаблюдение, СКУД, слаботочные сети, электромонтаж, пожарную сигнализацию, огнезащиту и ПНР в Углегорске для коммерческих и жилых объектов.;Прометей01 выполняет монтаж, настройку и обслуживание систем безопасности в Углегорске: видеонаблюдение, СКУД, пожарная сигнализация, электромонтаж и слаботочные сети. В первом экране стоит сразу показать, для каких объектов проводится работа и какие документы передаются после завершения.;draft
sudogda;Судогда;Владимирская область;Судогде;Системы безопасности в Судогде | Прометей01;Прометей01 выполняет видеонаблюдение, СКУД, слаботочные сети, электромонтаж, пожарную сигнализацию, огнезащиту и ПНР в Судогде для коммерческих и жилых объектов.;Прометей01 выполняет монтаж, настройку и обслуживание систем безопасности в Судогде: видеонаблюдение, СКУД, пожарная сигнализация, электромонтаж и слаботочные сети. В первом экране стоит сразу показать, для каких объектов проводится работа и какие документы передаются после завершения.;draft
verhniy-tagil;Верхний Тагил;Свердловская область;Верхнем Тагиле;Системы безопасности в Верхнем Тагиле | Прометей01;Прометей01 выполняет видеонаблюдение, СКУД, слаботочные сети, электромонтаж, пожарную сигнализацию, огнезащиту и ПНР в Верхнем Тагиле для коммерческих и жилых объектов.;Прометей01 выполняет монтаж, настройку и обслуживание систем безопасности в Верхнем Тагиле: видеонаблюдение, СКУД, пожарная сигнализация, электромонтаж и слаботочные сети. В первом экране стоит сразу показать, для каких объектов проводится работа и какие документы передаются после завершения.;draft
drezna;Дрезна;Московская область;Дрезне;Системы безопасности в Дрезне | Прометей01;Прометей01 выполняет видеонаблюдение, СКУД, слаботочные сети, электромонтаж, пожарную сигнализацию, огнезащиту и ПНР в Дрезне для коммерческих и жилых объектов.;Прометей01 выполняет монтаж, настройку и обслуживание систем безопасности в Дрезне: видеонаблюдение, СКУД, пожарная сигнализация, электромонтаж и слаботочные сети. В первом экране стоит сразу показать, для каких объектов проводится работа и какие документы передаются после завершения.;draft
boguchar;Богучар;Воронежская область;Богучаре;Системы безопасности в Богучаре | Прометей01;Прометей01 выполняет видеонаблюдение, СКУД, слаботочные сети, электромонтаж, пожарную сигнализацию, огнезащиту и ПНР в Богучаре для коммерческих и жилых объектов.;Прометей01 выполняет монтаж, настройку и обслуживание систем безопасности в Богучаре: видеонаблюдение, СКУД, пожарная сигнализация, электромонтаж и слаботочные сети. В первом экране стоит сразу показать, для каких объектов проводится работа и какие документы передаются после завершения.;draft
neman;Неман;Калининградская область;Немане;Системы безопасности в Немане | Прометей01;Прометей01 выполняет видеонаблюдение, СКУД, слаботочные сети, электромонтаж, пожарную сигнализацию, огнезащиту и ПНР в Немане для коммерческих и жилых объектов.;Прометей01 выполняет монтаж, настройку и обслуживание систем безопасности в Немане: видеонаблюдение, СКУД, пожарная сигнализация, электромонтаж и слаботочные сети. В первом экране стоит сразу показать, для каких объектов проводится работа и какие документы передаются после завершения.;draft
mihaylov;Михайлов;Рязанская область;Михайлове;Системы безопасности в Михайлове | Прометей01;Прометей01 выполняет видеонаблюдение, СКУД, слаботочные сети, электромонтаж, пожарную сигнализацию, огнезащиту и ПНР в Михайлове для коммерческих и жилых объектов.;Прометей01 выполняет монтаж, настройку и обслуживание систем безопасности в Михайлове: видеонаблюдение, СКУД, пожарная сигнализация, электромонтаж и слаботочные сети. В первом экране стоит сразу показать, для каких объектов проводится работа и какие документы передаются после завершения.;draft
nevelsk;Невельск;Сахалинская область;Невельске;Системы безопасности в Невельске | Прометей01;Прометей01 выполняет видеонаблюдение, СКУД, слаботочные сети, электромонтаж, пожарную сигнализацию, огнезащиту и ПНР в Невельске для коммерческих и жилых объектов.;Прометей01 выполняет монтаж, настройку и обслуживание систем безопасности в Невельске: видеонаблюдение, СКУД, пожарная сигнализация, электромонтаж и слаботочные сети. В первом экране стоит сразу показать, для каких объектов проводится работа и какие документы передаются после завершения.;draft
surazh;Сураж;Брянская область;Сураже;Системы безопасности в Сураже | Прометей01;Прометей01 выполняет видеонаблюдение, СКУД, слаботочные сети, электромонтаж, пожарную сигнализацию, огнезащиту и ПНР в Сураже для коммерческих и жилых объектов.;Прометей01 выполняет монтаж, настройку и обслуживание систем безопасности в Сураже: видеонаблюдение, СКУД, пожарная сигнализация, электромонтаж и слаботочные сети. В первом экране стоит сразу показать, для каких объектов проводится работа и какие документы передаются после завершения.;draft
vorsma;Ворсма;Нижегородская область;Ворсме;Системы безопасности в Ворсме | Прометей01;Прометей01 выполняет видеонаблюдение, СКУД, слаботочные сети, электромонтаж, пожарную сигнализацию, огнезащиту и ПНР в Ворсме для коммерческих и жилых объектов.;Прометей01 выполняет монтаж, настройку и обслуживание систем безопасности в Ворсме: видеонаблюдение, СКУД, пожарная сигнализация, электромонтаж и слаботочные сети. В первом экране стоит сразу показать, для каких объектов проводится работа и какие документы передаются после завершения.;draft
kremenki;Кремёнки;Калужская область;Кремёнках;Системы безопасности в Кремёнках | Прометей01;Прометей01 выполняет видеонаблюдение, СКУД, слаботочные сети, электромонтаж, пожарную сигнализацию, огнезащиту и ПНР в Кремёнках для коммерческих и жилых объектов.;Прометей01 выполняет монтаж, настройку и обслуживание систем безопасности в Кремёнках: видеонаблюдение, СКУД, пожарная сигнализация, электромонтаж и слаботочные сети. В первом экране стоит сразу показать, для каких объектов проводится работа и какие документы передаются после завершения.;draft
opochka;Опочка;Псковская область;Опочке;Системы безопасности в Опочке | Прометей01;Прометей01 выполняет видеонаблюдение, СКУД, слаботочные сети, электромонтаж, пожарную сигнализацию, огнезащиту и ПНР в Опочке для коммерческих и жилых объектов.;Прометей01 выполняет монтаж, настройку и обслуживание систем безопасности в Опочке: видеонаблюдение, СКУД, пожарная сигнализация, электромонтаж и слаботочные сети. В первом экране стоит сразу показать, для каких объектов проводится работа и какие документы передаются после завершения.;draft
tetyushi;Тетюши;Республика Татарстан;Тетюшах;Системы безопасности в Тетюшах | Прометей01;Прометей01 выполняет видеонаблюдение, СКУД, слаботочные сети, электромонтаж, пожарную сигнализацию, огнезащиту и ПНР в Тетюшах для коммерческих и жилых объектов.;Прометей01 выполняет монтаж, настройку и обслуживание систем безопасности в Тетюшах: видеонаблюдение, СКУД, пожарная сигнализация, электромонтаж и слаботочные сети. В первом экране стоит сразу показать, для каких объектов проводится работа и какие документы передаются после завершения.;draft
hilok;Хилок;Забайкальский край;Хилке;Системы безопасности в Хилке | Прометей01;Прометей01 выполняет видеонаблюдение, СКУД, слаботочные сети, электромонтаж, пожарную сигнализацию, огнезащиту и ПНР в Хилке для коммерческих и жилых объектов.;Прометей01 выполняет монтаж, настройку и обслуживание систем безопасности в Хилке: видеонаблюдение, СКУД, пожарная сигнализация, электромонтаж и слаботочные сети. В первом экране стоит сразу показать, для каких объектов проводится работа и какие документы передаются после завершения.;draft
pitkyaranta;Питкяранта;Республика Карелия;Питкяранте;Системы безопасности в Питкяранте | Прометей01;Прометей01 выполняет видеонаблюдение, СКУД, слаботочные сети, электромонтаж, пожарную сигнализацию, огнезащиту и ПНР в Питкяранте для коммерческих и жилых объектов.;Прометей01 выполняет монтаж, настройку и обслуживание систем безопасности в Питкяранте: видеонаблюдение, СКУД, пожарная сигнализация, электромонтаж и слаботочные сети. В первом экране стоит сразу показать, для каких объектов проводится работа и какие документы передаются после завершения.;draft
zavitinsk;Завитинск;Амурская область;Завитинске;Системы безопасности в Завитинске | Прометей01;Прометей01 выполняет видеонаблюдение, СКУД, слаботочные сети, электромонтаж, пожарную сигнализацию, огнезащиту и ПНР в Завитинске для коммерческих и жилых объектов.;Прометей01 выполняет монтаж, настройку и обслуживание систем безопасности в Завитинске: видеонаблюдение, СКУД, пожарная сигнализация, электромонтаж и слаботочные сети. В первом экране стоит сразу показать, для каких объектов проводится работа и какие документы передаются после завершения.;draft
bolhov;Болхов;Орловская область;Болхове;Системы безопасности в Болхове | Прометей01;Прометей01 выполняет видеонаблюдение, СКУД, слаботочные сети, электромонтаж, пожарную сигнализацию, огнезащиту и ПНР в Болхове для коммерческих и жилых объектов.;Прометей01 выполняет монтаж, настройку и обслуживание систем безопасности в Болхове: видеонаблюдение, СКУД, пожарная сигнализация, электромонтаж и слаботочные сети. В первом экране стоит сразу показать, для каких объектов проводится работа и какие документы передаются после завершения.;draft
ertil;Эртиль;Воронежская область;Эртиле;Системы безопасности в Эртиле | Прометей01;Прометей01 выполняет видеонаблюдение, СКУД, слаботочные сети, электромонтаж, пожарную сигнализацию, огнезащиту и ПНР в Эртиле для коммерческих и жилых объектов.;Прометей01 выполняет монтаж, настройку и обслуживание систем безопасности в Эртиле: видеонаблюдение, СКУД, пожарная сигнализация, электромонтаж и слаботочные сети. В первом экране стоит сразу показать, для каких объектов проводится работа и какие документы передаются после завершения.;draft
narimanov;Нариманов;Астраханская область;Нариманове;Системы безопасности в Нариманове | Прометей01;Прометей01 выполняет видеонаблюдение, СКУД, слаботочные сети, электромонтаж, пожарную сигнализацию, огнезащиту и ПНР в Нариманове для коммерческих и жилых объектов.;Прометей01 выполняет монтаж, настройку и обслуживание систем безопасности в Нариманове: видеонаблюдение, СКУД, пожарная сигнализация, электромонтаж и слаботочные сети. В первом экране стоит сразу показать, для каких объектов проводится работа и какие документы передаются после завершения.;draft
petuhovo;Петухово;Курганская область;Петухово;Системы безопасности в Петухово | Прометей01;Прометей01 выполняет видеонаблюдение, СКУД, слаботочные сети, электромонтаж, пожарную сигнализацию, огнезащиту и ПНР в Петухово для коммерческих и жилых объектов.;Прометей01 выполняет монтаж, настройку и обслуживание систем безопасности в Петухово: видеонаблюдение, СКУД, пожарная сигнализация, электромонтаж и слаботочные сети. В первом экране стоит сразу показать, для каких объектов проводится работа и какие документы передаются после завершения.;draft
luza;Луза;Кировская область;Лузе;Системы безопасности в Лузе | Прометей01;Прометей01 выполняет монтаж видеонаблюдения, СКУД, слаботочных сетей, электромонтаж, пожарную сигнализацию, огнезащиту и ПНР в Лузе для объектов.;Прометей01 выполняет монтаж и настройку систем безопасности в Лузе: видеонаблюдение, СКУД, пожарную сигнализацию, слаботочные сети и сопутствующую документацию. Формат работ зависит от типа объекта, требований к доступу, пожарной безопасности и обслуживанию.;draft
zakamensk;Закаменск;Республика Бурятия;Закаменске;Системы безопасности в Закаменске | Прометей01;Прометей01 выполняет монтаж видеонаблюдения, СКУД, слаботочных сетей, электромонтаж, пожарную сигнализацию, огнезащиту и ПНР в Закаменске для объектов.;Прометей01 выполняет монтаж и настройку систем безопасности в Закаменске: видеонаблюдение, СКУД, пожарную сигнализацию, слаботочные сети и сопутствующую документацию. Формат работ зависит от типа объекта, требований к доступу, пожарной безопасности и обслуживанию.;draft
belaya-holunica;Белая Холуница;Кировская область;Белой Холунице;Системы безопасности в Белой Холунице | Прометей01;Прометей01 выполняет монтаж видеонаблюдения, СКУД, слаботочных сетей, электромонтаж, пожарную сигнализацию, огнезащиту и ПНР в Белой Холунице для объектов.;Прометей01 выполняет монтаж и настройку систем безопасности в Белой Холунице: видеонаблюдение, СКУД, пожарную сигнализацию, слаботочные сети и сопутствующую документацию. Формат работ зависит от типа объекта, требований к доступу, пожарной безопасности и обслуживанию.;draft
belomorsk;Беломорск;Республика Карелия;Беломорске;Системы безопасности в Беломорске | Прометей01;Прометей01 выполняет монтаж видеонаблюдения, СКУД, слаботочных сетей, электромонтаж, пожарную сигнализацию, огнезащиту и ПНР в Беломорске для объектов.;Прометей01 выполняет монтаж и настройку систем безопасности в Беломорске: видеонаблюдение, СКУД, пожарную сигнализацию, слаботочные сети и сопутствующую документацию. Формат работ зависит от типа объекта, требований к доступу, пожарной безопасности и обслуживанию.;draft
nizhnie-sergi;Нижние Серги;Свердловская область;Нижних Сергах;Системы безопасности в Нижних Сергах | Прометей01;Прометей01 выполняет монтаж видеонаблюдения, СКУД, слаботочных сетей, электромонтаж, пожарную сигнализацию, огнезащиту и ПНР в Нижних Сергах для объектов.;Прометей01 выполняет монтаж и настройку систем безопасности в Нижних Сергах: видеонаблюдение, СКУД, пожарную сигнализацию, слаботочные сети и сопутствующую документацию. Формат работ зависит от типа объекта, требований к доступу, пожарной безопасности и обслуживанию.;draft
zaozersk;Заозёрск;Мурманская область;Заозёрске;Системы безопасности в Заозёрске | Прометей01;Прометей01 выполняет монтаж видеонаблюдения, СКУД, слаботочных сетей, электромонтаж, пожарную сигнализацию, огнезащиту и ПНР в Заозёрске для объектов.;Прометей01 выполняет монтаж и настройку систем безопасности в Заозёрске: видеонаблюдение, СКУД, пожарную сигнализацию, слаботочные сети и сопутствующую документацию. Формат работ зависит от типа объекта, требований к доступу, пожарной безопасности и обслуживанию.;draft
zuevka;Зуевка;Кировская область;Зуевке;Системы безопасности в Зуевке | Прометей01;Прометей01 выполняет монтаж видеонаблюдения, СКУД, слаботочных сетей, электромонтаж, пожарную сигнализацию, огнезащиту и ПНР в Зуевке для объектов.;Прометей01 выполняет монтаж и настройку систем безопасности в Зуевке: видеонаблюдение, СКУД, пожарную сигнализацию, слаботочные сети и сопутствующую документацию. Формат работ зависит от типа объекта, требований к доступу, пожарной безопасности и обслуживанию.;draft
gadzhievo;Гаджиево;Мурманская область;Гаджиево;Системы безопасности в Гаджиево | Прометей01;Прометей01 выполняет монтаж видеонаблюдения, СКУД, слаботочных сетей, электромонтаж, пожарную сигнализацию, огнезащиту и ПНР в Гаджиево для объектов.;Прометей01 выполняет монтаж и настройку систем безопасности в Гаджиево: видеонаблюдение, СКУД, пожарную сигнализацию, слаботочные сети и сопутствующую документацию. Формат работ зависит от типа объекта, требований к доступу, пожарной безопасности и обслуживанию.;draft
kambarka;Камбарка;Удмуртская Республика;Камбарке;Системы безопасности в Камбарке | Прометей01;Прометей01 выполняет монтаж видеонаблюдения, СКУД, слаботочных сетей, электромонтаж, пожарную сигнализацию, огнезащиту и ПНР в Камбарке для объектов.;Прометей01 выполняет монтаж и настройку систем безопасности в Камбарке: видеонаблюдение, СКУД, пожарную сигнализацию, слаботочные сети и сопутствующую документацию. Формат работ зависит от типа объекта, требований к доступу, пожарной безопасности и обслуживанию.;draft
pionerskiy;Пионерский;Калининградская область;Пионерском;Системы безопасности в Пионерском | Прометей01;Прометей01 выполняет монтаж видеонаблюдения, СКУД, слаботочных сетей, электромонтаж, пожарную сигнализацию, огнезащиту и ПНР в Пионерском для объектов.;Прометей01 выполняет монтаж и настройку систем безопасности в Пионерском: видеонаблюдение, СКУД, пожарную сигнализацию, слаботочные сети и сопутствующую документацию. Формат работ зависит от типа объекта, требований к доступу, пожарной безопасности и обслуживанию.;draft
gremyachinsk;Гремячинск;Пермский край;Гремячинске;Системы безопасности в Гремячинске | Прометей01;Прометей01 выполняет монтаж видеонаблюдения, СКУД, слаботочных сетей, электромонтаж, пожарную сигнализацию, огнезащиту и ПНР в Гремячинске для объектов.;Прометей01 выполняет монтаж и настройку систем безопасности в Гремячинске: видеонаблюдение, СКУД, пожарную сигнализацию, слаботочные сети и сопутствующую документацию. Формат работ зависит от типа объекта, требований к доступу, пожарной безопасности и обслуживанию.;draft
schuche;Щучье;Курганская область;Щучье;Системы безопасности в Щучье | Прометей01;Прометей01 выполняет монтаж видеонаблюдения, СКУД, слаботочных сетей, электромонтаж, пожарную сигнализацию, огнезащиту и ПНР в Щучье для объектов.;Прометей01 выполняет монтаж и настройку систем безопасности в Щучье: видеонаблюдение, СКУД, пожарную сигнализацию, слаботочные сети и сопутствующую документацию. Формат работ зависит от типа объекта, требований к доступу, пожарной безопасности и обслуживанию.;draft
shagonar;Шагонар;Республика Тыва;Шагонаре;Системы безопасности в Шагонаре | Прометей01;Прометей01 выполняет монтаж видеонаблюдения, СКУД, слаботочных сетей, электромонтаж, пожарную сигнализацию, огнезащиту и ПНР в Шагонаре для объектов.;Прометей01 выполняет монтаж и настройку систем безопасности в Шагонаре: видеонаблюдение, СКУД, пожарную сигнализацию, слаботочные сети и сопутствующую документацию. Формат работ зависит от типа объекта, требований к доступу, пожарной безопасности и обслуживанию.;draft
digora;Дигора;Республика Северная Осетия — Алания;Дигоре;Системы безопасности в Дигоре | Прометей01;Прометей01 выполняет монтаж видеонаблюдения, СКУД, слаботочных сетей, электромонтаж, пожарную сигнализацию, огнезащиту и ПНР в Дигоре для объектов.;Прометей01 выполняет монтаж и настройку систем безопасности в Дигоре: видеонаблюдение, СКУД, пожарную сигнализацию, слаботочные сети и сопутствующую документацию. Формат работ зависит от типа объекта, требований к доступу, пожарной безопасности и обслуживанию.;draft
svetlogorsk;Светлогорск;Калининградская область;Светлогорске;Системы безопасности в Светлогорске | Прометей01;Прометей01 выполняет монтаж видеонаблюдения, СКУД, слаботочных сетей, электромонтаж, пожарную сигнализацию, огнезащиту и ПНР в Светлогорске для объектов.;Прометей01 выполняет монтаж и настройку систем безопасности в Светлогорске: видеонаблюдение, СКУД, пожарную сигнализацию, слаботочные сети и сопутствующую документацию. Формат работ зависит от типа объекта, требований к доступу, пожарной безопасности и обслуживанию.;draft
mikun;Микунь;Республика Коми;Микуни;Системы безопасности в Микуни | Прометей01;Прометей01 выполняет монтаж видеонаблюдения, СКУД, слаботочных сетей, электромонтаж, пожарную сигнализацию, огнезащиту и ПНР в Микуни для объектов.;Прометей01 выполняет монтаж и настройку систем безопасности в Микуни: видеонаблюдение, СКУД, пожарную сигнализацию, слаботочные сети и сопутствующую документацию. Формат работ зависит от типа объекта, требований к доступу, пожарной безопасности и обслуживанию.;draft
dorogobuzh;Дорогобуж;Смоленская область;Дорогобуже;Системы безопасности в Дорогобуже | Прометей01;Прометей01 выполняет монтаж видеонаблюдения, СКУД, слаботочных сетей, электромонтаж, пожарную сигнализацию, огнезащиту и ПНР в Дорогобуже для объектов.;Прометей01 выполняет монтаж и настройку систем безопасности в Дорогобуже: видеонаблюдение, СКУД, пожарную сигнализацию, слаботочные сети и сопутствующую документацию. Формат работ зависит от типа объекта, требований к доступу, пожарной безопасности и обслуживанию.;draft
zaozernyy;Заозёрный;Красноярский край;Заозёрном;Системы безопасности в Заозёрном | Прометей01;Прометей01 выполняет монтаж видеонаблюдения, СКУД, слаботочных сетей, электромонтаж, пожарную сигнализацию, огнезащиту и ПНР в Заозёрном для объектов.;Прометей01 выполняет монтаж и настройку систем безопасности в Заозёрном: видеонаблюдение, СКУД, пожарную сигнализацию, слаботочные сети и сопутствующую документацию. Формат работ зависит от типа объекта, требований к доступу, пожарной безопасности и обслуживанию.;draft
vysokovsk;Высоковск;Московская область;Высоковске;Системы безопасности в Высоковске | Прометей01;Прометей01 выполняет монтаж видеонаблюдения, СКУД, слаботочных сетей, электромонтаж, пожарную сигнализацию, огнезащиту и ПНР в Высоковске для объектов.;Прометей01 выполняет монтаж и настройку систем безопасности в Высоковске: видеонаблюдение, СКУД, пожарную сигнализацию, слаботочные сети и сопутствующую документацию. Формат работ зависит от типа объекта, требований к доступу, пожарной безопасности и обслуживанию.;draft
kargat;Каргат;Новосибирская область;Каргате;Системы безопасности в Каргате | Прометей01;Прометей01 выполняет монтаж видеонаблюдения, СКУД, слаботочных сетей, электромонтаж, пожарную сигнализацию, огнезащиту и ПНР в Каргате для объектов.;Прометей01 выполняет монтаж и настройку систем безопасности в Каргате: видеонаблюдение, СКУД, пожарную сигнализацию, слаботочные сети и сопутствующую документацию. Формат работ зависит от типа объекта, требований к доступу, пожарной безопасности и обслуживанию.;draft
schelkino;Щёлкино;Республика Крым;Щёлкино;Системы безопасности в Щёлкино | Прометей01;Прометей01 выполняет монтаж видеонаблюдения, СКУД, слаботочных сетей, электромонтаж, пожарную сигнализацию, огнезащиту и ПНР в Щёлкино для объектов.;Прометей01 выполняет монтаж и настройку систем безопасности в Щёлкино: видеонаблюдение, СКУД, пожарную сигнализацию, слаботочные сети и сопутствующую документацию. Формат работ зависит от типа объекта, требований к доступу, пожарной безопасности и обслуживанию.;draft
aleksandrovsk-sahalinskiy;Александровск-Сахалинский;Сахалинская область;Александровске-Сахалинском;Системы безопасности в Александровске-Сахалинском | Прометей01;Прометей01 выполняет монтаж видеонаблюдения, СКУД, слаботочных сетей, электромонтаж, пожарную сигнализацию, огнезащиту и ПНР в Александровске-Сахалинском для объектов.;Прометей01 выполняет монтаж и настройку систем безопасности в Александровске-Сахалинском: видеонаблюдение, СКУД, пожарную сигнализацию, слаботочные сети и сопутствующую документацию. Формат работ зависит от типа объекта, требований к доступу, пожарной безопасности и обслуживанию.;draft
porhov;Порхов;Псковская область;Порхове;Системы безопасности в Порхове | Прометей01;Прометей01 выполняет монтаж видеонаблюдения, СКУД, слаботочных сетей, электромонтаж, пожарную сигнализацию, огнезащиту и ПНР в Порхове для объектов.;Прометей01 выполняет монтаж и настройку систем безопасности в Порхове: видеонаблюдение, СКУД, пожарную сигнализацию, слаботочные сети и сопутствующую документацию. Формат работ зависит от типа объекта, требований к доступу, пожарной безопасности и обслуживанию.;draft
zmeinogorsk;Змеиногорск;Алтайский край;Змеиногорске;Системы безопасности в Змеиногорске | Прометей01;Прометей01 выполняет монтаж видеонаблюдения, СКУД, слаботочных сетей, электромонтаж, пожарную сигнализацию, огнезащиту и ПНР в Змеиногорске для объектов.;Прометей01 выполняет монтаж и настройку систем безопасности в Змеиногорске: видеонаблюдение, СКУД, пожарную сигнализацию, слаботочные сети и сопутствующую документацию. Формат работ зависит от типа объекта, требований к доступу, пожарной безопасности и обслуживанию.;draft
suzdal;Суздаль;Владимирская область;Суздале;Системы безопасности в Суздале | Прометей01;Прометей01 выполняет монтаж видеонаблюдения, СКУД, слаботочных сетей, электромонтаж, пожарную сигнализацию, огнезащиту и ПНР в Суздале для объектов.;Прометей01 выполняет монтаж и настройку систем безопасности в Суздале: видеонаблюдение, СКУД, пожарную сигнализацию, слаботочные сети и сопутствующую документацию. Формат работ зависит от типа объекта, требований к доступу, пожарной безопасности и обслуживанию.;draft
vytegra;Вытегра;Вологодская область;Вытегре;Системы безопасности в Вытегре | Прометей01;Прометей01 выполняет монтаж видеонаблюдения, СКУД, слаботочных сетей, электромонтаж, пожарную сигнализацию, огнезащиту и ПНР в Вытегре для объектов.;Прометей01 выполняет монтаж и настройку систем безопасности в Вытегре: видеонаблюдение, СКУД, пожарную сигнализацию, слаботочные сети и сопутствующую документацию. Формат работ зависит от типа объекта, требований к доступу, пожарной безопасности и обслуживанию.;draft
kola;Кола;Мурманская область;Коле;Системы безопасности в Коле | Прометей01;Прометей01 выполняет монтаж видеонаблюдения, СКУД, слаботочных сетей, электромонтаж, пожарную сигнализацию, огнезащиту и ПНР в Коле для объектов.;Прометей01 выполняет монтаж и настройку систем безопасности в Коле: видеонаблюдение, СКУД, пожарную сигнализацию, слаботочные сети и сопутствующую документацию. Формат работ зависит от типа объекта, требований к доступу, пожарной безопасности и обслуживанию.;draft
kirs;Кирс;Кировская область;Кирсе;Системы безопасности в Кирсе | Прометей01;Прометей01 выполняет монтаж видеонаблюдения, СКУД, слаботочных сетей, электромонтаж, пожарную сигнализацию, огнезащиту и ПНР в Кирсе для объектов.;Прометей01 выполняет монтаж и настройку систем безопасности в Кирсе: видеонаблюдение, СКУД, пожарную сигнализацию, слаботочные сети и сопутствующую документацию. Формат работ зависит от типа объекта, требований к доступу, пожарной безопасности и обслуживанию.;draft
ermolino;Ермолино;Калужская область;Ермолино;Системы безопасности в Ермолино | Прометей01;Прометей01 выполняет монтаж видеонаблюдения, СКУД, слаботочных сетей, электромонтаж, пожарную сигнализацию, огнезащиту и ПНР в Ермолино для объектов.;Прометей01 выполняет монтаж и настройку систем безопасности в Ермолино: видеонаблюдение, СКУД, пожарную сигнализацию, слаботочные сети и сопутствующую документацию. Формат работ зависит от типа объекта, требований к доступу, пожарной безопасности и обслуживанию.;draft
kozlovka;Козловка;Чувашская Республика;Козловке;Системы безопасности в Козловке | Прометей01;Прометей01 выполняет монтаж видеонаблюдения, СКУД, слаботочных сетей, электромонтаж, пожарную сигнализацию, огнезащиту и ПНР в Козловке для объектов.;Прометей01 выполняет монтаж и настройку систем безопасности в Козловке: видеонаблюдение, СКУД, пожарную сигнализацию, слаботочные сети и сопутствующую документацию. Формат работ зависит от типа объекта, требований к доступу, пожарной безопасности и обслуживанию.;draft
solcy;Сольцы;Новгородская область;Сольцах;Системы безопасности в Сольцах | Прометей01;Прометей01 выполняет видеонаблюдение, СКУД, слаботочные сети, электромонтаж, пожарную сигнализацию, огнезащиту и ПНР в Сольцах для объектов бизнеса и жилья.;Прометей01 выполняет монтаж, настройку и обслуживание систем безопасности в Сольцах: видеонаблюдение, СКУД, пожарная сигнализация, электромонтаж и слаботочные сети. Формат работ зависит от объекта, требований к доступу, пожарной безопасности и составу исполнительной документации.;draft
vilyuysk;Вилюйск;Республика Саха (Якутия);Вилюйске;Системы безопасности в Вилюйске | Прометей01;Прометей01 выполняет видеонаблюдение, СКУД, слаботочные сети, электромонтаж, пожарную сигнализацию, огнезащиту и ПНР в Вилюйске для объектов бизнеса и жилья.;Прометей01 выполняет монтаж, настройку и обслуживание систем безопасности в Вилюйске: видеонаблюдение, СКУД, пожарная сигнализация, электромонтаж и слаботочные сети. Формат работ зависит от объекта, требований к доступу, пожарной безопасности и составу исполнительной документации.;draft
urzhum;Уржум;Кировская область;Уржуме;Системы безопасности в Уржуме | Прометей01;Прометей01 выполняет видеонаблюдение, СКУД, слаботочные сети, электромонтаж, пожарную сигнализацию, огнезащиту и ПНР в Уржуме для объектов бизнеса и жилья.;Прометей01 выполняет монтаж, настройку и обслуживание систем безопасности в Уржуме: видеонаблюдение, СКУД, пожарная сигнализация, электромонтаж и слаботочные сети. Формат работ зависит от объекта, требований к доступу, пожарной безопасности и составу исполнительной документации.;draft
navoloki;Наволоки;Ивановская область;Наволоках;Системы безопасности в Наволоках | Прометей01;Прометей01 выполняет видеонаблюдение, СКУД, слаботочные сети, электромонтаж, пожарную сигнализацию, огнезащиту и ПНР в Наволоках для объектов бизнеса и жилья.;Прометей01 выполняет монтаж, настройку и обслуживание систем безопасности в Наволоках: видеонаблюдение, СКУД, пожарная сигнализация, электромонтаж и слаботочные сети. Формат работ зависит от объекта, требований к доступу, пожарной безопасности и составу исполнительной документации.;draft
yurevec;Юрьевец;Ивановская область;Юрьевце;Системы безопасности в Юрьевце | Прометей01;Прометей01 выполняет видеонаблюдение, СКУД, слаботочные сети, электромонтаж, пожарную сигнализацию, огнезащиту и ПНР в Юрьевце для объектов бизнеса и жилья.;Прометей01 выполняет монтаж, настройку и обслуживание систем безопасности в Юрьевце: видеонаблюдение, СКУД, пожарная сигнализация, электромонтаж и слаботочные сети. Формат работ зависит от объекта, требований к доступу, пожарной безопасности и составу исполнительной документации.;draft
minyar;Миньяр;Челябинская область;Миньяре;Системы безопасности в Миньяре | Прометей01;Прометей01 выполняет видеонаблюдение, СКУД, слаботочные сети, электромонтаж, пожарную сигнализацию, огнезащиту и ПНР в Миньяре для объектов бизнеса и жилья.;Прометей01 выполняет монтаж, настройку и обслуживание систем безопасности в Миньяре: видеонаблюдение, СКУД, пожарная сигнализация, электромонтаж и слаботочные сети. Формат работ зависит от объекта, требований к доступу, пожарной безопасности и составу исполнительной документации.;draft
mariinskiy-posad;Мариинский Посад;Чувашская Республика;Мариинском Посаде;Системы безопасности в Мариинском Посаде | Прометей01;Прометей01 выполняет видеонаблюдение, СКУД, слаботочные сети, электромонтаж, пожарную сигнализацию, огнезащиту и ПНР в Мариинском Посаде для объектов бизнеса и жилья.;Прометей01 выполняет монтаж, настройку и обслуживание систем безопасности в Мариинском Посаде: видеонаблюдение, СКУД, пожарная сигнализация, электромонтаж и слаботочные сети. Формат работ зависит от объекта, требований к доступу, пожарной безопасности и составу исполнительной документации.;draft
nyurba;Нюрба;Республика Саха (Якутия);Нюрбе;Системы безопасности в Нюрбе | Прометей01;Прометей01 выполняет видеонаблюдение, СКУД, слаботочные сети, электромонтаж, пожарную сигнализацию, огнезащиту и ПНР в Нюрбе для объектов бизнеса и жилья.;Прометей01 выполняет монтаж, настройку и обслуживание систем безопасности в Нюрбе: видеонаблюдение, СКУД, пожарная сигнализация, электромонтаж и слаботочные сети. Формат работ зависит от объекта, требований к доступу, пожарной безопасности и составу исполнительной документации.;draft
kargopol;Каргополь;Архангельская область;Каргополе;Системы безопасности в Каргополе | Прометей01;Прометей01 выполняет видеонаблюдение, СКУД, слаботочные сети, электромонтаж, пожарную сигнализацию, огнезащиту и ПНР в Каргополе для объектов бизнеса и жилья.;Прометей01 выполняет монтаж, настройку и обслуживание систем безопасности в Каргополе: видеонаблюдение, СКУД, пожарная сигнализация, электромонтаж и слаботочные сети. Формат работ зависит от объекта, требований к доступу, пожарной безопасности и составу исполнительной документации.;draft
elnya;Ельня;Смоленская область;Ельне;Системы безопасности в Ельне | Прометей01;Прометей01 выполняет видеонаблюдение, СКУД, слаботочные сети, электромонтаж, пожарную сигнализацию, огнезащиту и ПНР в Ельне для объектов бизнеса и жилья.;Прометей01 выполняет монтаж, настройку и обслуживание систем безопасности в Ельне: видеонаблюдение, СКУД, пожарная сигнализация, электромонтаж и слаботочные сети. Формат работ зависит от объекта, требований к доступу, пожарной безопасности и составу исполнительной документации.;draft
harovsk;Харовск;Вологодская область;Харовске;Системы безопасности в Харовске | Прометей01;Прометей01 выполняет видеонаблюдение, СКУД, слаботочные сети, электромонтаж, пожарную сигнализацию, огнезащиту и ПНР в Харовске для объектов бизнеса и жилья.;Прометей01 выполняет монтаж, настройку и обслуживание систем безопасности в Харовске: видеонаблюдение, СКУД, пожарная сигнализация, электромонтаж и слаботочные сети. Формат работ зависит от объекта, требований к доступу, пожарной безопасности и составу исполнительной документации.;draft
yuzhno-suhokumsk;Южно-Сухокумск;Республика Дагестан;Южно-Сухокумске;Системы безопасности в Южно-Сухокумске | Прометей01;Прометей01 выполняет видеонаблюдение, СКУД, слаботочные сети, электромонтаж, пожарную сигнализацию, огнезащиту и ПНР в Южно-Сухокумске для объектов бизнеса и жилья.;Прометей01 выполняет монтаж, настройку и обслуживание систем безопасности в Южно-Сухокумске: видеонаблюдение, СКУД, пожарная сигнализация, электромонтаж и слаботочные сети. Формат работ зависит от объекта, требований к доступу, пожарной безопасности и составу исполнительной документации.;draft
rudnya;Рудня;Смоленская область;Рудне;Системы безопасности в Рудне | Прометей01;Прометей01 выполняет видеонаблюдение, СКУД, слаботочные сети, электромонтаж, пожарную сигнализацию, огнезащиту и ПНР в Рудне для объектов бизнеса и жилья.;Прометей01 выполняет монтаж, настройку и обслуживание систем безопасности в Рудне: видеонаблюдение, СКУД, пожарная сигнализация, электромонтаж и слаботочные сети. Формат работ зависит от объекта, требований к доступу, пожарной безопасности и составу исполнительной документации.;draft
volchansk;Волчанск;Свердловская область;Волчанске;Системы безопасности в Волчанске | Прометей01;Прометей01 выполняет видеонаблюдение, СКУД, слаботочные сети, электромонтаж, пожарную сигнализацию, огнезащиту и ПНР в Волчанске для объектов бизнеса и жилья.;Прометей01 выполняет монтаж, настройку и обслуживание систем безопасности в Волчанске: видеонаблюдение, СКУД, пожарная сигнализация, электромонтаж и слаботочные сети. Формат работ зависит от объекта, требований к доступу, пожарной безопасности и составу исполнительной документации.;draft
kuvshinovo;Кувшиново;Тверская область;Кувшиново;Системы безопасности в Кувшиново | Прометей01;Прометей01 выполняет видеонаблюдение, СКУД, слаботочные сети, электромонтаж, пожарную сигнализацию, огнезащиту и ПНР в Кувшиново для объектов бизнеса и жилья.;Прометей01 выполняет монтаж, настройку и обслуживание систем безопасности в Кувшиново: видеонаблюдение, СКУД, пожарная сигнализация, электромонтаж и слаботочные сети. Формат работ зависит от объекта, требований к доступу, пожарной безопасности и составу исполнительной документации.;draft
volodarsk;Володарск;Нижегородская область;Володарске;Системы безопасности в Володарске | Прометей01;Прометей01 выполняет видеонаблюдение, СКУД, слаботочные сети, электромонтаж, пожарную сигнализацию, огнезащиту и ПНР в Володарске для объектов бизнеса и жилья.;Прометей01 выполняет монтаж, настройку и обслуживание систем безопасности в Володарске: видеонаблюдение, СКУД, пожарная сигнализация, электромонтаж и слаботочные сети. Формат работ зависит от объекта, требований к доступу, пожарной безопасности и составу исполнительной документации.;draft
neya;Нея;Костромская область;Нее;Системы безопасности в Нее | Прометей01;Прометей01 выполняет видеонаблюдение, СКУД, слаботочные сети, электромонтаж, пожарную сигнализацию, огнезащиту и ПНР в Нее для объектов бизнеса и жилья.;Прометей01 выполняет монтаж, настройку и обслуживание систем безопасности в Нее: видеонаблюдение, СКУД, пожарная сигнализация, электромонтаж и слаботочные сети. Формат работ зависит от объекта, требований к доступу, пожарной безопасности и составу исполнительной документации.;draft
ivangorod;Ивангород;Ленинградская область;Ивангороде;Системы безопасности в Ивангороде | Прометей01;Прометей01 выполняет видеонаблюдение, СКУД, слаботочные сети, электромонтаж, пожарную сигнализацию, огнезащиту и ПНР в Ивангороде для объектов бизнеса и жилья.;Прометей01 выполняет монтаж, настройку и обслуживание систем безопасности в Ивангороде: видеонаблюдение, СКУД, пожарная сигнализация, электромонтаж и слаботочные сети. Формат работ зависит от объекта, требований к доступу, пожарной безопасности и составу исполнительной документации.;draft
totma;Тотьма;Вологодская область;Тотьме;Системы безопасности в Тотьме | Прометей01;Прометей01 выполняет видеонаблюдение, СКУД, слаботочные сети, электромонтаж, пожарную сигнализацию, огнезащиту и ПНР в Тотьме для объектов бизнеса и жилья.;Прометей01 выполняет монтаж, настройку и обслуживание систем безопасности в Тотьме: видеонаблюдение, СКУД, пожарная сигнализация, электромонтаж и слаботочные сети. Формат работ зависит от объекта, требований к доступу, пожарной безопасности и составу исполнительной документации.;draft
suoyarvi;Суоярви;Республика Карелия;Суоярви;Системы безопасности в Суоярви | Прометей01;Прометей01 выполняет видеонаблюдение, СКУД, слаботочные сети, электромонтаж, пожарную сигнализацию, огнезащиту и ПНР в Суоярви для объектов бизнеса и жилья.;Прометей01 выполняет монтаж, настройку и обслуживание систем безопасности в Суоярви: видеонаблюдение, СКУД, пожарная сигнализация, электромонтаж и слаботочные сети. Формат работ зависит от объекта, требований к доступу, пожарной безопасности и составу исполнительной документации.;draft
pudozh;Пудож;Республика Карелия;Пудоже;Системы безопасности в Пудоже | Прометей01;Прометей01 выполняет видеонаблюдение, СКУД, слаботочные сети, электромонтаж, пожарную сигнализацию, огнезащиту и ПНР в Пудоже для объектов бизнеса и жилья.;Прометей01 выполняет монтаж, настройку и обслуживание систем безопасности в Пудоже: видеонаблюдение, СКУД, пожарная сигнализация, электромонтаж и слаботочные сети. Формат работ зависит от объекта, требований к доступу, пожарной безопасности и составу исполнительной документации.;draft
zadonsk;Задонск;Липецкая область;Задонске;Системы безопасности в Задонске | Прометей01;Прометей01 выполняет видеонаблюдение, СКУД, слаботочные сети, электромонтаж, пожарную сигнализацию, огнезащиту и ПНР в Задонске для объектов бизнеса и жилья.;Прометей01 выполняет монтаж, настройку и обслуживание систем безопасности в Задонске: видеонаблюдение, СКУД, пожарная сигнализация, электромонтаж и слаботочные сети. Формат работ зависит от объекта, требований к доступу, пожарной безопасности и составу исполнительной документации.;draft
tarusa;Таруса;Калужская область;Тарусе;Системы безопасности в Тарусе | Прометей01;Прометей01 выполняет видеонаблюдение, СКУД, слаботочные сети, электромонтаж, пожарную сигнализацию, огнезащиту и ПНР в Тарусе для объектов бизнеса и жилья.;Прометей01 выполняет монтаж, настройку и обслуживание систем безопасности в Тарусе: видеонаблюдение, СКУД, пожарная сигнализация, электромонтаж и слаботочные сети. Формат работ зависит от объекта, требований к доступу, пожарной безопасности и составу исполнительной документации.;draft
bolohovo;Болохово;Тульская область;Болохово;Системы безопасности в Болохово | Прометей01;Прометей01 выполняет видеонаблюдение, СКУД, слаботочные сети, электромонтаж, пожарную сигнализацию, огнезащиту и ПНР в Болохово для объектов бизнеса и жилья.;Прометей01 выполняет монтаж, настройку и обслуживание систем безопасности в Болохово: видеонаблюдение, СКУД, пожарная сигнализация, электромонтаж и слаботочные сети. Формат работ зависит от объекта, требований к доступу, пожарной безопасности и составу исполнительной документации.;draft
belozersk;Белозерск;Вологодская область;Белозерске;Системы безопасности в Белозерске | Прометей01;Прометей01 выполняет видеонаблюдение, СКУД, слаботочные сети, электромонтаж, пожарную сигнализацию, огнезащиту и ПНР в Белозерске для объектов бизнеса и жилья.;Прометей01 выполняет монтаж, настройку и обслуживание систем безопасности в Белозерске: видеонаблюдение, СКУД, пожарная сигнализация, электромонтаж и слаботочные сети. Формат работ зависит от объекта, требований к доступу, пожарной безопасности и составу исполнительной документации.;draft
yadrin;Ядрин;Чувашская Республика;Ядрине;Системы безопасности в Ядрине | Прометей01;Прометей01 выполняет видеонаблюдение, СКУД, слаботочные сети, электромонтаж, пожарную сигнализацию, огнезащиту и ПНР в Ядрине для объектов бизнеса и жилья.;Прометей01 выполняет монтаж, настройку и обслуживание систем безопасности в Ядрине: видеонаблюдение, СКУД, пожарная сигнализация, электромонтаж и слаботочные сети. Формат работ зависит от объекта, требований к доступу, пожарной безопасности и составу исполнительной документации.;draft
gorodovikovsk;Городовиковск;Республика Калмыкия;Городовиковске;Системы безопасности в Городовиковске | Прометей01;Прометей01 выполняет видеонаблюдение, СКУД, слаботочные сети, электромонтаж, пожарную сигнализацию, огнезащиту и ПНР в Городовиковске для объектов бизнеса и жилья.;Прометей01 выполняет монтаж, настройку и обслуживание систем безопасности в Городовиковске: видеонаблюдение, СКУД, пожарная сигнализация, электромонтаж и слаботочные сети. Формат работ зависит от объекта, требований к доступу, пожарной безопасности и составу исполнительной документации.;draft
skovorodino;Сковородино;Амурская область;Сковородино;Системы безопасности в Сковородино | Прометей01;Прометей01 выполняет видеонаблюдение, СКУД, слаботочные сети, электромонтаж, пожарную сигнализацию, огнезащиту и ПНР в Сковородино для объектов бизнеса и жилья.;Прометей01 выполняет монтаж, настройку и обслуживание систем безопасности в Сковородино: видеонаблюдение, СКУД, пожарная сигнализация, электромонтаж и слаботочные сети. Формат работ зависит от объекта, требований к доступу, пожарной безопасности и составу исполнительной документации.;draft
nolinsk;Нолинск;Кировская область;Нолинске;Системы безопасности в Нолинске | Прометей01;Прометей01 выполняет видеонаблюдение, СКУД, слаботочные сети, электромонтаж, пожарную сигнализацию, огнезащиту и ПНР в Нолинске для объектов бизнеса и жилья.;Прометей01 выполняет монтаж, настройку и обслуживание систем безопасности в Нолинске: видеонаблюдение, СКУД, пожарная сигнализация, электромонтаж и слаботочные сети. Формат работ зависит от объекта, требований к доступу, пожарной безопасности и составу исполнительной документации.;draft
pokrovsk;Покровск;Республика Саха (Якутия);Покровске;Системы безопасности в Покровске | Прометей01;Прометей01 выполняет видеонаблюдение, СКУД, слаботочные сети, электромонтаж, пожарную сигнализацию, огнезащиту и ПНР в Покровске для объектов бизнеса и жилья.;Прометей01 выполняет монтаж, настройку и обслуживание систем безопасности в Покровске: видеонаблюдение, СКУД, пожарная сигнализация, электромонтаж и слаботочные сети. Формат работ зависит от объекта, требований к доступу, пожарной безопасности и составу исполнительной документации.;draft
olekminsk;Олёкминск;Республика Саха (Якутия);Олёкминске;Системы безопасности в Олёкминске | Прометей01;Прометей01 выполняет видеонаблюдение, СКУД, слаботочные сети, электромонтаж, пожарную сигнализацию, огнезащиту, ПНР и документацию в Олёкминске.;Прометей01 выполняет монтаж, настройку и обслуживание систем безопасности в Олёкминске: видеонаблюдение, СКУД, пожарная сигнализация, электромонтаж и слаботочные сети. В первом экране стоит сразу показать, для каких объектов проводится работа и какие документы передаются после завершения.;draft
ustyuzhna;Устюжна;Вологодская область;Устюжне;Системы безопасности в Устюжне | Прометей01;Прометей01 выполняет видеонаблюдение, СКУД, слаботочные сети, электромонтаж, пожарную сигнализацию, огнезащиту, ПНР и документацию в Устюжне.;Прометей01 выполняет монтаж, настройку и обслуживание систем безопасности в Устюжне: видеонаблюдение, СКУД, пожарная сигнализация, электромонтаж и слаботочные сети. В первом экране стоит сразу показать, для каких объектов проводится работа и какие документы передаются после завершения.;draft
verhnyaya-tura;Верхняя Тура;Свердловская область;Верхней Туре;Системы безопасности в Верхней Туре | Прометей01;Прометей01 выполняет видеонаблюдение, СКУД, слаботочные сети, электромонтаж, пожарную сигнализацию, огнезащиту, ПНР и документацию в Верхней Туре.;Прометей01 выполняет монтаж, настройку и обслуживание систем безопасности в Верхней Туре: видеонаблюдение, СКУД, пожарная сигнализация, электромонтаж и слаботочные сети. В первом экране стоит сразу показать, для каких объектов проводится работа и какие документы передаются после завершения.;draft
verhneuralsk;Верхнеуральск;Челябинская область;Верхнеуральске;Системы безопасности в Верхнеуральске | Прометей01;Прометей01 выполняет видеонаблюдение, СКУД, слаботочные сети, электромонтаж, пожарную сигнализацию, огнезащиту, ПНР и документацию в Верхнеуральске.;Прометей01 выполняет монтаж, настройку и обслуживание систем безопасности в Верхнеуральске: видеонаблюдение, СКУД, пожарная сигнализация, электромонтаж и слаботочные сети. В первом экране стоит сразу показать, для каких объектов проводится работа и какие документы передаются после завершения.;draft
ardatov;Ардатов;Республика Мордовия;Ардатове;Системы безопасности в Ардатове | Прометей01;Прометей01 выполняет видеонаблюдение, СКУД, слаботочные сети, электромонтаж, пожарную сигнализацию, огнезащиту, ПНР и документацию в Ардатове.;Прометей01 выполняет монтаж, настройку и обслуживание систем безопасности в Ардатове: видеонаблюдение, СКУД, пожарная сигнализация, электромонтаж и слаботочные сети. В первом экране стоит сразу показать, для каких объектов проводится работа и какие документы передаются после завершения.;draft
obluche;Облучье;Еврейская автономная область;Облучье;Системы безопасности в Облучье | Прометей01;Прометей01 выполняет видеонаблюдение, СКУД, слаботочные сети, электромонтаж, пожарную сигнализацию, огнезащиту, ПНР и документацию в Облучье.;Прометей01 выполняет монтаж, настройку и обслуживание систем безопасности в Облучье: видеонаблюдение, СКУД, пожарная сигнализация, электромонтаж и слаботочные сети. В первом экране стоит сразу показать, для каких объектов проводится работа и какие документы передаются после завершения.;draft
zapadnaya-dvina;Западная Двина;Тверская область;Западной Двине;Системы безопасности в Западной Двине | Прометей01;Прометей01 выполняет видеонаблюдение, СКУД, слаботочные сети, электромонтаж, пожарную сигнализацию, огнезащиту, ПНР и документацию в Западной Двине.;Прометей01 выполняет монтаж, настройку и обслуживание систем безопасности в Западной Двине: видеонаблюдение, СКУД, пожарная сигнализация, электромонтаж и слаботочные сети. В первом экране стоит сразу показать, для каких объектов проводится работа и какие документы передаются после завершения.;draft
serafimovich;Серафимович;Волгоградская область;Серафимовиче;Системы безопасности в Серафимовиче | Прометей01;Прометей01 выполняет видеонаблюдение, СКУД, слаботочные сети, электромонтаж, пожарную сигнализацию, огнезащиту, ПНР и документацию в Серафимовиче.;Прометей01 выполняет монтаж, настройку и обслуживание систем безопасности в Серафимовиче: видеонаблюдение, СКУД, пожарная сигнализация, электромонтаж и слаботочные сети. В первом экране стоит сразу показать, для каких объектов проводится работа и какие документы передаются после завершения.;draft
staryy-krym;Старый Крым;Республика Крым;Старом Крыму;Системы безопасности в Старом Крыму | Прометей01;Прометей01 выполняет видеонаблюдение, СКУД, слаботочные сети, электромонтаж, пожарную сигнализацию, огнезащиту, ПНР и документацию в Старом Крыму.;Прометей01 выполняет монтаж, настройку и обслуживание систем безопасности в Старом Крыму: видеонаблюдение, СКУД, пожарная сигнализация, электромонтаж и слаботочные сети. В первом экране стоит сразу показать, для каких объектов проводится работа и какие документы передаются после завершения.;draft
perevoz;Перевоз;Нижегородская область;Перевозе;Системы безопасности в Перевозе | Прометей01;Прометей01 выполняет видеонаблюдение, СКУД, слаботочные сети, электромонтаж, пожарную сигнализацию, огнезащиту, ПНР и документацию в Перевозе.;Прометей01 выполняет монтаж, настройку и обслуживание систем безопасности в Перевозе: видеонаблюдение, СКУД, пожарная сигнализация, электромонтаж и слаботочные сети. В первом экране стоит сразу показать, для каких объектов проводится работа и какие документы передаются после завершения.;draft
kosterevo;Костерёво;Владимирская область;Костерёво;Системы безопасности в Костерёво | Прометей01;Прометей01 выполняет видеонаблюдение, СКУД, слаботочные сети, электромонтаж, пожарную сигнализацию, огнезащиту, ПНР и документацию в Костерёво.;Прометей01 выполняет монтаж, настройку и обслуживание систем безопасности в Костерёво: видеонаблюдение, СКУД, пожарная сигнализация, электромонтаж и слаботочные сети. В первом экране стоит сразу показать, для каких объектов проводится работа и какие документы передаются после завершения.;draft
teberda;Теберда;Карачаево-Черкесская Республика;Теберде;Системы безопасности в Теберде | Прометей01;Прометей01 выполняет видеонаблюдение, СКУД, слаботочные сети, электромонтаж, пожарную сигнализацию, огнезащиту, ПНР и документацию в Теберде.;Прометей01 выполняет монтаж, настройку и обслуживание систем безопасности в Теберде: видеонаблюдение, СКУД, пожарная сигнализация, электромонтаж и слаботочные сети. В первом экране стоит сразу показать, для каких объектов проводится работа и какие документы передаются после завершения.;draft
dno;Дно;Псковская область;Дно;Системы безопасности в Дно | Прометей01;Прометей01 выполняет видеонаблюдение, СКУД, слаботочные сети, электромонтаж, пожарную сигнализацию, огнезащиту, ПНР и исполнительную документацию в Дно.;Прометей01 выполняет монтаж, настройку и обслуживание систем безопасности в Дно: видеонаблюдение, СКУД, пожарная сигнализация, электромонтаж и слаботочные сети. В первом экране стоит сразу показать, для каких объектов проводится работа и какие документы передаются после завершения.;draft
olonec;Олонец;Республика Карелия;Олонце;Системы безопасности в Олонце | Прометей01;Прометей01 выполняет видеонаблюдение, СКУД, слаботочные сети, электромонтаж, пожарную сигнализацию, огнезащиту, ПНР и документацию в Олонце.;Прометей01 выполняет монтаж, настройку и обслуживание систем безопасности в Олонце: видеонаблюдение, СКУД, пожарная сигнализация, электромонтаж и слаботочные сети. В первом экране стоит сразу показать, для каких объектов проводится работа и какие документы передаются после завершения.;draft
chadan;Чадан;Республика Тыва;Чадане;Системы безопасности в Чадане | Прометей01;Прометей01 выполняет видеонаблюдение, СКУД, слаботочные сети, электромонтаж, пожарную сигнализацию, огнезащиту, ПНР и документацию в Чадане.;Прометей01 выполняет монтаж, настройку и обслуживание систем безопасности в Чадане: видеонаблюдение, СКУД, пожарная сигнализация, электромонтаж и слаботочные сети. В первом экране стоит сразу показать, для каких объектов проводится работа и какие документы передаются после завершения.;draft
biryusinsk;Бирюсинск;Иркутская область;Бирюсинске;Системы безопасности в Бирюсинске | Прометей01;Прометей01 выполняет видеонаблюдение, СКУД, слаботочные сети, электромонтаж, пожарную сигнализацию, огнезащиту, ПНР и документацию в Бирюсинске.;Прометей01 выполняет монтаж, настройку и обслуживание систем безопасности в Бирюсинске: видеонаблюдение, СКУД, пожарная сигнализация, электромонтаж и слаботочные сети. В первом экране стоит сразу показать, для каких объектов проводится работа и какие документы передаются после завершения.;draft
vetluga;Ветлуга;Нижегородская область;Ветлуге;Системы безопасности в Ветлуге | Прометей01;Прометей01 выполняет видеонаблюдение, СКУД, слаботочные сети, электромонтаж, пожарную сигнализацию, огнезащиту, ПНР и документацию в Ветлуге.;Прометей01 выполняет монтаж, настройку и обслуживание систем безопасности в Ветлуге: видеонаблюдение, СКУД, пожарная сигнализация, электромонтаж и слаботочные сети. В первом экране стоит сразу показать, для каких объектов проводится работа и какие документы передаются после завершения.;draft
novaya-ladoga;Новая Ладога;Ленинградская область;Новой Ладоге;Системы безопасности в Новой Ладоге | Прометей01;Прометей01 выполняет видеонаблюдение, СКУД, слаботочные сети, электромонтаж, пожарную сигнализацию, огнезащиту, ПНР и документацию в Новой Ладоге.;Прометей01 выполняет монтаж, настройку и обслуживание систем безопасности в Новой Ладоге: видеонаблюдение, СКУД, пожарная сигнализация, электромонтаж и слаботочные сети. В первом экране стоит сразу показать, для каких объектов проводится работа и какие документы передаются после завершения.;draft
verhoture;Верхотурье;Свердловская область;Верхотурье;Системы безопасности в Верхотурье | Прометей01;Прометей01 выполняет видеонаблюдение, СКУД, слаботочные сети, электромонтаж, пожарную сигнализацию, огнезащиту, ПНР и документацию в Верхотурье.;Прометей01 выполняет монтаж, настройку и обслуживание систем безопасности в Верхотурье: видеонаблюдение, СКУД, пожарная сигнализация, электромонтаж и слаботочные сети. В первом экране стоит сразу показать, для каких объектов проводится работа и какие документы передаются после завершения.;draft
pochinok;Починок;Смоленская область;Починке;Системы безопасности в Починке | Прометей01;Прометей01 выполняет видеонаблюдение, СКУД, слаботочные сети, электромонтаж, пожарную сигнализацию, огнезащиту, ПНР и документацию в Починке.;Прометей01 выполняет монтаж, настройку и обслуживание систем безопасности в Починке: видеонаблюдение, СКУД, пожарная сигнализация, электромонтаж и слаботочные сети. В первом экране стоит сразу показать, для каких объектов проводится работа и какие документы передаются после завершения.;draft
lipki;Липки;Тульская область;Липках;Системы безопасности в Липках | Прометей01;Прометей01 выполняет видеонаблюдение, СКУД, слаботочные сети, электромонтаж, пожарную сигнализацию, огнезащиту, ПНР и документацию в Липках.;Прометей01 выполняет монтаж, настройку и обслуживание систем безопасности в Липках: видеонаблюдение, СКУД, пожарная сигнализация, электромонтаж и слаботочные сети. В первом экране стоит сразу показать, для каких объектов проводится работа и какие документы передаются после завершения.;draft
komsomolsk;Комсомольск;Ивановская область;Комсомольске;Системы безопасности в Комсомольске | Прометей01;Прометей01 выполняет видеонаблюдение, СКУД, слаботочные сети, электромонтаж, пожарную сигнализацию, огнезащиту, ПНР и документацию в Комсомольске.;Прометей01 выполняет монтаж, настройку и обслуживание систем безопасности в Комсомольске: видеонаблюдение, СКУД, пожарная сигнализация, электромонтаж и слаботочные сети. В первом экране стоит сразу показать, для каких объектов проводится работа и какие документы передаются после завершения.;draft
insar;Инсар;Республика Мордовия;Инсаре;Системы безопасности в Инсаре | Прометей01;Прометей01 выполняет видеонаблюдение, СКУД, слаботочные сети, электромонтаж, пожарную сигнализацию, огнезащиту, ПНР и документацию в Инсаре.;Прометей01 выполняет монтаж, настройку и обслуживание систем безопасности в Инсаре: видеонаблюдение, СКУД, пожарная сигнализация, электромонтаж и слаботочные сети. В первом экране стоит сразу показать, для каких объектов проводится работа и какие документы передаются после завершения.;draft
bolgar;Болгар;Республика Татарстан;Болгаре;Системы безопасности в Болгаре | Прометей01;Прометей01 выполняет видеонаблюдение, СКУД, слаботочные сети, электромонтаж, пожарную сигнализацию, огнезащиту, ПНР и документацию в Болгаре.;Прометей01 выполняет монтаж, настройку и обслуживание систем безопасности в Болгаре: видеонаблюдение, СКУД, пожарная сигнализация, электромонтаж и слаботочные сети. В первом экране стоит сразу показать, для каких объектов проводится работа и какие документы передаются после завершения.;draft
starica;Старица;Тверская область;Старице;Системы безопасности в Старице | Прометей01;Прометей01 выполняет видеонаблюдение, СКУД, слаботочные сети, электромонтаж, пожарную сигнализацию, огнезащиту, ПНР и документацию в Старице.;Прометей01 выполняет монтаж, настройку и обслуживание систем безопасности в Старице: видеонаблюдение, СКУД, пожарная сигнализация, электромонтаж и слаботочные сети. В первом экране стоит сразу показать, для каких объектов проводится работа и какие документы передаются после завершения.;draft
puchezh;Пучеж;Ивановская область;Пучеже;Системы безопасности в Пучеже | Прометей01;Прометей01 выполняет видеонаблюдение, СКУД, слаботочные сети, электромонтаж, пожарную сигнализацию, огнезащиту, ПНР и документацию в Пучеже.;Прометей01 выполняет монтаж, настройку и обслуживание систем безопасности в Пучеже: видеонаблюдение, СКУД, пожарная сигнализация, электромонтаж и слаботочные сети. В первом экране стоит сразу показать, для каких объектов проводится работа и какие документы передаются после завершения.;draft
belinskiy;Белинский;Пензенская область;Белинском;Системы безопасности в Белинском | Прометей01;Прометей01 выполняет видеонаблюдение, СКУД, слаботочные сети, электромонтаж, пожарную сигнализацию, огнезащиту, ПНР и документацию в Белинском.;Прометей01 выполняет монтаж, настройку и обслуживание систем безопасности в Белинском: видеонаблюдение, СКУД, пожарная сигнализация, электромонтаж и слаботочные сети. В первом экране стоит сразу показать, для каких объектов проводится работа и какие документы передаются после завершения.;draft
aniva;Анива;Сахалинская область;Аниве;Системы безопасности в Аниве | Прометей01;Прометей01 выполняет видеонаблюдение, СКУД, слаботочные сети, электромонтаж, пожарную сигнализацию, огнезащиту, ПНР и исполнительную документацию в Аниве.;Прометей01 выполняет монтаж, настройку и обслуживание систем безопасности в Аниве: видеонаблюдение, СКУД, пожарная сигнализация, электромонтаж и слаботочные сети. В первом экране стоит сразу показать, для каких объектов проводится работа и какие документы передаются после завершения.;draft
belousovo;Белоусово;Калужская область;Белоусово;Системы безопасности в Белоусово | Прометей01;Прометей01 выполняет видеонаблюдение, СКУД, слаботочные сети, электромонтаж, пожарную сигнализацию, огнезащиту, ПНР и документацию в Белоусово.;Прометей01 выполняет монтаж, настройку и обслуживание систем безопасности в Белоусово: видеонаблюдение, СКУД, пожарная сигнализация, электромонтаж и слаботочные сети. В первом экране стоит сразу показать, для каких объектов проводится работа и какие документы передаются после завершения.;draft
makushino;Макушино;Курганская область;Макушино;Системы безопасности в Макушино | Прометей01;Прометей01 выполняет видеонаблюдение, СКУД, слаботочные сети, электромонтаж, пожарную сигнализацию, огнезащиту, ПНР и документацию в Макушино.;Прометей01 выполняет монтаж, настройку и обслуживание систем безопасности в Макушино: видеонаблюдение, СКУД, пожарная сигнализация, электромонтаж и слаботочные сети. В первом экране стоит сразу показать, для каких объектов проводится работа и какие документы передаются после завершения.;draft
medyn;Медынь;Калужская область;Медыне;Системы безопасности в Медыне | Прометей01;Прометей01 выполняет видеонаблюдение, СКУД, слаботочные сети, электромонтаж, пожарную сигнализацию, огнезащиту, ПНР и документацию в Медыне.;Прометей01 выполняет монтаж, настройку и обслуживание систем безопасности в Медыне: видеонаблюдение, СКУД, пожарную сигнализацию и слаботочные сети. Состав работ зависит от типа объекта, требований к доступу, пожарной безопасности и документации.;draft
andreapol;Андреаполь;Тверская область;Андреаполе;Системы безопасности в Андреаполе | Прометей01;Прометей01 выполняет видеонаблюдение, СКУД, слаботочные сети, электромонтаж, пожарную сигнализацию, огнезащиту, ПНР и документацию в Андреаполе.;Прометей01 выполняет монтаж, настройку и обслуживание систем безопасности в Андреаполе: видеонаблюдение, СКУД, пожарную сигнализацию и слаботочные сети. Состав работ зависит от типа объекта, требований к доступу, пожарной безопасности и документации.;draft
malmyzh;Малмыж;Кировская область;Малмыже;Системы безопасности в Малмыже | Прометей01;Прометей01 выполняет видеонаблюдение, СКУД, слаботочные сети, электромонтаж, пожарную сигнализацию, огнезащиту, ПНР и документацию в Малмыже.;Прометей01 выполняет монтаж, настройку и обслуживание систем безопасности в Малмыже: видеонаблюдение, СКУД, пожарную сигнализацию и слаботочные сети. Состав работ зависит от типа объекта, требований к доступу, пожарной безопасности и документации.;draft
salair;Салаир;Кемеровская область;Салаире;Системы безопасности в Салаире | Прометей01;Прометей01 выполняет видеонаблюдение, СКУД, слаботочные сети, электромонтаж, пожарную сигнализацию, огнезащиту, ПНР и документацию в Салаире.;Прометей01 выполняет монтаж, настройку и обслуживание систем безопасности в Салаире: видеонаблюдение, СКУД, пожарную сигнализацию и слаботочные сети. Состав работ зависит от типа объекта, требований к доступу, пожарной безопасности и документации.;draft
novosokolniki;Новосокольники;Псковская область;Новосокольниках;Системы безопасности в Новосокольниках | Прометей01;Прометей01 выполняет видеонаблюдение, СКУД, слаботочные сети, электромонтаж, пожарную сигнализацию, огнезащиту, ПНР и документацию в Новосокольниках.;Прометей01 выполняет монтаж, настройку и обслуживание систем безопасности в Новосокольниках: видеонаблюдение, СКУД, пожарную сигнализацию и слаботочные сети. Состав работ зависит от типа объекта, требований к доступу, пожарной безопасности и документации.;draft
sychevka;Сычёвка;Смоленская область;Сычёвке;Системы безопасности в Сычёвке | Прометей01;Прометей01 выполняет видеонаблюдение, СКУД, слаботочные сети, электромонтаж, пожарную сигнализацию, огнезащиту, ПНР и документацию в Сычёвке.;Прометей01 выполняет монтаж, настройку и обслуживание систем безопасности в Сычёвке: видеонаблюдение, СКУД, пожарную сигнализацию и слаботочные сети. Состав работ зависит от типа объекта, требований к доступу, пожарной безопасности и документации.;draft
gorodische;Городище;Пензенская область;Городище;Системы безопасности в Городище | Прометей01;Прометей01 выполняет видеонаблюдение, СКУД, слаботочные сети, электромонтаж, пожарную сигнализацию, огнезащиту, ПНР и документацию в Городище.;Прометей01 выполняет монтаж, настройку и обслуживание систем безопасности в Городище: видеонаблюдение, СКУД, пожарную сигнализацию и слаботочные сети. Состав работ зависит от типа объекта, требований к доступу, пожарной безопасности и документации.;draft
tommot;Томмот;Республика Саха (Якутия);Томмоте;Системы безопасности в Томмоте | Прометей01;Прометей01 выполняет видеонаблюдение, СКУД, слаботочные сети, электромонтаж, пожарную сигнализацию, огнезащиту, ПНР и документацию в Томмоте.;Прометей01 выполняет монтаж, настройку и обслуживание систем безопасности в Томмоте: видеонаблюдение, СКУД, пожарную сигнализацию и слаботочные сети. Состав работ зависит от типа объекта, требований к доступу, пожарной безопасности и документации.;draft
mglin;Мглин;Брянская область;Мглине;Системы безопасности в Мглине | Прометей01;Прометей01 выполняет видеонаблюдение, СКУД, слаботочные сети, электромонтаж, пожарную сигнализацию, огнезащиту, ПНР и документацию в Мглине.;Прометей01 выполняет монтаж, настройку и обслуживание систем безопасности в Мглине: видеонаблюдение, СКУД, пожарную сигнализацию и слаботочные сети. Состав работ зависит от типа объекта, требований к доступу, пожарной безопасности и документации.;draft
biryuch;Бирюч;Белгородская область;Бирюче;Системы безопасности в Бирюче | Прометей01;Прометей01 выполняет видеонаблюдение, СКУД, слаботочные сети, электромонтаж, пожарную сигнализацию, огнезащиту, ПНР и документацию в Бирюче.;Прометей01 выполняет монтаж, настройку и обслуживание систем безопасности в Бирюче: видеонаблюдение, СКУД, пожарную сигнализацию и слаботочные сети. Состав работ зависит от типа объекта, требований к доступу, пожарной безопасности и документации.;draft
lahdenpohya;Лахденпохья;Республика Карелия;Лахденпохье;Системы безопасности в Лахденпохье | Прометей01;Прометей01 выполняет видеонаблюдение, СКУД, слаботочные сети, электромонтаж, пожарную сигнализацию, огнезащиту, ПНР и документацию в Лахденпохье.;Прометей01 выполняет монтаж, настройку и обслуживание систем безопасности в Лахденпохье: видеонаблюдение, СКУД, пожарную сигнализацию и слаботочные сети. Состав работ зависит от типа объекта, требований к доступу, пожарной безопасности и документации.;draft
alupka;Алупка;Республика Крым;Алупке;Системы безопасности в Алупке | Прометей01;Прометей01 выполняет видеонаблюдение, СКУД, слаботочные сети, электромонтаж, пожарную сигнализацию, огнезащиту, ПНР и документацию в Алупке.;Прометей01 выполняет монтаж, настройку и обслуживание систем безопасности в Алупке: видеонаблюдение, СКУД, пожарную сигнализацию и слаботочные сети. Состав работ зависит от типа объекта, требований к доступу, пожарной безопасности и документации.;draft
mamonovo;Мамоново;Калининградская область;Мамоново;Системы безопасности в Мамоново | Прометей01;Прометей01 выполняет видеонаблюдение, СКУД, слаботочные сети, электромонтаж, пожарную сигнализацию, огнезащиту, ПНР и документацию в Мамоново.;Прометей01 выполняет монтаж, настройку и обслуживание систем безопасности в Мамоново: видеонаблюдение, СКУД, пожарную сигнализацию и слаботочные сети. Состав работ зависит от типа объекта, требований к доступу, пожарной безопасности и документации.;draft
spassk-ryazanskiy;Спасск-Рязанский;Рязанская область;Спасске-Рязанском;Системы безопасности в Спасске-Рязанском | Прометей01;Прометей01 выполняет видеонаблюдение, СКУД, слаботочные сети, электромонтаж, пожарную сигнализацию, огнезащиту, ПНР и документацию в Спасске-Рязанском.;Прометей01 выполняет монтаж, настройку и обслуживание систем безопасности в Спасске-Рязанском: видеонаблюдение, СКУД, пожарную сигнализацию и слаботочные сети. Состав работ зависит от типа объекта, требований к доступу, пожарной безопасности и документации.;draft
kirillov;Кириллов;Вологодская область;Кириллове;Системы безопасности в Кириллове | Прометей01;Прометей01 выполняет видеонаблюдение, СКУД, слаботочные сети, электромонтаж, пожарную сигнализацию, огнезащиту, ПНР и документацию в Кириллове.;Прометей01 выполняет монтаж, настройку и обслуживание систем безопасности в Кириллове: видеонаблюдение, СКУД, пожарную сигнализацию и слаботочные сети. Состав работ зависит от типа объекта, требований к доступу, пожарной безопасности и документации.;draft
laishevo;Лаишево;Республика Татарстан;Лаишево;Системы безопасности в Лаишево | Прометей01;Прометей01 выполняет видеонаблюдение, СКУД, слаботочные сети, электромонтаж, пожарную сигнализацию, огнезащиту, ПНР и документацию в Лаишево.;Прометей01 выполняет монтаж, настройку и обслуживание систем безопасности в Лаишево: видеонаблюдение, СКУД, пожарную сигнализацию и слаботочные сети. Состав работ зависит от типа объекта, требований к доступу, пожарной безопасности и документации.;draft
dmitriev;Дмитриев;Курская область;Дмитриеве;Системы безопасности в Дмитриеве | Прометей01;Прометей01 выполняет видеонаблюдение, СКУД, слаботочные сети, электромонтаж, пожарную сигнализацию, огнезащиту, ПНР и документацию в Дмитриеве.;Прометей01 выполняет монтаж, настройку и обслуживание систем безопасности в Дмитриеве: видеонаблюдение, СКУД, пожарную сигнализацию и слаботочные сети. Состав работ зависит от типа объекта, требований к доступу, пожарной безопасности и документации.;draft
velizh;Велиж;Смоленская область;Велиже;Системы безопасности в Велиже | Прометей01;Прометей01 выполняет видеонаблюдение, СКУД, слаботочные сети, электромонтаж, пожарную сигнализацию, огнезащиту, ПНР и документацию в Велиже.;Прометей01 выполняет монтаж, настройку и обслуживание систем безопасности в Велиже: видеонаблюдение, СКУД, пожарную сигнализацию и слаботочные сети. Состав работ зависит от типа объекта, требований к доступу, пожарной безопасности и документации.;draft
ohansk;Оханск;Пермский край;Оханске;Системы безопасности в Оханске | Прометей01;Прометей01 выполняет видеонаблюдение, СКУД, слаботочные сети, электромонтаж, пожарную сигнализацию, огнезащиту, ПНР и документацию в Оханске.;Прометей01 выполняет монтаж, настройку и обслуживание систем безопасности в Оханске: видеонаблюдение, СКУД, пожарную сигнализацию и слаботочные сети. Состав работ зависит от типа объекта, требований к доступу, пожарной безопасности и документации.;draft
polessk;Полесск;Калининградская область;Полесске;Системы безопасности в Полесске | Прометей01;Прометей01 выполняет видеонаблюдение, СКУД, слаботочные сети, электромонтаж, пожарную сигнализацию, огнезащиту, ПНР и документацию в Полесске.;Прометей01 выполняет монтаж, настройку и обслуживание систем безопасности в Полесске: видеонаблюдение, СКУД, пожарную сигнализацию и слаботочные сети. Состав работ зависит от типа объекта, требований к доступу, пожарной безопасности и документации.;draft
spassk;Спасск;Пензенская область;Спасске;Системы безопасности в Спасске | Прометей01;Прометей01 выполняет видеонаблюдение, СКУД, слаботочные сети, электромонтаж, пожарную сигнализацию, огнезащиту, ПНР и документацию в Спасске.;Прометей01 выполняет монтаж, настройку и обслуживание систем безопасности в Спасске: видеонаблюдение, СКУД, пожарную сигнализацию и слаботочные сети. Состав работ зависит от типа объекта, требований к доступу, пожарной безопасности и документации.;draft
demidov;Демидов;Смоленская область;Демидове;Системы безопасности в Демидове | Прометей01;Прометей01 выполняет видеонаблюдение, СКУД, слаботочные сети, электромонтаж, пожарную сигнализацию, огнезащиту, ПНР и документацию в Демидове.;Прометей01 выполняет монтаж, настройку и обслуживание систем безопасности в Демидове: видеонаблюдение, СКУД, пожарную сигнализацию и слаботочные сети. Состав работ зависит от типа объекта, требований к доступу, пожарной безопасности и документации.;draft
vesegonsk;Весьегонск;Тверская область;Весьегонске;Системы безопасности в Весьегонске | Прометей01;Прометей01 выполняет видеонаблюдение, СКУД, слаботочные сети, электромонтаж, пожарную сигнализацию, огнезащиту, ПНР и документацию в Весьегонске.;Прометей01 выполняет монтаж, настройку и обслуживание систем безопасности в Весьегонске: видеонаблюдение, СКУД, пожарную сигнализацию и слаботочные сети. Состав работ зависит от типа объекта, требований к доступу, пожарной безопасности и документации.;draft
sevsk;Севск;Брянская область;Севске;Системы безопасности в Севске | Прометей01;Прометей01 выполняет видеонаблюдение, СКУД, слаботочные сети, электромонтаж, пожарную сигнализацию, огнезащиту, ПНР и документацию в Севске.;Прометей01 выполняет монтаж, настройку и обслуживание систем безопасности в Севске: видеонаблюдение, СКУД, пожарную сигнализацию и слаботочные сети. Состав работ зависит от типа объекта, требований к доступу, пожарной безопасности и документации.;draft
temnikov;Темников;Республика Мордовия;Темникове;Системы безопасности в Темникове | Прометей01;Прометей01 выполняет видеонаблюдение, СКУД, слаботочные сети, электромонтаж, пожарную сигнализацию, огнезащиту, ПНР и документацию в Темникове.;Прометей01 выполняет монтаж, настройку и обслуживание систем безопасности в Темникове: видеонаблюдение, СКУД, пожарную сигнализацию и слаботочные сети. Состав работ зависит от типа объекта, требований к доступу, пожарной безопасности и документации.;draft
makarev;Макарьев;Костромская область;Макарьеве;Системы безопасности в Макарьеве | Прометей01;Прометей01 выполняет видеонаблюдение, СКУД, слаботочные сети, электромонтаж, пожарную сигнализацию, огнезащиту, ПНР и документацию в Макарьеве.;Прометей01 выполняет монтаж, настройку и обслуживание систем безопасности в Макарьеве: видеонаблюдение, СКУД, пожарную сигнализацию и слаботочные сети. Состав работ зависит от типа объекта, требований к доступу, пожарной безопасности и документации.;draft
yuhnov;Юхнов;Калужская область;Юхнове;Системы безопасности в Юхнове | Прометей01;Прометей01 выполняет видеонаблюдение, СКУД, слаботочные сети, электромонтаж, пожарную сигнализацию, огнезащиту, ПНР и документацию в Юхнове.;Прометей01 выполняет монтаж, настройку и обслуживание систем безопасности в Юхнове: видеонаблюдение, СКУД, пожарную сигнализацию и слаботочные сети. Состав работ зависит от типа объекта, требований к доступу, пожарной безопасности и документации.;draft
sursk;Сурск;Пензенская область;Сурске;Системы безопасности в Сурске | Прометей01;Прометей01 выполняет видеонаблюдение, СКУД, слаботочные сети, электромонтаж, пожарную сигнализацию, огнезащиту, ПНР и документацию в Сурске.;Прометей01 выполняет монтаж, настройку и обслуживание систем безопасности в Сурске: видеонаблюдение, СКУД, пожарную сигнализацию и слаботочные сети. Состав работ зависит от типа объекта, требований к доступу, пожарной безопасности и документации.;draft
krasavino;Красавино;Вологодская область;Красавино;Системы безопасности в Красавино | Прометей01;Прометей01 выполняет видеонаблюдение, СКУД, слаботочные сети, электромонтаж, пожарную сигнализацию, огнезащиту, ПНР и документацию в Красавино.;Прометей01 выполняет монтаж, настройку и обслуживание систем безопасности в Красавино: видеонаблюдение, СКУД, пожарную сигнализацию и слаботочные сети. Состав работ зависит от типа объекта, требований к доступу, пожарной безопасности и документации.;draft
orlov;Орлов;Кировская область;Орлове;Системы безопасности в Орлове | Прометей01;Прометей01 выполняет видеонаблюдение, СКУД, слаботочные сети, электромонтаж, пожарную сигнализацию, огнезащиту, ПНР и документацию в Орлове.;Прометей01 выполняет монтаж, настройку и обслуживание систем безопасности в Орлове: видеонаблюдение, СКУД, пожарную сигнализацию и слаботочные сети. Состав работ зависит от типа объекта, требований к доступу, пожарной безопасности и документации.;draft
sengiley;Сенгилей;Ульяновская область;Сенгилее;Системы безопасности в Сенгилее | Прометей01;Прометей01 выполняет видеонаблюдение, СКУД, слаботочные сети, электромонтаж, пожарную сигнализацию, огнезащиту, ПНР и документацию в Сенгилее.;Прометей01 выполняет монтаж, настройку и обслуживание систем безопасности в Сенгилее: видеонаблюдение, СКУД, пожарную сигнализацию и слаботочные сети. Состав работ зависит от типа объекта, требований к доступу, пожарной безопасности и документации.;draft
zubcov;Зубцов;Тверская область;Зубцове;Системы безопасности в Зубцове | Прометей01;Прометей01 выполняет видеонаблюдение, СКУД, слаботочные сети, электромонтаж, пожарную сигнализацию, огнезащиту, ПНР и документацию в Зубцове.;Прометей01 выполняет монтаж, настройку и обслуживание систем безопасности в Зубцове: видеонаблюдение, СКУД, пожарную сигнализацию и слаботочные сети. Состав работ зависит от типа объекта, требований к доступу, пожарной безопасности и документации.;draft
sretensk;Сретенск;Забайкальский край;Сретенске;Системы безопасности в Сретенске | Прометей01;Прометей01 выполняет видеонаблюдение, СКУД, слаботочные сети, электромонтаж, пожарную сигнализацию, огнезащиту, ПНР и документацию в Сретенске.;Прометей01 выполняет монтаж, настройку и обслуживание систем безопасности в Сретенске: видеонаблюдение, СКУД, пожарную сигнализацию и слаботочные сети. Состав работ зависит от типа объекта, требований к доступу, пожарной безопасности и документации.;draft
novohopersk;Новохопёрск;Воронежская область;Новохопёрске;Системы безопасности в Новохопёрске | Прометей01;Прометей01 выполняет видеонаблюдение, СКУД, слаботочные сети, электромонтаж, пожарную сигнализацию, огнезащиту, ПНР и документацию в Новохопёрске.;Прометей01 выполняет монтаж, настройку и обслуживание систем безопасности в Новохопёрске: видеонаблюдение, СКУД, пожарную сигнализацию и слаботочные сети. Состав работ зависит от типа объекта, требований к доступу, пожарной безопасности и документации.;draft
kurlovo;Курлово;Владимирская область;Курлово;Системы безопасности в Курлово | Прометей01;Прометей01 выполняет видеонаблюдение, СКУД, слаботочные сети, электромонтаж, пожарную сигнализацию, огнезащиту, ПНР и документацию в Курлово.;Прометей01 выполняет монтаж, настройку и обслуживание систем безопасности в Курлово: видеонаблюдение, СКУД, пожарную сигнализацию и слаботочные сети. Состав работ зависит от типа объекта, требований к доступу, пожарной безопасности и документации.;draft
makarov;Макаров;Сахалинская область;Макарове;Системы безопасности в Макарове | Прометей01;Прометей01 выполняет видеонаблюдение, СКУД, слаботочные сети, электромонтаж, пожарную сигнализацию, огнезащиту, ПНР и документацию в Макарове.;Прометей01 выполняет монтаж, настройку и обслуживание систем безопасности в Макарове: видеонаблюдение, СКУД, пожарную сигнализацию и слаботочные сети. Состав работ зависит от типа объекта, требований к доступу, пожарной безопасности и документации.;draft
kamennogorsk;Каменногорск;Ленинградская область;Каменногорске;Системы безопасности в Каменногорске | Прометей01;Прометей01 выполняет видеонаблюдение, СКУД, слаботочные сети, электромонтаж, пожарную сигнализацию, огнезащиту, ПНР и документацию в Каменногорске.;Прометей01 выполняет монтаж, настройку и обслуживание систем безопасности в Каменногорске: видеонаблюдение, СКУД, пожарную сигнализацию и слаботочные сети. Состав работ зависит от типа объекта, требований к доступу, пожарной безопасности и документации.;draft
murashi;Мураши;Кировская область;Мурашах;Системы безопасности в Мурашах | Прометей01;Прометей01 выполняет видеонаблюдение, СКУД, слаботочные сети, электромонтаж, пожарную сигнализацию, огнезащиту, ПНР и документацию в Мурашах.;Прометей01 выполняет монтаж, настройку и обслуживание систем безопасности в Мурашах: видеонаблюдение, СКУД, пожарную сигнализацию и слаботочные сети. Состав работ зависит от типа объекта, требований к доступу, пожарной безопасности и документации.;draft
alzamay;Алзамай;Иркутская область;Алзамае;Системы безопасности в Алзамае | Прометей01;Прометей01 выполняет видеонаблюдение, СКУД, слаботочные сети, электромонтаж, пожарную сигнализацию, огнезащиту, ПНР и документацию в Алзамае.;Прометей01 выполняет монтаж, настройку и обслуживание систем безопасности в Алзамае: видеонаблюдение, СКУД, пожарную сигнализацию и слаботочные сети. Состав работ зависит от типа объекта, требований к доступу, пожарной безопасности и документации.;draft
knyaginino;Княгинино;Нижегородская область;Княгинино;Системы безопасности в Княгинино | Прометей01;Прометей01 выполняет видеонаблюдение, СКУД, слаботочные сети, электромонтаж, пожарную сигнализацию, огнезащиту, ПНР и документацию в Княгинино.;Прометей01 выполняет монтаж, настройку и обслуживание систем безопасности в Княгинино: видеонаблюдение, СКУД, пожарную сигнализацию и слаботочные сети. Состав работ зависит от типа объекта, требований к доступу, пожарной безопасности и документации.;draft
shack;Шацк;Рязанская область;Шацке;Системы безопасности в Шацке | Прометей01;Прометей01 выполняет видеонаблюдение, СКУД, слаботочные сети, электромонтаж, пожарную сигнализацию, огнезащиту и ПНР в Шацке для объектов разного типа.;Прометей01 выполняет монтаж, настройку и обслуживание систем безопасности в Шацке: видеонаблюдение, СКУД, пожарную сигнализацию и слаботочные сети. Состав работ зависит от типа объекта, требований к доступу, пожарной безопасности и документации.;draft
soligalich;Солигалич;Костромская область;Солигаличе;Системы безопасности в Солигаличе | Прометей01;Прометей01 выполняет видеонаблюдение, СКУД, слаботочные сети, электромонтаж, пожарную сигнализацию, огнезащиту, ПНР и документацию в Солигаличе.;Прометей01 выполняет монтаж, настройку и обслуживание систем безопасности в Солигаличе: видеонаблюдение, СКУД, пожарную сигнализацию и слаботочные сети. Состав работ зависит от типа объекта, требований к доступу, пожарной безопасности и документации.;draft
gavrilov-posad;Гаврилов Посад;Ивановская область;Гавриловом Посаде;Системы безопасности в Гавриловом Посаде | Прометей01;Прометей01 выполняет видеонаблюдение, СКУД, слаботочные сети, электромонтаж, пожарную сигнализацию, огнезащиту, ПНР и документацию в Гавриловом Посаде.;Прометей01 выполняет монтаж, настройку и обслуживание систем безопасности в Гавриловом Посаде: видеонаблюдение, СКУД, пожарную сигнализацию и слаботочные сети. Состав работ зависит от типа объекта, требований к доступу, пожарной безопасности и документации.;draft
bagrationovsk;Багратионовск;Калининградская область;Багратионовске;Системы безопасности в Багратионовске | Прометей01;Прометей01 выполняет видеонаблюдение, СКУД, слаботочные сети, электромонтаж, пожарную сигнализацию, огнезащиту, ПНР и документацию в Багратионовске.;Прометей01 выполняет монтаж, настройку и обслуживание систем безопасности в Багратионовске: видеонаблюдение, СКУД, пожарную сигнализацию и слаботочные сети. Состав работ зависит от типа объекта, требований к доступу, пожарной безопасности и документации.;draft
sebezh;Себеж;Псковская область;Себеже;Системы безопасности в Себеже | Прометей01;Прометей01 выполняет видеонаблюдение, СКУД, слаботочные сети, электромонтаж, пожарную сигнализацию, огнезащиту, ПНР и документацию в Себеже.;Прометей01 выполняет монтаж, настройку и обслуживание систем безопасности в Себеже: видеонаблюдение, СКУД, пожарную сигнализацию и слаботочные сети. Состав работ зависит от типа объекта, требований к доступу, пожарной безопасности и документации.;draft
grayvoron;Грайворон;Белгородская область;Грайвороне;Системы безопасности в Грайвороне | Прометей01;Прометей01 выполняет видеонаблюдение, СКУД, слаботочные сети, электромонтаж, пожарную сигнализацию, огнезащиту, ПНР и документацию в Грайвороне.;Прометей01 выполняет монтаж, настройку и обслуживание систем безопасности в Грайвороне: видеонаблюдение, СКУД, пожарную сигнализацию и слаботочные сети. Состав работ зависит от типа объекта, требований к доступу, пожарной безопасности и документации.;draft
ciolkovskiy;Циолковский;Амурская область;Циолковском;Системы безопасности в Циолковском | Прометей01;Прометей01 выполняет видеонаблюдение, СКУД, слаботочные сети, электромонтаж, пожарную сигнализацию, огнезащиту, ПНР и документацию в Циолковском.;Прометей01 выполняет монтаж, настройку и обслуживание систем безопасности в Циолковском: видеонаблюдение, СКУД, пожарную сигнализацию и слаботочные сети. Состав работ зависит от типа объекта, требований к доступу, пожарной безопасности и документации.;draft
igarka;Игарка;Красноярский край;Игарке;Системы безопасности в Игарке | Прометей01;Прометей01 выполняет видеонаблюдение, СКУД, слаботочные сети, электромонтаж, пожарную сигнализацию, огнезащиту, ПНР и документацию в Игарке.;Прометей01 выполняет монтаж, настройку и обслуживание систем безопасности в Игарке: видеонаблюдение, СКУД, пожарную сигнализацию и слаботочные сети. Состав работ зависит от типа объекта, требований к доступу, пожарной безопасности и документации.;draft
primorsk;Приморск;Ленинградская область;Приморске;Системы безопасности в Приморске | Прометей01;Прометей01 выполняет видеонаблюдение, СКУД, слаботочные сети, электромонтаж, пожарную сигнализацию, огнезащиту, ПНР и документацию в Приморске.;Прометей01 выполняет монтаж, настройку и обслуживание систем безопасности в Приморске: видеонаблюдение, СКУД, пожарную сигнализацию и слаботочные сети. Состав работ зависит от типа объекта, требований к доступу, пожарной безопасности и документации.;draft
poshehone;Пошехонье;Ярославская область;Пошехонье;Системы безопасности в Пошехонье | Прометей01;Прометей01 выполняет видеонаблюдение, СКУД, слаботочные сети, электромонтаж, пожарную сигнализацию, огнезащиту, ПНР и документацию в Пошехонье.;Прометей01 выполняет монтаж, настройку и обслуживание систем безопасности в Пошехонье: видеонаблюдение, СКУД, пожарную сигнализацию и слаботочные сети. Состав работ зависит от типа объекта, требований к доступу, пожарной безопасности и документации.;draft
shihany;Шиханы;Саратовская область;Шиханах;Системы безопасности в Шиханах | Прометей01;Прометей01 выполняет видеонаблюдение, СКУД, слаботочные сети, электромонтаж, пожарную сигнализацию, огнезащиту, ПНР и документацию в Шиханах.;Прометей01 выполняет монтаж, настройку и обслуживание систем безопасности в Шиханах: видеонаблюдение, СКУД, пожарную сигнализацию и слаботочные сети. Состав работ зависит от типа объекта, требований к доступу, пожарной безопасности и документации.;draft
sudzha;Суджа;Курская область;Судже;Системы безопасности в Судже | Прометей01;Прометей01 выполняет видеонаблюдение, СКУД, слаботочные сети, электромонтаж, пожарную сигнализацию, огнезащиту и ПНР в Судже для объектов разного типа.;Прометей01 выполняет монтаж, настройку и обслуживание систем безопасности в Судже: видеонаблюдение, СКУД, пожарную сигнализацию и слаботочные сети. Состав работ зависит от типа объекта, требований к доступу, пожарной безопасности и документации.;draft
dmitrovsk;Дмитровск;Орловская область;Дмитровске;Системы безопасности в Дмитровске | Прометей01;Прометей01 выполняет видеонаблюдение, СКУД, слаботочные сети, электромонтаж, пожарную сигнализацию, огнезащиту, ПНР и документацию в Дмитровске.;Прометей01 выполняет монтаж, настройку и обслуживание систем безопасности в Дмитровске: видеонаблюдение, СКУД, пожарную сигнализацию и слаботочные сети. Состав работ зависит от типа объекта, требований к доступу, пожарной безопасности и документации.;draft
myshkin;Мышкин;Ярославская область;Мышкине;Системы безопасности в Мышкине | Прометей01;Прометей01 выполняет видеонаблюдение, СКУД, слаботочные сети, электромонтаж, пожарную сигнализацию, огнезащиту, ПНР и документацию в Мышкине.;Прометей01 выполняет монтаж, настройку и обслуживание систем безопасности в Мышкине: видеонаблюдение, СКУД, пожарную сигнализацию и слаботочные сети. Состав работ зависит от типа объекта, требований к доступу, пожарной безопасности и документации.;draft
spas-klepiki;Спас-Клепики;Рязанская область;Спас-Клепиках;Системы безопасности в Спас-Клепиках | Прометей01;Прометей01 выполняет видеонаблюдение, СКУД, слаботочные сети, электромонтаж, пожарную сигнализацию, огнезащиту, ПНР и документацию в Спас-Клепиках.;Прометей01 выполняет монтаж, настройку и обслуживание систем безопасности в Спас-Клепиках: видеонаблюдение, СКУД, пожарную сигнализацию и слаботочные сети. Состав работ зависит от типа объекта, требований к доступу, пожарной безопасности и документации.;draft
korocha;Короча;Белгородская область;Короче;Системы безопасности в Короче | Прометей01;Прометей01 выполняет видеонаблюдение, СКУД, слаботочные сети, электромонтаж, пожарную сигнализацию, огнезащиту, ПНР и документацию в Короче.;Прометей01 выполняет монтаж, настройку и обслуживание систем безопасности в Короче: видеонаблюдение, СКУД, пожарную сигнализацию и слаботочные сети. Состав работ зависит от типа объекта, требований к доступу, пожарной безопасности и документации.;draft
susuman;Сусуман;Магаданская область;Сусумане;Системы безопасности в Сусумане | Прометей01;Прометей01 выполняет видеонаблюдение, СКУД, слаботочные сети, электромонтаж, пожарную сигнализацию, огнезащиту, ПНР и документацию в Сусумане.;Прометей01 выполняет монтаж, настройку и обслуживание систем безопасности в Сусумане: видеонаблюдение, СКУД, пожарную сигнализацию и слаботочные сети. Состав работ зависит от типа объекта, требований к доступу, пожарной безопасности и документации.;draft
pytalovo;Пыталово;Псковская область;Пыталово;Системы безопасности в Пыталово | Прометей01;Прометей01 выполняет видеонаблюдение, СКУД, слаботочные сети, электромонтаж, пожарную сигнализацию, огнезащиту, ПНР и документацию в Пыталово.;Прометей01 выполняет монтаж, настройку и обслуживание систем безопасности в Пыталово: видеонаблюдение, СКУД, пожарную сигнализацию и слаботочные сети. Состав работ зависит от типа объекта, требований к доступу, пожарной безопасности и документации.;draft
shenkursk;Шенкурск;Архангельская область;Шенкурске;Системы безопасности в Шенкурске | Прометей01;Прометей01 выполняет видеонаблюдение, СКУД, слаботочные сети, электромонтаж, пожарную сигнализацию, огнезащиту, ПНР и документацию в Шенкурске.;Прометей01 выполняет монтаж, настройку и обслуживание систем безопасности в Шенкурске: видеонаблюдение, СКУД, пожарную сигнализацию и слаботочные сети. Состав работ зависит от типа объекта, требований к доступу, пожарной безопасности и документации.;draft
usole;Усолье;Пермский край;Усолье;Системы безопасности в Усолье | Прометей01;Прометей01 выполняет видеонаблюдение, СКУД, слаботочные сети, электромонтаж, пожарную сигнализацию, огнезащиту, ПНР и документацию в Усолье.;Прометей01 выполняет монтаж, настройку и обслуживание систем безопасности в Усолье: видеонаблюдение, СКУД, пожарную сигнализацию и слаботочные сети. Состав работ зависит от типа объекта, требований к доступу, пожарной безопасности и документации.;draft
krasnyy-holm;Красный Холм;Тверская область;Красном Холме;Системы безопасности в Красном Холме | Прометей01;Прометей01 выполняет видеонаблюдение, СКУД, слаботочные сети, электромонтаж, пожарную сигнализацию, огнезащиту, ПНР и документацию в Красном Холме.;Прометей01 выполняет монтаж, настройку и обслуживание систем безопасности в Красном Холме: видеонаблюдение, СКУД, пожарная сигнализация, электромонтаж и слаботочные сети. Работы по объектам в Красном Холме планируются с учетом типа помещения, требований к доступу, пожарной безопасности и дальнейшему обслуживанию.;draft
zhizdra;Жиздра;Калужская область;Жиздре;Системы безопасности в Жиздре | Прометей01;Прометей01 выполняет видеонаблюдение, СКУД, слаботочные сети, электромонтаж, пожарную сигнализацию, огнезащиту, ПНР и документацию в Жиздре.;Прометей01 выполняет монтаж, настройку и обслуживание систем безопасности в Жиздре: видеонаблюдение, СКУД, пожарная сигнализация, электромонтаж и слаботочные сети. Работы по объектам в Жиздре планируются с учетом типа помещения, требований к доступу, пожарной безопасности и дальнейшему обслуживанию.;draft
lyubim;Любим;Ярославская область;Любиме;Системы безопасности в Любиме | Прометей01;Прометей01 выполняет видеонаблюдение, СКУД, слаботочные сети, электромонтаж, пожарную сигнализацию, огнезащиту, ПНР и документацию в Любиме.;Прометей01 выполняет монтаж, настройку и обслуживание систем безопасности в Любиме: видеонаблюдение, СКУД, пожарная сигнализация, электромонтаж и слаботочные сети. Работы по объектам в Любиме планируются с учетом типа помещения, требований к доступу, пожарной безопасности и дальнейшему обслуживанию.;draft
zlynka;Злынка;Брянская область;Злынке;Системы безопасности в Злынке | Прометей01;Прометей01 выполняет видеонаблюдение, СКУД, слаботочные сети, электромонтаж, пожарную сигнализацию, огнезащиту, ПНР и документацию в Злынке.;Прометей01 выполняет монтаж, настройку и обслуживание систем безопасности в Злынке: видеонаблюдение, СКУД, пожарная сигнализация, электромонтаж и слаботочные сети. Работы по объектам в Злынке планируются с учетом типа помещения, требований к доступу, пожарной безопасности и дальнейшему обслуживанию.;draft
bilibino;Билибино;Чукотский автономный округ;Билибино;Системы безопасности в Билибино | Прометей01;Прометей01 выполняет видеонаблюдение, СКУД, слаботочные сети, электромонтаж, пожарную сигнализацию, огнезащиту, ПНР и документацию в Билибино.;Прометей01 выполняет монтаж, настройку и обслуживание систем безопасности в Билибино: видеонаблюдение, СКУД, пожарная сигнализация, электромонтаж и слаботочные сети. Работы по объектам в Билибино планируются с учетом типа помещения, требований к доступу, пожарной безопасности и дальнейшему обслуживанию.;draft
fatezh;Фатеж;Курская область;Фатеже;Системы безопасности в Фатеже | Прометей01;Прометей01 выполняет видеонаблюдение, СКУД, слаботочные сети, электромонтаж, пожарную сигнализацию, огнезащиту, ПНР и документацию в Фатеже.;Прометей01 выполняет монтаж, настройку и обслуживание систем безопасности в Фатеже: видеонаблюдение, СКУД, пожарная сигнализация, электромонтаж и слаботочные сети. Работы по объектам в Фатеже планируются с учетом типа помещения, требований к доступу, пожарной безопасности и дальнейшему обслуживанию.;draft
vereya;Верея;Московская область;Верее;Системы безопасности в Верее | Прометей01;Прометей01 выполняет монтаж систем безопасности в Верее: видеонаблюдение, СКУД, слаботочные сети, электромонтаж, пожарная сигнализация, ПНР.;Прометей01 выполняет монтаж, настройку и обслуживание систем безопасности в Верее: видеонаблюдение, СКУД, пожарная сигнализация, электромонтаж и слаботочные сети. Работы по объектам в Верее планируются с учетом типа помещения, требований к доступу, пожарной безопасности и дальнейшему обслуживанию.;draft
chuhloma;Чухлома;Костромская область;Чухломе;Системы безопасности в Чухломе | Прометей01;Прометей01 выполняет видеонаблюдение, СКУД, слаботочные сети, электромонтаж, пожарную сигнализацию, огнезащиту, ПНР и документацию в Чухломе.;Прометей01 выполняет монтаж, настройку и обслуживание систем безопасности в Чухломе: видеонаблюдение, СКУД, пожарная сигнализация, электромонтаж и слаботочные сети. Работы по объектам в Чухломе планируются с учетом типа помещения, требований к доступу, пожарной безопасности и дальнейшему обслуживанию.;draft
turan;Туран;Республика Тыва;Туране;Системы безопасности в Туране | Прометей01;Прометей01 выполняет видеонаблюдение, СКУД, слаботочные сети, электромонтаж, пожарную сигнализацию, огнезащиту, ПНР и документацию в Туране.;Прометей01 выполняет монтаж, настройку и обслуживание систем безопасности в Туране: видеонаблюдение, СКУД, пожарная сигнализация, электромонтаж и слаботочные сети. Работы по объектам в Туране планируются с учетом типа помещения, требований к доступу, пожарной безопасности и дальнейшему обслуживанию.;draft
cherdyn;Чердынь;Пермский край;Чердыни;Системы безопасности в Чердыни | Прометей01;Прометей01 выполняет видеонаблюдение, СКУД, слаботочные сети, электромонтаж, пожарную сигнализацию, огнезащиту, ПНР и документацию в Чердыни.;Прометей01 выполняет монтаж, настройку и обслуживание систем безопасности в Чердыни: видеонаблюдение, СКУД, пожарная сигнализация, электромонтаж и слаботочные сети. Работы по объектам в Чердыни планируются с учетом типа помещения, требований к доступу, пожарной безопасности и дальнейшему обслуживанию.;draft
spas-demensk;Спас-Деменск;Калужская область;Спас-Деменске;Системы безопасности в Спас-Деменске | Прометей01;Прометей01 выполняет видеонаблюдение, СКУД, слаботочные сети, электромонтаж, пожарную сигнализацию, огнезащиту, ПНР и документацию в Спас-Деменске.;Прометей01 выполняет монтаж, настройку и обслуживание систем безопасности в Спас-Деменске: видеонаблюдение, СКУД, пожарная сигнализация, электромонтаж и слаботочные сети. Работы по объектам в Спас-Деменске планируются с учетом типа помещения, требований к доступу, пожарной безопасности и дальнейшему обслуживанию.;draft
kadnikov;Кадников;Вологодская область;Кадникове;Системы безопасности в Кадникове | Прометей01;Прометей01 выполняет видеонаблюдение, СКУД, слаботочные сети, электромонтаж, пожарную сигнализацию, огнезащиту, ПНР и документацию в Кадникове.;Прометей01 выполняет монтаж, настройку и обслуживание систем безопасности в Кадникове: видеонаблюдение, СКУД, пожарная сигнализация, электромонтаж и слаботочные сети. Работы по объектам в Кадникове планируются с учетом типа помещения, требований к доступу, пожарной безопасности и дальнейшему обслуживанию.;draft
pustoshka;Пустошка;Псковская область;Пустошке;Системы безопасности в Пустошке | Прометей01;Прометей01 выполняет видеонаблюдение, СКУД, слаботочные сети, электромонтаж, пожарную сигнализацию, огнезащиту, ПНР и документацию в Пустошке.;Прометей01 выполняет монтаж, настройку и обслуживание систем безопасности в Пустошке: видеонаблюдение, СКУД, пожарная сигнализация, электромонтаж и слаботочные сети. Работы по объектам в Пустошке планируются с учетом типа помещения, требований к доступу, пожарной безопасности и дальнейшему обслуживанию.;draft
slavsk;Славск;Калининградская область;Славске;Системы безопасности в Славске | Прометей01;Прометей01 выполняет видеонаблюдение, СКУД, слаботочные сети, электромонтаж, пожарную сигнализацию, огнезащиту, ПНР и документацию в Славске.;Прометей01 выполняет монтаж, настройку и обслуживание систем безопасности в Славске: видеонаблюдение, СКУД, пожарная сигнализация, электромонтаж и слаботочные сети. Работы по объектам в Славске планируются с учетом типа помещения, требований к доступу, пожарной безопасности и дальнейшему обслуживанию.;draft
nesterov;Нестеров;Калининградская область;Нестерове;Системы безопасности в Нестерове | Прометей01;Прометей01 выполняет видеонаблюдение, СКУД, слаботочные сети, электромонтаж, пожарную сигнализацию, огнезащиту, ПНР и документацию в Нестерове.;Прометей01 выполняет монтаж, настройку и обслуживание систем безопасности в Нестерове: видеонаблюдение, СКУД, пожарная сигнализация, электромонтаж и слаботочные сети. Работы по объектам в Нестерове планируются с учетом типа помещения, требований к доступу, пожарной безопасности и дальнейшему обслуживанию.;draft
babushkin;Бабушкин;Республика Бурятия;Бабушкине;Системы безопасности в Бабушкине | Прометей01;Прометей01 выполняет видеонаблюдение, СКУД, слаботочные сети, электромонтаж, пожарную сигнализацию, огнезащиту, ПНР и документацию в Бабушкине.;Прометей01 выполняет монтаж, настройку и обслуживание систем безопасности в Бабушкине: видеонаблюдение, СКУД, пожарная сигнализация, электромонтаж и слаботочные сети. Работы по объектам в Бабушкине планируются с учетом типа помещения, требований к доступу, пожарной безопасности и дальнейшему обслуживанию.;draft
tomari;Томари;Сахалинская область;Томари;Системы безопасности в Томари | Прометей01;Прометей01 выполняет видеонаблюдение, СКУД, слаботочные сети, электромонтаж, пожарную сигнализацию, огнезащиту, ПНР и документацию в Томари.;Прометей01 выполняет монтаж, настройку и обслуживание систем безопасности в Томари: видеонаблюдение, СКУД, пожарная сигнализация, электромонтаж и слаботочные сети. Работы по объектам в Томари планируются с учетом типа помещения, требований к доступу, пожарной безопасности и дальнейшему обслуживанию.;draft
gdov;Гдов;Псковская область;Гдове;Системы безопасности в Гдове | Прометей01;Прометей01 выполняет монтаж систем безопасности в Гдове: видеонаблюдение, СКУД, слаботочные сети, электромонтаж, пожарная сигнализация, ПНР.;Прометей01 выполняет монтаж, настройку и обслуживание систем безопасности в Гдове: видеонаблюдение, СКУД, пожарная сигнализация, электромонтаж и слаботочные сети. Работы по объектам в Гдове планируются с учетом типа помещения, требований к доступу, пожарной безопасности и дальнейшему обслуживанию.;draft
duhovschina;Духовщина;Смоленская область;Духовщине;Системы безопасности в Духовщине | Прометей01;Прометей01 выполняет видеонаблюдение, СКУД, слаботочные сети, электромонтаж, пожарную сигнализацию, огнезащиту, ПНР и документацию в Духовщине.;Прометей01 выполняет монтаж, настройку и обслуживание систем безопасности в Духовщине: видеонаблюдение, СКУД, пожарная сигнализация, электромонтаж и слаботочные сети. Работы по объектам в Духовщине планируются с учетом типа помещения, требований к доступу, пожарной безопасности и дальнейшему обслуживанию.;draft
pravdinsk;Правдинск;Калининградская область;Правдинске;Системы безопасности в Правдинске | Прометей01;Прометей01 выполняет видеонаблюдение, СКУД, слаботочные сети, электромонтаж, пожарную сигнализацию, огнезащиту, ПНР и документацию в Правдинске.;Прометей01 выполняет монтаж, настройку и обслуживание систем безопасности в Правдинске: видеонаблюдение, СКУД, пожарная сигнализация, электромонтаж и слаботочные сети. Работы по объектам в Правдинске планируются с учетом типа помещения, требований к доступу, пожарной безопасности и дальнейшему обслуживанию.;draft
mosalsk;Мосальск;Калужская область;Мосальске;Системы безопасности в Мосальске | Прометей01;Прометей01 выполняет видеонаблюдение, СКУД, слаботочные сети, электромонтаж, пожарную сигнализацию, огнезащиту, ПНР и документацию в Мосальске.;Прометей01 выполняет монтаж, настройку и обслуживание систем безопасности в Мосальске: видеонаблюдение, СКУД, пожарная сигнализация, электромонтаж и слаботочные сети. Работы по объектам в Мосальске планируются с учетом типа помещения, требований к доступу, пожарной безопасности и дальнейшему обслуживанию.;draft
lyuban;Любань;Ленинградская область;Любани;Системы безопасности в Любани | Прометей01;Прометей01 выполняет видеонаблюдение, СКУД, слаботочные сети, электромонтаж, пожарную сигнализацию, огнезащиту, ПНР и документацию в Любани.;Прометей01 выполняет монтаж, настройку и обслуживание систем безопасности в Любани: видеонаблюдение, СКУД, пожарная сигнализация, электромонтаж и слаботочные сети. Работы по объектам в Любани планируются с учетом типа помещения, требований к доступу, пожарной безопасности и дальнейшему обслуживанию.;draft
pevek;Певек;Чукотский автономный округ;Певеке;Системы безопасности в Певеке | Прометей01;Прометей01 выполняет видеонаблюдение, СКУД, слаботочные сети, электромонтаж, пожарную сигнализацию, огнезащиту, ПНР и документацию в Певеке.;Прометей01 выполняет монтаж, настройку и обслуживание систем безопасности в Певеке: видеонаблюдение, СКУД, пожарная сигнализация, электромонтаж и слаботочные сети. Работы по объектам в Певеке планируются с учетом типа помещения, требований к доступу, пожарной безопасности и дальнейшему обслуживанию.;draft
meschovsk;Мещовск;Калужская область;Мещовске;Системы безопасности в Мещовске | Прометей01;Прометей01 выполняет видеонаблюдение, СКУД, слаботочные сети, электромонтаж, пожарную сигнализацию, огнезащиту, ПНР и документацию в Мещовске.;Прометей01 выполняет монтаж, настройку и обслуживание систем безопасности в Мещовске: видеонаблюдение, СКУД, пожарная сигнализация, электромонтаж и слаботочные сети. Работы по объектам в Мещовске планируются с учетом типа помещения, требований к доступу, пожарной безопасности и дальнейшему обслуживанию.;draft
chermoz;Чёрмоз;Пермский край;Чёрмозе;Системы безопасности в Чёрмозе | Прометей01;Прометей01 выполняет видеонаблюдение, СКУД, слаботочные сети, электромонтаж, пожарную сигнализацию, огнезащиту, ПНР и документацию в Чёрмозе.;Прометей01 выполняет монтаж, настройку и обслуживание систем безопасности в Чёрмозе: видеонаблюдение, СКУД, пожарная сигнализация, электромонтаж и слаботочные сети. Работы по объектам в Чёрмозе планируются с учетом типа помещения, требований к доступу, пожарной безопасности и дальнейшему обслуживанию.;draft
maloarhangelsk;Малоархангельск;Орловская область;Малоархангельске;Системы безопасности в Малоархангельске | Прометей01;Прометей01 выполняет видеонаблюдение, СКУД, слаботочные сети, электромонтаж, пожарную сигнализацию, огнезащиту, ПНР и документацию в Малоархангельске.;Прометей01 выполняет монтаж, настройку и обслуживание систем безопасности в Малоархангельске: видеонаблюдение, СКУД, пожарная сигнализация, электромонтаж и слаботочные сети. Работы по объектам в Малоархангельске планируются с учетом типа помещения, требований к доступу, пожарной безопасности и дальнейшему обслуживанию.;draft
holm;Холм;Новгородская область;Холме;Системы безопасности в Холме | Прометей01;Прометей01 выполняет монтаж систем безопасности в Холме: видеонаблюдение, СКУД, слаботочные сети, электромонтаж, пожарная сигнализация, ПНР.;Прометей01 выполняет монтаж, настройку и обслуживание систем безопасности в Холме: видеонаблюдение, СКУД, пожарная сигнализация, электромонтаж и слаботочные сети. Работы по объектам в Холме планируются с учетом типа помещения, требований к доступу, пожарной безопасности и дальнейшему обслуживанию.;draft
novosil;Новосиль;Орловская область;Новосиле;Системы безопасности в Новосиле | Прометей01;Прометей01 выполняет видеонаблюдение, СКУД, слаботочные сети, электромонтаж, пожарную сигнализацию, огнезащиту, ПНР и документацию в Новосиле.;Прометей01 выполняет монтаж, настройку и обслуживание систем безопасности в Новосиле: видеонаблюдение, СКУД, пожарная сигнализация, электромонтаж и слаботочные сети. Работы по объектам в Новосиле планируются с учетом типа помещения, требований к доступу, пожарной безопасности и дальнейшему обслуживанию.;draft
ladushkin;Ладушкин;Калининградская область;Ладушкине;Системы безопасности в Ладушкине | Прометей01;Прометей01 выполняет видеонаблюдение, СКУД, слаботочные сети, электромонтаж, пожарную сигнализацию, огнезащиту, ПНР и документацию в Ладушкине.;Прометей01 выполняет монтаж, настройку и обслуживание систем безопасности в Ладушкине: видеонаблюдение, СКУД, пожарная сигнализация, электромонтаж и слаботочные сети. Работы по объектам в Ладушкине планируются с учетом типа помещения, требований к доступу, пожарной безопасности и дальнейшему обслуживанию.;draft
belyy;Белый;Тверская область;Белом;Системы безопасности в Белом | Прометей01;Прометей01 выполняет монтаж систем безопасности в Белом: видеонаблюдение, СКУД, слаботочные сети, электромонтаж, пожарная сигнализация, ПНР.;Прометей01 выполняет монтаж, настройку и обслуживание систем безопасности в Белом: видеонаблюдение, СКУД, пожарная сигнализация, электромонтаж и слаботочные сети. Работы по объектам в Белом планируются с учетом типа помещения, требований к доступу, пожарной безопасности и дальнейшему обслуживанию.;draft
novorzhev;Новоржев;Псковская область;Новоржеве;Системы безопасности в Новоржеве | Прометей01;Прометей01 выполняет видеонаблюдение, СКУД, слаботочные сети, электромонтаж, пожарную сигнализацию, огнезащиту, ПНР и документацию в Новоржеве.;Прометей01 выполняет монтаж, настройку и обслуживание систем безопасности в Новоржеве: видеонаблюдение, СКУД, пожарная сигнализация, электромонтаж и слаботочные сети. Работы по объектам в Новоржеве планируются с учетом типа помещения, требований к доступу, пожарной безопасности и дальнейшему обслуживанию.;draft
mezen;Мезень;Архангельская область;Мезени;Системы безопасности в Мезени | Прометей01;Прометей01 выполняет видеонаблюдение, СКУД, слаботочные сети, электромонтаж, пожарную сигнализацию, огнезащиту, ПНР и документацию в Мезени.;Прометей01 выполняет монтаж, настройку и обслуживание систем безопасности в Мезени: видеонаблюдение, СКУД, пожарная сигнализация, электромонтаж и слаботочные сети. Работы по объектам в Мезени планируются с учетом типа помещения, требований к доступу, пожарной безопасности и дальнейшему обслуживанию.;draft
srednekolymsk;Среднеколымск;Республика Саха (Якутия);Среднеколымске;Системы безопасности в Среднеколымске | Прометей01;Прометей01 выполняет видеонаблюдение, СКУД, слаботочные сети, электромонтаж, пожарную сигнализацию, огнезащиту, ПНР и документацию в Среднеколымске.;Прометей01 выполняет монтаж, настройку и обслуживание систем безопасности в Среднеколымске: видеонаблюдение, СКУД, пожарная сигнализация, электромонтаж и слаботочные сети. Работы по объектам в Среднеколымске планируются с учетом типа помещения, требований к доступу, пожарной безопасности и дальнейшему обслуживанию.;draft
kologriv;Кологрив;Костромская область;Кологриве;Системы безопасности в Кологриве | Прометей01;Прометей01 выполняет видеонаблюдение, СКУД, слаботочные сети, электромонтаж, пожарную сигнализацию, огнезащиту, ПНР и документацию в Кологриве.;Прометей01 выполняет монтаж, настройку и обслуживание систем безопасности в Кологриве: видеонаблюдение, СКУД, пожарная сигнализация, электромонтаж и слаботочные сети. Работы по объектам в Кологриве планируются с учетом типа помещения, требований к доступу, пожарной безопасности и дальнейшему обслуживанию.;draft
magas;Магас;Республика Ингушетия;Магасе;Системы безопасности в Магасе | Прометей01;Прометей01 выполняет видеонаблюдение, СКУД, слаботочные сети, электромонтаж, пожарную сигнализацию, огнезащиту, ПНР и документацию в Магасе.;Прометей01 выполняет монтаж, настройку и обслуживание систем безопасности в Магасе: видеонаблюдение, СКУД, пожарная сигнализация, электромонтаж и слаботочные сети. Работы по объектам в Магасе планируются с учетом типа помещения, требований к доступу, пожарной безопасности и дальнейшему обслуживанию.;draft
solvychegodsk;Сольвычегодск;Архангельская область;Сольвычегодске;Системы безопасности в Сольвычегодске | Прометей01;Прометей01 выполняет видеонаблюдение, СКУД, слаботочные сети, электромонтаж, пожарную сигнализацию, огнезащиту, ПНР и документацию в Сольвычегодске.;Прометей01 выполняет монтаж, настройку и обслуживание систем безопасности в Сольвычегодске: видеонаблюдение, СКУД, пожарная сигнализация, электромонтаж и слаботочные сети. Работы по объектам в Сольвычегодске планируются с учетом типа помещения, требований к доступу, пожарной безопасности и дальнейшему обслуживанию.;draft
kedrovyy;Кедровый;Томская область;Кедровом;Системы безопасности в Кедровом | Прометей01;Прометей01 выполняет видеонаблюдение, СКУД, слаботочные сети, электромонтаж, пожарную сигнализацию, огнезащиту, ПНР и документацию в Кедровом.;Прометей01 выполняет монтаж, настройку и обслуживание систем безопасности в Кедровом: видеонаблюдение, СКУД, пожарная сигнализация, электромонтаж и слаботочные сети. Работы по объектам в Кедровом планируются с учетом типа помещения, требований к доступу, пожарной безопасности и дальнейшему обслуживанию.;draft
severo-kurilsk;Северо-Курильск;Сахалинская область;Северо-Курильске;Системы безопасности в Северо-Курильске | Прометей01;Прометей01 выполняет видеонаблюдение, СКУД, слаботочные сети, электромонтаж, пожарную сигнализацию, огнезащиту, ПНР и документацию в Северо-Курильске.;Прометей01 выполняет монтаж, настройку и обслуживание систем безопасности в Северо-Курильске: видеонаблюдение, СКУД, пожарная сигнализация, электромонтаж и слаботочные сети. Работы по объектам в Северо-Курильске планируются с учетом типа помещения, требований к доступу, пожарной безопасности и дальнейшему обслуживанию.;draft
ples;Плёс;Ивановская область;Плёсе;Системы безопасности в Плёсе | Прометей01;Прометей01 выполняет монтаж систем безопасности в Плёсе: видеонаблюдение, СКУД, слаботочные сети, электромонтаж, пожарная сигнализация, ПНР.;Прометей01 выполняет монтаж, настройку и обслуживание систем безопасности в Плёсе: видеонаблюдение, СКУД, пожарная сигнализация, электромонтаж и слаботочные сети. Работы по объектам в Плёсе планируются с учетом типа помещения, требований к доступу, пожарной безопасности и дальнейшему обслуживанию.;draft
gorbatov;Горбатов;Нижегородская область;Горбатове;Системы безопасности в Горбатове | Прометей01;Прометей01 выполняет видеонаблюдение, СКУД, слаботочные сети, электромонтаж, пожарную сигнализацию, огнезащиту, ПНР и документацию в Горбатове.;Прометей01 выполняет монтаж, настройку и обслуживание систем безопасности в Горбатове: видеонаблюдение, СКУД, пожарная сигнализация, электромонтаж и слаботочные сети. Работы по объектам в Горбатове планируются с учетом типа помещения, требований к доступу, пожарной безопасности и дальнейшему обслуживанию.;draft
artemovsk;Артёмовск;Красноярский край;Артёмовске;Системы безопасности в Артёмовске | Прометей01;Прометей01 выполняет видеонаблюдение, СКУД, слаботочные сети, электромонтаж, пожарную сигнализацию, огнезащиту, ПНР и документацию в Артёмовске.;Прометей01 выполняет монтаж, настройку и обслуживание систем безопасности в Артёмовске: видеонаблюдение, СКУД, пожарная сигнализация, электромонтаж и слаботочные сети. Работы по объектам в Артёмовске планируются с учетом типа помещения, требований к доступу, пожарной безопасности и дальнейшему обслуживанию.;draft
ostrovnoy;Островной;Мурманская область;Островном;Системы безопасности в Островном | Прометей01;Прометей01 выполняет видеонаблюдение, СКУД, слаботочные сети, электромонтаж, пожарную сигнализацию, огнезащиту, ПНР и документацию в Островном.;Прометей01 выполняет монтаж, настройку и обслуживание систем безопасности в Островном: видеонаблюдение, СКУД, пожарная сигнализация, электромонтаж и слаботочные сети. Работы по объектам в Островном планируются с учетом типа помещения, требований к доступу, пожарной безопасности и дальнейшему обслуживанию.;draft
kurilsk;Курильск;Сахалинская область;Курильске;Системы безопасности в Курильске | Прометей01;Прометей01 выполняет видеонаблюдение, СКУД, слаботочные сети, электромонтаж, пожарную сигнализацию, огнезащиту, ПНР и документацию в Курильске.;Прометей01 выполняет монтаж, настройку и обслуживание систем безопасности в Курильске: видеонаблюдение, СКУД, пожарная сигнализация, электромонтаж и слаботочные сети. Работы по объектам в Курильске планируются с учетом типа помещения, требований к доступу, пожарной безопасности и дальнейшему обслуживанию.;draft
verhoyansk;Верхоянск;Республика Саха (Якутия);Верхоянске;Системы безопасности в Верхоянске | Прометей01;Прометей01 выполняет видеонаблюдение, СКУД, слаботочные сети, электромонтаж, пожарную сигнализацию, огнезащиту, ПНР и документацию в Верхоянске.;Прометей01 выполняет монтаж, настройку и обслуживание систем безопасности в Верхоянске: видеонаблюдение, СКУД, пожарная сигнализация, электромонтаж и слаботочные сети. Работы по объектам в Верхоянске планируются с учетом типа помещения, требований к доступу, пожарной безопасности и дальнейшему обслуживанию.;draft
vysock;Высоцк;Ленинградская область;Высоцке;Системы безопасности в Высоцке | Прометей01;Прометей01 выполняет видеонаблюдение, СКУД, слаботочные сети, электромонтаж, пожарную сигнализацию, огнезащиту, ПНР и документацию в Высоцке.;Прометей01 выполняет монтаж, настройку и обслуживание систем безопасности в Высоцке: видеонаблюдение, СКУД, пожарная сигнализация, электромонтаж и слаботочные сети. Работы по объектам в Высоцке планируются с учетом типа помещения, требований к доступу, пожарной безопасности и дальнейшему обслуживанию.;draft
chekalin;Чекалин;Тульская область;Чекалине;Системы безопасности в Чекалине | Прометей01;Прометей01 выполняет видеонаблюдение, СКУД, слаботочные сети, электромонтаж, пожарную сигнализацию, огнезащиту, ПНР и документацию в Чекалине.;Прометей01 выполняет монтаж, настройку и обслуживание систем безопасности в Чекалине: видеонаблюдение, СКУД, пожарная сигнализация, электромонтаж и слаботочные сети. Работы по объектам в Чекалине планируются с учетом типа помещения, требований к доступу, пожарной безопасности и дальнейшему обслуживанию.;draft
innopolis;Иннополис;Республика Татарстан;Иннополисе;Системы безопасности в Иннополисе | Прометей01;Прометей01 выполняет видеонаблюдение, СКУД, слаботочные сети, электромонтаж, пожарную сигнализацию, огнезащиту, ПНР и документацию в Иннополисе.;Прометей01 выполняет монтаж, настройку и обслуживание систем безопасности в Иннополисе: видеонаблюдение, СКУД, пожарная сигнализация, электромонтаж и слаботочные сети. Работы по объектам в Иннополисе планируются с учетом типа помещения, требований к доступу, пожарной безопасности и дальнейшему обслуживанию.;draft
moskovskaya-oblast;Московская область;Московская область;Московской области;Системы безопасности в Московской области | Прометей01;Прометей01 выполняет видеонаблюдение, СКУД, слаботочные сети, электромонтаж, пожарную сигнализацию, огнезащиту, ПНР и документацию в Московской области.;Прометей01 выполняет монтаж, настройку и обслуживание систем безопасности в Московской области: видеонаблюдение, СКУД, пожарная сигнализация, электромонтаж и слаботочные сети. Работы по объектам в Московской области планируются с учетом типа помещения, требований к доступу, пожарной безопасности и дальнейшему обслуживанию.;draft
krasnodarskiy-kray;Краснодарский край;Краснодарский край;Краснодарском крае;Системы безопасности в Краснодарском крае | Прометей01;Прометей01 выполняет видеонаблюдение, СКУД, слаботочные сети, электромонтаж, пожарную сигнализацию, огнезащиту, ПНР и документацию в Краснодарском крае.;Прометей01 выполняет монтаж, настройку и обслуживание систем безопасности в Краснодарском крае: видеонаблюдение, СКУД, пожарная сигнализация, электромонтаж и слаботочные сети. Работы по объектам в Краснодарском крае планируются с учетом типа помещения, требований к доступу, пожарной безопасности и дальнейшему обслуживанию.;draft
sverdlovskaya-oblast;Свердловская область;Свердловская область;Свердловской области;Системы безопасности в Свердловской области | Прометей01;Прометей01 выполняет видеонаблюдение, СКУД, слаботочные сети, электромонтаж, пожарную сигнализацию, огнезащиту, ПНР и документацию в Свердловской области.;Прометей01 выполняет монтаж, настройку и обслуживание систем безопасности в Свердловской области: видеонаблюдение, СКУД, пожарная сигнализация, электромонтаж и слаботочные сети. Работы по объектам в Свердловской области планируются с учетом типа помещения, требований к доступу, пожарной безопасности и дальнейшему обслуживанию.;draft
rostovskaya-oblast;Ростовская область;Ростовская область;Ростовской области;Системы безопасности в Ростовской области | Прометей01;Прометей01 выполняет видеонаблюдение, СКУД, слаботочные сети, электромонтаж, пожарную сигнализацию, огнезащиту, ПНР и документацию в Ростовской области.;Прометей01 выполняет монтаж, настройку и обслуживание систем безопасности в Ростовской области: видеонаблюдение, СКУД, пожарная сигнализация, электромонтаж и слаботочные сети. Работы по объектам в Ростовской области планируются с учетом типа помещения, требований к доступу, пожарной безопасности и дальнейшему обслуживанию.;draft
respublika-bashkortostan;Республика Башкортостан;Республика Башкортостан;Республике Башкортостан;Системы безопасности в Республике Башкортостан | Прометей01;Прометей01 выполняет видеонаблюдение, СКУД, слаботочные сети, электромонтаж, пожарную сигнализацию, огнезащиту, ПНР и документацию в Республике Башкортостан.;Прометей01 выполняет монтаж, настройку и обслуживание систем безопасности в Республике Башкортостан: видеонаблюдение, СКУД, пожарная сигнализация, электромонтаж и слаботочные сети. Работы по объектам в Республике Башкортостан планируются с учетом типа помещения, требований к доступу, пожарной безопасности и дальнейшему обслуживанию.;draft
respublika-tatarstan;Республика Татарстан;Республика Татарстан;Республике Татарстан;Системы безопасности в Республике Татарстан | Прометей01;Прометей01 выполняет видеонаблюдение, СКУД, слаботочные сети, электромонтаж, пожарную сигнализацию, огнезащиту, ПНР и документацию в Республике Татарстан.;Прометей01 выполняет монтаж, настройку и обслуживание систем безопасности в Республике Татарстан: видеонаблюдение, СКУД, пожарная сигнализация, электромонтаж и слаботочные сети. Работы по объектам в Республике Татарстан планируются с учетом типа помещения, требований к доступу, пожарной безопасности и дальнейшему обслуживанию.;draft
chelyabinskaya-oblast;Челябинская область;Челябинская область;Челябинской области;Системы безопасности в Челябинской области | Прометей01;Прометей01 выполняет видеонаблюдение, СКУД, слаботочные сети, электромонтаж, пожарную сигнализацию, огнезащиту, ПНР и документацию в Челябинской области.;Прометей01 выполняет монтаж, настройку и обслуживание систем безопасности в Челябинской области: видеонаблюдение, СКУД, пожарная сигнализация, электромонтаж и слаботочные сети. Работы по объектам в Челябинской области планируются с учетом типа помещения, требований к доступу, пожарной безопасности и дальнейшему обслуживанию.;draft
nizhegorodskaya-oblast;Нижегородская область;Нижегородская область;Нижегородской области;Системы безопасности в Нижегородской области | Прометей01;Прометей01 выполняет видеонаблюдение, СКУД, слаботочные сети, электромонтаж, пожарную сигнализацию, огнезащиту, ПНР и документацию в Нижегородской области.;Прометей01 выполняет монтаж, настройку и обслуживание систем безопасности в Нижегородской области: видеонаблюдение, СКУД, пожарная сигнализация, электромонтаж и слаботочные сети. Работы по объектам в Нижегородской области планируются с учетом типа помещения, требований к доступу, пожарной безопасности и дальнейшему обслуживанию.;draft
samarskaya-oblast;Самарская область;Самарская область;Самарской области;Системы безопасности в Самарской области | Прометей01;Прометей01 выполняет видеонаблюдение, СКУД, слаботочные сети, электромонтаж, пожарную сигнализацию, огнезащиту, ПНР и документацию в Самарской области.;Прометей01 выполняет монтаж, настройку и обслуживание систем безопасности в Самарской области: видеонаблюдение, СКУД, пожарная сигнализация, электромонтаж и слаботочные сети. Работы по объектам в Самарской области планируются с учетом типа помещения, требований к доступу, пожарной безопасности и дальнейшему обслуживанию.;draft
respublika-dagestan;Республика Дагестан;Республика Дагестан;Республике Дагестан;Системы безопасности в Республике Дагестан | Прометей01;Прометей01 выполняет видеонаблюдение, СКУД, слаботочные сети, электромонтаж, пожарную сигнализацию, огнезащиту, ПНР и документацию в Республике Дагестан.;Прометей01 выполняет монтаж, настройку и обслуживание систем безопасности в Республике Дагестан: видеонаблюдение, СКУД, пожарная сигнализация, электромонтаж и слаботочные сети. Работы по объектам в Республике Дагестан планируются с учетом типа помещения, требований к доступу, пожарной безопасности и дальнейшему обслуживанию.;draft
krasnoyarskiy-kray;Красноярский край;Красноярский край;Красноярском крае;Системы безопасности в Красноярском крае | Прометей01;Прометей01 выполняет видеонаблюдение, СКУД, слаботочные сети, электромонтаж, пожарную сигнализацию, огнезащиту, ПНР и документацию в Красноярском крае.;Прометей01 выполняет монтаж, настройку и обслуживание систем безопасности в Красноярском крае: видеонаблюдение, СКУД, пожарная сигнализация, электромонтаж и слаботочные сети. Работы по объектам в Красноярском крае планируются с учетом типа помещения, требований к доступу, пожарной безопасности и дальнейшему обслуживанию.;draft
stavropolskiy-kray;Ставропольский край;Ставропольский край;Ставропольском крае;Системы безопасности в Ставропольском крае | Прометей01;Прометей01 выполняет видеонаблюдение, СКУД, слаботочные сети, электромонтаж, пожарную сигнализацию, огнезащиту, ПНР и документацию в Ставропольском крае.;Прометей01 выполняет монтаж, настройку и обслуживание систем безопасности в Ставропольском крае: видеонаблюдение, СКУД, пожарная сигнализация, электромонтаж и слаботочные сети. Работы по объектам в Ставропольском крае планируются с учетом типа помещения, требований к доступу, пожарной безопасности и дальнейшему обслуживанию.;draft
novosibirskaya-oblast;Новосибирская область;Новосибирская область;Новосибирской области;Системы безопасности в Новосибирской области | Прометей01;Прометей01 выполняет видеонаблюдение, СКУД, слаботочные сети, электромонтаж, пожарную сигнализацию, огнезащиту, ПНР и документацию в Новосибирской области.;Прометей01 выполняет монтаж, настройку и обслуживание систем безопасности в Новосибирской области: видеонаблюдение, СКУД, пожарная сигнализация, электромонтаж и слаботочные сети. Работы по объектам в Новосибирской области планируются с учетом типа помещения, требований к доступу, пожарной безопасности и дальнейшему обслуживанию.;draft
kemerovskaya-oblast;Кемеровская область;Кемеровская область;Кемеровской области;Системы безопасности в Кемеровской области | Прометей01;Прометей01 выполняет видеонаблюдение, СКУД, слаботочные сети, электромонтаж, пожарную сигнализацию, огнезащиту, ПНР и документацию в Кемеровской области.;Прометей01 выполняет монтаж, настройку и обслуживание систем безопасности в Кемеровской области: видеонаблюдение, СКУД, пожарная сигнализация, электромонтаж и слаботочные сети. В первом экране стоит сразу показать, для каких объектов проводится работа и какие документы передаются после завершения.;draft
permskiy-kray;Пермский край;Пермский край;Пермском крае;Системы безопасности в Пермском крае | Прометей01;Прометей01 выполняет видеонаблюдение, СКУД, слаботочные сети, электромонтаж, пожарную сигнализацию, огнезащиту, ПНР и документацию в Пермском крае.;Прометей01 выполняет монтаж, настройку и обслуживание систем безопасности в Пермском крае: видеонаблюдение, СКУД, пожарная сигнализация, электромонтаж и слаботочные сети. В первом экране стоит сразу показать, для каких объектов проводится работа и какие документы передаются после завершения.;draft
volgogradskaya-oblast;Волгоградская область;Волгоградская область;Волгоградской области;Системы безопасности в Волгоградской области | Прометей01;Прометей01 выполняет видеонаблюдение, СКУД, слаботочные сети, электромонтаж, пожарную сигнализацию, огнезащиту, ПНР и документацию в Волгоградской области.;Прометей01 выполняет монтаж, настройку и обслуживание систем безопасности в Волгоградской области: видеонаблюдение, СКУД, пожарная сигнализация, электромонтаж и слаботочные сети. В первом экране стоит сразу показать, для каких объектов проводится работа и какие документы передаются после завершения.;draft
saratovskaya-oblast;Саратовская область;Саратовская область;Саратовской области;Системы безопасности в Саратовской области | Прометей01;Прометей01 выполняет видеонаблюдение, СКУД, слаботочные сети, электромонтаж, пожарную сигнализацию, огнезащиту, ПНР и документацию в Саратовской области.;Прометей01 выполняет монтаж, настройку и обслуживание систем безопасности в Саратовской области: видеонаблюдение, СКУД, пожарная сигнализация, электромонтаж и слаботочные сети. В первом экране стоит сразу показать, для каких объектов проводится работа и какие документы передаются после завершения.;draft
irkutskaya-oblast;Иркутская область;Иркутская область;Иркутской области;Системы безопасности в Иркутской области | Прометей01;Прометей01 выполняет видеонаблюдение, СКУД, слаботочные сети, электромонтаж, пожарную сигнализацию, огнезащиту, ПНР и документацию в Иркутской области.;Прометей01 выполняет монтаж, настройку и обслуживание систем безопасности в Иркутской области: видеонаблюдение, СКУД, пожарная сигнализация, электромонтаж и слаботочные сети. В первом экране стоит сразу показать, для каких объектов проводится работа и какие документы передаются после завершения.;draft
voronezhskaya-oblast;Воронежская область;Воронежская область;Воронежской области;Системы безопасности в Воронежской области | Прометей01;Прометей01 выполняет видеонаблюдение, СКУД, слаботочные сети, электромонтаж, пожарную сигнализацию, огнезащиту, ПНР и документацию в Воронежской области.;Прометей01 выполняет монтаж, настройку и обслуживание систем безопасности в Воронежской области: видеонаблюдение, СКУД, пожарная сигнализация, электромонтаж и слаботочные сети. В первом экране стоит сразу показать, для каких объектов проводится работа и какие документы передаются после завершения.;draft
altayskiy-kray;Алтайский край;Алтайский край;Алтайском крае;Системы безопасности в Алтайском крае | Прометей01;Прометей01 выполняет видеонаблюдение, СКУД, слаботочные сети, электромонтаж, пожарную сигнализацию, огнезащиту, ПНР и документацию в Алтайском крае.;Прометей01 выполняет монтаж, настройку и обслуживание систем безопасности в Алтайском крае: видеонаблюдение, СКУД, пожарная сигнализация, электромонтаж и слаботочные сети. В первом экране стоит сразу показать, для каких объектов проводится работа и какие документы передаются после завершения.;draft
orenburgskaya-oblast;Оренбургская область;Оренбургская область;Оренбургской области;Системы безопасности в Оренбургской области | Прометей01;Прометей01 выполняет видеонаблюдение, СКУД, слаботочные сети, электромонтаж, пожарную сигнализацию, огнезащиту, ПНР и документацию в Оренбургской области.;Прометей01 выполняет монтаж, настройку и обслуживание систем безопасности в Оренбургской области: видеонаблюдение, СКУД, пожарная сигнализация, электромонтаж и слаботочные сети. В первом экране стоит сразу показать, для каких объектов проводится работа и какие документы передаются после завершения.;draft
omskaya-oblast;Омская область;Омская область;Омской области;Системы безопасности в Омской области | Прометей01;Прометей01 выполняет видеонаблюдение, СКУД, слаботочные сети, электромонтаж, пожарную сигнализацию, огнезащиту, ПНР и документацию в Омской области.;Прометей01 выполняет монтаж, настройку и обслуживание систем безопасности в Омской области: видеонаблюдение, СКУД, пожарная сигнализация, электромонтаж и слаботочные сети. В первом экране стоит сразу показать, для каких объектов проводится работа и какие документы передаются после завершения.;draft
respublika-krym;Республика Крым;Республика Крым;Республике Крым;Системы безопасности в Республике Крым | Прометей01;Прометей01 выполняет видеонаблюдение, СКУД, слаботочные сети, электромонтаж, пожарную сигнализацию, огнезащиту, ПНР и документацию в Республике Крым.;Прометей01 выполняет монтаж, настройку и обслуживание систем безопасности в Республике Крым: видеонаблюдение, СКУД, пожарная сигнализация, электромонтаж и слаботочные сети. В первом экране стоит сразу показать, для каких объектов проводится работа и какие документы передаются после завершения.;draft
leningradskaya-oblast;Ленинградская область;Ленинградская область;Ленинградской области;Системы безопасности в Ленинградской области | Прометей01;Прометей01 выполняет видеонаблюдение, СКУД, слаботочные сети, электромонтаж, пожарную сигнализацию, огнезащиту, ПНР и документацию в Ленинградской области.;Прометей01 выполняет монтаж, настройку и обслуживание систем безопасности в Ленинградской области: видеонаблюдение, СКУД, пожарная сигнализация, электромонтаж и слаботочные сети. В первом экране стоит сразу показать, для каких объектов проводится работа и какие документы передаются после завершения.;draft
primorskiy-kray;Приморский край;Приморский край;Приморском крае;Системы безопасности в Приморском крае | Прометей01;Прометей01 выполняет видеонаблюдение, СКУД, слаботочные сети, электромонтаж, пожарную сигнализацию, огнезащиту, ПНР и документацию в Приморском крае.;Прометей01 выполняет монтаж, настройку и обслуживание систем безопасности в Приморском крае: видеонаблюдение, СКУД, пожарная сигнализация, электромонтаж и слаботочные сети. В первом экране стоит сразу показать, для каких объектов проводится работа и какие документы передаются после завершения.;draft
hanty-mansiyskiy-avtonomnyy-okrug-yugra;Ханты-Мансийский автономный округ — Югра;Ханты-Мансийский автономный округ — Югра;Ханты-Мансийском автономном округе — Югре;Монтаж систем безопасности в Ханты-Мансийском автономном округе — Югре;Прометей01 выполняет видеонаблюдение, СКУД, слаботочные сети, пожарную сигнализацию, огнезащиту, ПНР и документацию в Ханты-Мансийском автономном округе — Югре.;Прометей01 выполняет монтаж, настройку и обслуживание систем безопасности в Ханты-Мансийском автономном округе — Югре: видеонаблюдение, СКУД, пожарная сигнализация, электромонтаж и слаботочные сети. В первом экране стоит сразу показать, для каких объектов проводится работа и какие документы передаются после завершения.;draft
tyumenskaya-oblast;Тюменская область;Тюменская область;Тюменской области;Системы безопасности в Тюменской области | Прометей01;Прометей01 выполняет видеонаблюдение, СКУД, слаботочные сети, электромонтаж, пожарную сигнализацию, огнезащиту, ПНР и документацию в Тюменской области.;Прометей01 выполняет монтаж, настройку и обслуживание систем безопасности в Тюменской области: видеонаблюдение, СКУД, пожарная сигнализация, электромонтаж и слаботочные сети. В первом экране стоит сразу показать, для каких объектов проводится работа и какие документы передаются после завершения.;draft
belgorodskaya-oblast;Белгородская область;Белгородская область;Белгородской области;Системы безопасности в Белгородской области | Прометей01;Прометей01 выполняет видеонаблюдение, СКУД, слаботочные сети, электромонтаж, пожарную сигнализацию, огнезащиту, ПНР и документацию в Белгородской области.;Прометей01 выполняет монтаж, настройку и обслуживание систем безопасности в Белгородской области: видеонаблюдение, СКУД, пожарная сигнализация, электромонтаж и слаботочные сети. В первом экране стоит сразу показать, для каких объектов проводится работа и какие документы передаются после завершения.;draft
chechenskaya-respublika;Чеченская Республика;Чеченская Республика;Чеченской Республике;Системы безопасности в Чеченской Республике | Прометей01;Прометей01 выполняет видеонаблюдение, СКУД, слаботочные сети, электромонтаж, пожарную сигнализацию, огнезащиту, ПНР и документацию в Чеченской Республике.;Прометей01 выполняет монтаж, настройку и обслуживание систем безопасности в Чеченской Республике: видеонаблюдение, СКУД, пожарная сигнализация, электромонтаж и слаботочные сети. В первом экране стоит сразу показать, для каких объектов проводится работа и какие документы передаются после завершения.;draft
udmurtskaya-respublika;Удмуртская Республика;Удмуртская Республика;Удмуртской Республике;Системы безопасности в Удмуртской Республике | Прометей01;Прометей01 выполняет видеонаблюдение, СКУД, слаботочные сети, электромонтаж, пожарную сигнализацию, огнезащиту, ПНР и документацию в Удмуртской Республике.;Прометей01 выполняет монтаж, настройку и обслуживание систем безопасности в Удмуртской Республике: видеонаблюдение, СКУД, пожарная сигнализация, электромонтаж и слаботочные сети. В первом экране стоит сразу показать, для каких объектов проводится работа и какие документы передаются после завершения.;draft
tulskaya-oblast;Тульская область;Тульская область;Тульской области;Системы безопасности в Тульской области | Прометей01;Прометей01 выполняет видеонаблюдение, СКУД, слаботочные сети, электромонтаж, пожарную сигнализацию, огнезащиту, ПНР и документацию в Тульской области.;Прометей01 выполняет монтаж, настройку и обслуживание систем безопасности в Тульской области: видеонаблюдение, СКУД, пожарная сигнализация, электромонтаж и слаботочные сети. В первом экране стоит сразу показать, для каких объектов проводится работа и какие документы передаются после завершения.;draft
vladimirskaya-oblast;Владимирская область;Владимирская область;Владимирской области;Системы безопасности в Владимирской области | Прометей01;Прометей01 выполняет видеонаблюдение, СКУД, слаботочные сети, электромонтаж, пожарную сигнализацию, огнезащиту, ПНР и документацию в Владимирской области.;Прометей01 выполняет монтаж, настройку и обслуживание систем безопасности в Владимирской области: видеонаблюдение, СКУД, пожарная сигнализация, электромонтаж и слаботочные сети. В первом экране стоит сразу показать, для каких объектов проводится работа и какие документы передаются после завершения.;draft
habarovskiy-kray;Хабаровский край;Хабаровский край;Хабаровском крае;Системы безопасности в Хабаровском крае | Прометей01;Прометей01 выполняет видеонаблюдение, СКУД, слаботочные сети, электромонтаж, пожарную сигнализацию, огнезащиту, ПНР и документацию в Хабаровском крае.;Прометей01 выполняет монтаж, настройку и обслуживание систем безопасности в Хабаровском крае: видеонаблюдение, СКУД, пожарная сигнализация, электромонтаж и слаботочные сети. В первом экране стоит сразу показать, для каких объектов проводится работа и какие документы передаются после завершения.;draft
penzenskaya-oblast;Пензенская область;Пензенская область;Пензенской области;Системы безопасности в Пензенской области | Прометей01;Прометей01 выполняет видеонаблюдение, СКУД, слаботочные сети, электромонтаж, пожарную сигнализацию, огнезащиту, ПНР и документацию в Пензенской области.;Прометей01 выполняет монтаж, настройку и обслуживание систем безопасности в Пензенской области: видеонаблюдение, СКУД, пожарная сигнализация, электромонтаж и слаботочные сети. В первом экране стоит сразу показать, для каких объектов проводится работа и какие документы передаются после завершения.;draft
kirovskaya-oblast;Кировская область;Кировская область;Кировской области;Системы безопасности в Кировской области | Прометей01;Прометей01 выполняет видеонаблюдение, СКУД, слаботочные сети, электромонтаж, пожарную сигнализацию, огнезащиту, ПНР и документацию в Кировской области.;Прометей01 выполняет монтаж, настройку и обслуживание систем безопасности в Кировской области: видеонаблюдение, СКУД, пожарная сигнализация, электромонтаж и слаботочные сети. В первом экране стоит сразу показать, для каких объектов проводится работа и какие документы передаются после завершения.;draft
tverskaya-oblast;Тверская область;Тверская область;Тверской области;Системы безопасности в Тверской области | Прометей01;Прометей01 выполняет видеонаблюдение, СКУД, слаботочные сети, электромонтаж, пожарную сигнализацию, огнезащиту, ПНР и документацию в Тверской области.;Прометей01 выполняет монтаж, настройку и обслуживание систем безопасности в Тверской области: видеонаблюдение, СКУД, пожарная сигнализация, электромонтаж и слаботочные сети. В первом экране стоит сразу показать, для каких объектов проводится работа и какие документы передаются после завершения.;draft
yaroslavskaya-oblast;Ярославская область;Ярославская область;Ярославской области;Системы безопасности в Ярославской области | Прометей01;Прометей01 выполняет видеонаблюдение, СКУД, слаботочные сети, электромонтаж, пожарную сигнализацию, огнезащиту, ПНР и документацию в Ярославской области.;Прометей01 выполняет монтаж, настройку и обслуживание систем безопасности в Ярославской области: видеонаблюдение, СКУД, пожарная сигнализация, электромонтаж и слаботочные сети. В первом экране стоит сразу показать, для каких объектов проводится работа и какие документы передаются после завершения.;draft
ulyanovskaya-oblast;Ульяновская область;Ульяновская область;Ульяновской области;Системы безопасности в Ульяновской области | Прометей01;Прометей01 выполняет видеонаблюдение, СКУД, слаботочные сети, электромонтаж, пожарную сигнализацию, огнезащиту, ПНР и документацию в Ульяновской области.;Прометей01 выполняет монтаж, настройку и обслуживание систем безопасности в Ульяновской области: видеонаблюдение, СКУД, пожарная сигнализация, электромонтаж и слаботочные сети. В первом экране стоит сразу показать, для каких объектов проводится работа и какие документы передаются после завершения.;draft
chuvashskaya-respublika;Чувашская Республика;Чувашская Республика;Чувашской Республике;Системы безопасности в Чувашской Республике | Прометей01;Прометей01 выполняет видеонаблюдение, СКУД, слаботочные сети, электромонтаж, пожарную сигнализацию, огнезащиту, ПНР и документацию в Чувашской Республике.;Прометей01 выполняет монтаж, настройку и обслуживание систем безопасности в Чувашской Республике: видеонаблюдение, СКУД, пожарная сигнализация, электромонтаж и слаботочные сети. В первом экране стоит сразу показать, для каких объектов проводится работа и какие документы передаются после завершения.;draft
bryanskaya-oblast;Брянская область;Брянская область;Брянской области;Системы безопасности в Брянской области | Прометей01;Прометей01 выполняет видеонаблюдение, СКУД, слаботочные сети, электромонтаж, пожарную сигнализацию, огнезащиту, ПНР и документацию в Брянской области.;Прометей01 выполняет монтаж, настройку и обслуживание систем безопасности в Брянской области: видеонаблюдение, СКУД, пожарная сигнализация, электромонтаж и слаботочные сети. В первом экране стоит сразу показать, для каких объектов проводится работа и какие документы передаются после завершения.;draft
vologodskaya-oblast;Вологодская область;Вологодская область;Вологодской области;Системы безопасности в Вологодской области | Прометей01;Прометей01 выполняет видеонаблюдение, СКУД, слаботочные сети, электромонтаж, пожарную сигнализацию, огнезащиту, ПНР и документацию в Вологодской области.;Прометей01 выполняет монтаж, настройку и обслуживание систем безопасности в Вологодской области: видеонаблюдение, СКУД, пожарная сигнализация, электромонтаж и слаботочные сети. В первом экране стоит сразу показать, для каких объектов проводится работа и какие документы передаются после завершения.;draft
lipeckaya-oblast;Липецкая область;Липецкая область;Липецкой области;Системы безопасности в Липецкой области | Прометей01;Прометей01 выполняет видеонаблюдение, СКУД, слаботочные сети, электромонтаж, пожарную сигнализацию, огнезащиту, ПНР и документацию в Липецкой области.;Прометей01 выполняет монтаж, настройку и обслуживание систем безопасности в Липецкой области: видеонаблюдение, СКУД, пожарная сигнализация, электромонтаж и слаботочные сети. В первом экране стоит сразу показать, для каких объектов проводится работа и какие документы передаются после завершения.;draft
ryazanskaya-oblast;Рязанская область;Рязанская область;Рязанской области;Системы безопасности в Рязанской области | Прометей01;Прометей01 выполняет видеонаблюдение, СКУД, слаботочные сети, электромонтаж, пожарную сигнализацию, огнезащиту, ПНР и документацию в Рязанской области.;Прометей01 выполняет монтаж, настройку и обслуживание систем безопасности в Рязанской области: видеонаблюдение, СКУД, пожарная сигнализация, электромонтаж и слаботочные сети. В первом экране стоит сразу показать, для каких объектов проводится работа и какие документы передаются после завершения.;draft
kurskaya-oblast;Курская область;Курская область;Курской области;Системы безопасности в Курской области | Прометей01;Прометей01 выполняет видеонаблюдение, СКУД, слаботочные сети, электромонтаж, пожарную сигнализацию, огнезащиту, ПНР и документацию в Курской области.;Прометей01 выполняет монтаж, настройку и обслуживание систем безопасности в Курской области: видеонаблюдение, СКУД, пожарная сигнализация, электромонтаж и слаботочные сети. В первом экране стоит сразу показать, для каких объектов проводится работа и какие документы передаются после завершения.;draft
arhangelskaya-oblast-bez-nao;Архангельская область без НАО;Архангельская область без НАО;Архангельской области без НАО;Системы безопасности в Архангельской области без НАО | Прометей01;Прометей01 выполняет видеонаблюдение, СКУД, слаботочные сети, электромонтаж, пожарную сигнализацию, огнезащиту, ПНР и документацию в Архангельской области без НАО.;Прометей01 выполняет монтаж, настройку и обслуживание систем безопасности в Архангельской области без НАО: видеонаблюдение, СКУД, пожарная сигнализация, электромонтаж и слаботочные сети. В первом экране стоит сразу показать, для каких объектов проводится работа и какие документы передаются после завершения.;draft
tomskaya-oblast;Томская область;Томская область;Томской области;Системы безопасности в Томской области | Прометей01;Прометей01 выполняет видеонаблюдение, СКУД, слаботочные сети, электромонтаж, пожарную сигнализацию, огнезащиту, ПНР и документацию в Томской области.;Прометей01 выполняет монтаж, настройку и обслуживание систем безопасности в Томской области: видеонаблюдение, СКУД, пожарная сигнализация, электромонтаж и слаботочные сети. В первом экране стоит сразу показать, для каких объектов проводится работа и какие документы передаются после завершения.;draft
zabaykalskiy-kray;Забайкальский край;Забайкальский край;Забайкальском крае;Системы безопасности в Забайкальском крае | Прометей01;Прометей01 выполняет видеонаблюдение, СКУД, слаботочные сети, электромонтаж, пожарную сигнализацию, огнезащиту, ПНР и документацию в Забайкальском крае.;Прометей01 выполняет монтаж, настройку и обслуживание систем безопасности в Забайкальском крае: видеонаблюдение, СКУД, пожарная сигнализация, электромонтаж и слаботочные сети. В первом экране стоит сразу показать, для каких объектов проводится работа и какие документы передаются после завершения.;draft
kaliningradskaya-oblast;Калининградская область;Калининградская область;Калининградской области;Системы безопасности в Калининградской области | Прометей01;Прометей01 выполняет видеонаблюдение, СКУД, слаботочные сети, электромонтаж, пожарную сигнализацию, огнезащиту, ПНР и документацию в Калининградской области.;Прометей01 выполняет монтаж, настройку и обслуживание систем безопасности в Калининградской области: видеонаблюдение, СКУД, пожарная сигнализация, электромонтаж и слаботочные сети. В первом экране стоит сразу показать, для каких объектов проводится работа и какие документы передаются после завершения.;draft
kaluzhskaya-oblast;Калужская область;Калужская область;Калужской области;Системы безопасности в Калужской области | Прометей01;Прометей01 выполняет видеонаблюдение, СКУД, слаботочные сети, электромонтаж, пожарную сигнализацию, огнезащиту, ПНР и документацию в Калужской области.;Прометей01 выполняет монтаж, настройку и обслуживание систем безопасности в Калужской области: видеонаблюдение, СКУД, пожарная сигнализация, электромонтаж и слаботочные сети. В первом экране стоит сразу показать, для каких объектов проводится работа и какие документы передаются после завершения.;draft
astrahanskaya-oblast;Астраханская область;Астраханская область;Астраханской области;Системы безопасности в Астраханской области | Прометей01;Прометей01 выполняет видеонаблюдение, СКУД, слаботочные сети, электромонтаж, пожарную сигнализацию, огнезащиту, ПНР и документацию в Астраханской области.;Прометей01 выполняет монтаж, настройку и обслуживание систем безопасности в Астраханской области: видеонаблюдение, СКУД, пожарная сигнализация, электромонтаж и слаботочные сети. В первом экране стоит сразу показать, для каких объектов проводится работа и какие документы передаются после завершения.;draft
tambovskaya-oblast;Тамбовская область;Тамбовская область;Тамбовской области;Системы безопасности в Тамбовской области | Прометей01;Прометей01 выполняет видеонаблюдение, СКУД, слаботочные сети, электромонтаж, пожарную сигнализацию, огнезащиту, ПНР и документацию в Тамбовской области.;Прометей01 выполняет монтаж, настройку и обслуживание систем безопасности в Тамбовской области: видеонаблюдение, СКУД, пожарная сигнализация, электромонтаж и слаботочные сети. В первом экране стоит сразу показать, для каких объектов проводится работа и какие документы передаются после завершения.;draft
ivanovskaya-oblast;Ивановская область;Ивановская область;Ивановской области;Системы безопасности в Ивановской области | Прометей01;Прометей01 выполняет видеонаблюдение, СКУД, слаботочные сети, электромонтаж, пожарную сигнализацию, огнезащиту, ПНР и документацию в Ивановской области.;Прометей01 выполняет монтаж, настройку и обслуживание систем безопасности в Ивановской области: видеонаблюдение, СКУД, пожарная сигнализация, электромонтаж и слаботочные сети. В первом экране стоит сразу показать, для каких объектов проводится работа и какие документы передаются после завершения.;draft
respublika-buryatiya;Республика Бурятия;Республика Бурятия;Республике Бурятия;Системы безопасности в Республике Бурятия | Прометей01;Прометей01 выполняет видеонаблюдение, СКУД, слаботочные сети, электромонтаж, пожарную сигнализацию, огнезащиту, ПНР и документацию в Республике Бурятия.;Прометей01 выполняет монтаж, настройку и обслуживание систем безопасности в Республике Бурятия: видеонаблюдение, СКУД, пожарная сигнализация, электромонтаж и слаботочные сети. В первом экране стоит сразу показать, для каких объектов проводится работа и какие документы передаются после завершения.;draft
respublika-saha;Республика Саха;Республика Саха;Республике Саха;Системы безопасности в Республике Саха | Прометей01;Прометей01 выполняет видеонаблюдение, СКУД, слаботочные сети, электромонтаж, пожарную сигнализацию, огнезащиту, ПНР и документацию в Республике Саха.;Прометей01 выполняет монтаж, настройку и обслуживание систем безопасности в Республике Саха: видеонаблюдение, СКУД, пожарная сигнализация, электромонтаж и слаботочные сети. В первом экране стоит сразу показать, для каких объектов проводится работа и какие документы передаются после завершения.;draft
smolenskaya-oblast;Смоленская область;Смоленская область;Смоленской области;Системы безопасности в Смоленской области | Прометей01;Прометей01 выполняет видеонаблюдение, СКУД, слаботочные сети, электромонтаж, пожарную сигнализацию, огнезащиту, ПНР и документацию в Смоленской области.;Прометей01 выполняет монтаж, настройку и обслуживание систем безопасности в Смоленской области: видеонаблюдение, СКУД, пожарная сигнализация, электромонтаж и слаботочные сети. В первом экране стоит сразу показать, для каких объектов проводится работа и какие документы передаются после завершения.;draft
kabardino-balkarskaya-respublika;Кабардино-Балкарская Республика;Кабардино-Балкарская Республика;Кабардино-Балкарской Республике;Системы безопасности в Кабардино-Балкарской Республике | Прометей01;Прометей01 выполняет видеонаблюдение, СКУД, слаботочные сети, электромонтаж, пожарную сигнализацию, огнезащиту, ПНР и документацию в Кабардино-Балкарской Республике.;Прометей01 выполняет монтаж, настройку и обслуживание систем безопасности в Кабардино-Балкарской Республике: видеонаблюдение, СКУД, пожарная сигнализация, электромонтаж и слаботочные сети. В первом экране стоит сразу показать, для каких объектов проводится работа и какие документы передаются после завершения.;draft
kurganskaya-oblast;Курганская область;Курганская область;Курганской области;Системы безопасности в Курганской области | Прометей01;Прометей01 выполняет видеонаблюдение, СКУД, слаботочные сети, электромонтаж, пожарную сигнализацию, огнезащиту, ПНР и документацию в Курганской области.;Прометей01 выполняет монтаж, настройку и обслуживание систем безопасности в Курганской области: видеонаблюдение, СКУД, пожарная сигнализация, электромонтаж и слаботочные сети. В первом экране стоит сразу показать, для каких объектов проводится работа и какие документы передаются после завершения.;draft
respublika-komi;Республика Коми;Республика Коми;Республике Коми;Системы безопасности в Республике Коми | Прометей01;Прометей01 выполняет видеонаблюдение, СКУД, слаботочные сети, электромонтаж, пожарную сигнализацию, огнезащиту, ПНР и документацию в Республике Коми.;Прометей01 выполняет монтаж, настройку и обслуживание систем безопасности в Республике Коми: видеонаблюдение, СКУД, пожарная сигнализация, электромонтаж и слаботочные сети. В первом экране стоит сразу показать, для каких объектов проводится работа и какие документы передаются после завершения.;draft
amurskaya-oblast;Амурская область;Амурская область;Амурской области;Системы безопасности в Амурской области | Прометей01;Прометей01 выполняет видеонаблюдение, СКУД, слаботочные сети, электромонтаж, пожарную сигнализацию, огнезащиту, ПНР и документацию в Амурской области.;Прометей01 выполняет монтаж, настройку и обслуживание систем безопасности в Амурской области: видеонаблюдение, СКУД, пожарная сигнализация, электромонтаж и слаботочные сети. В первом экране стоит сразу показать, для каких объектов проводится работа и какие документы передаются после завершения.;draft
respublika-mordoviya;Республика Мордовия;Республика Мордовия;Республике Мордовия;Системы безопасности в Республике Мордовия | Прометей01;Прометей01 выполняет видеонаблюдение, СКУД, слаботочные сети, электромонтаж, пожарную сигнализацию, огнезащиту, ПНР и документацию в Республике Мордовия.;Прометей01 выполняет монтаж, настройку и обслуживание систем безопасности в Республике Мордовия: видеонаблюдение, СКУД, пожарная сигнализация, электромонтаж и слаботочные сети. В первом экране стоит сразу показать, для каких объектов проводится работа и какие документы передаются после завершения.;draft
murmanskaya-oblast;Мурманская область;Мурманская область;Мурманской области;Системы безопасности в Мурманской области | Прометей01;Прометей01 выполняет видеонаблюдение, СКУД, слаботочные сети, электромонтаж, пожарную сигнализацию, огнезащиту, ПНР и документацию в Мурманской области.;Прометей01 выполняет монтаж, настройку и обслуживание систем безопасности в Мурманской области: видеонаблюдение, СКУД, пожарная сигнализация, электромонтаж и слаботочные сети. В первом экране стоит сразу показать, для каких объектов проводится работа и какие документы передаются после завершения.;draft
orlovskaya-oblast;Орловская область;Орловская область;Орловской области;Системы безопасности в Орловской области | Прометей01;Прометей01 выполняет видеонаблюдение, СКУД, слаботочные сети, электромонтаж, пожарную сигнализацию, огнезащиту, ПНР и документацию в Орловской области.;Прометей01 выполняет монтаж, настройку и обслуживание систем безопасности в Орловской области: видеонаблюдение, СКУД, пожарная сигнализация, электромонтаж и слаботочные сети. В первом экране стоит сразу показать, для каких объектов проводится работа и какие документы передаются после завершения.;draft
respublika-severnaya-osetiya-alaniya;Республика Северная Осетия — Алания;Республика Северная Осетия — Алания;Республике Северная Осетия — Алания;Системы безопасности в Республике Северная Осетия — Алания | Прометей01;Прометей01 выполняет видеонаблюдение, СКУД, слаботочные сети, электромонтаж, пожарную сигнализацию, огнезащиту, ПНР и документацию в Республике Северная Осетия — Алания.;Прометей01 выполняет монтаж, настройку и обслуживание систем безопасности в Республике Северная Осетия — Алания: видеонаблюдение, СКУД, пожарная сигнализация, электромонтаж и слаботочные сети. В первом экране стоит сразу показать, для каких объектов проводится работа и какие документы передаются после завершения.;draft
respublika-mariy-el;Республика Марий Эл;Республика Марий Эл;Республике Марий Эл;Системы безопасности в Республике Марий Эл | Прометей01;Прометей01 выполняет видеонаблюдение, СКУД, слаботочные сети, электромонтаж, пожарную сигнализацию, огнезащиту, ПНР и документацию в Республике Марий Эл.;Прометей01 выполняет монтаж, настройку и обслуживание систем безопасности в Республике Марий Эл: видеонаблюдение, СКУД, пожарная сигнализация, электромонтаж и слаботочные сети. В первом экране стоит сразу показать, для каких объектов проводится работа и какие документы передаются после завершения.;draft
kostromskaya-oblast;Костромская область;Костромская область;Костромской области;Системы безопасности в Костромской области | Прометей01;Прометей01 выполняет видеонаблюдение, СКУД, слаботочные сети, электромонтаж, пожарную сигнализацию, огнезащиту, ПНР и документацию в Костромской области.;Прометей01 выполняет монтаж, настройку и обслуживание систем безопасности в Костромской области: видеонаблюдение, СКУД, пожарная сигнализация, электромонтаж и слаботочные сети. В первом экране стоит сразу показать, для каких объектов проводится работа и какие документы передаются после завершения.;draft
pskovskaya-oblast;Псковская область;Псковская область;Псковской области;Системы безопасности в Псковской области | Прометей01;Прометей01 выполняет видеонаблюдение, СКУД, слаботочные сети, электромонтаж, пожарную сигнализацию, огнезащиту, ПНР и документацию в Псковской области.;Прометей01 выполняет монтаж, настройку и обслуживание систем безопасности в Псковской области: видеонаблюдение, СКУД, пожарная сигнализация, электромонтаж и слаботочные сети. В первом экране стоит сразу показать, для каких объектов проводится работа и какие документы передаются после завершения.;draft
respublika-kareliya;Республика Карелия;Республика Карелия;Республике Карелия;Системы безопасности в Республике Карелия | Прометей01;Прометей01 выполняет видеонаблюдение, СКУД, слаботочные сети, электромонтаж, пожарную сигнализацию, огнезащиту, ПНР и документацию в Республике Карелия.;Прометей01 выполняет монтаж, настройку и обслуживание систем безопасности в Республике Карелия: видеонаблюдение, СКУД, пожарная сигнализация, электромонтаж и слаботочные сети. В первом экране стоит сразу показать, для каких объектов проводится работа и какие документы передаются после завершения.;draft
novgorodskaya-oblast;Новгородская область;Новгородская область;Новгородской области;Системы безопасности в Новгородской области | Прометей01;Прометей01 выполняет видеонаблюдение, СКУД, слаботочные сети, электромонтаж, пожарную сигнализацию, огнезащиту, ПНР и документацию в Новгородской области.;Прометей01 выполняет монтаж, настройку и обслуживание систем безопасности в Новгородской области: видеонаблюдение, СКУД, пожарная сигнализация, электромонтаж и слаботочные сети. В первом экране стоит сразу показать, для каких объектов проводится работа и какие документы передаются после завершения.;draft
yamalo-neneckiy-avtonomnyy-okrug;Ямало-Ненецкий автономный округ;Ямало-Ненецкий автономный округ;Ямало-Ненецком автономном округе;Системы безопасности в Ямало-Ненецком автономном округе | Прометей01;Прометей01 выполняет видеонаблюдение, СКУД, слаботочные сети, электромонтаж, пожарную сигнализацию, огнезащиту, ПНР и документацию в Ямало-Ненецком автономном округе.;Прометей01 выполняет монтаж, настройку и обслуживание систем безопасности в Ямало-Ненецком автономном округе: видеонаблюдение, СКУД, пожарная сигнализация, электромонтаж и слаботочные сети. В первом экране стоит сразу показать, для каких объектов проводится работа и какие документы передаются после завершения.;draft
respublika-hakasiya;Республика Хакасия;Республика Хакасия;Республике Хакасия;Системы безопасности в Республике Хакасия | Прометей01;Прометей01 выполняет видеонаблюдение, СКУД, слаботочные сети, электромонтаж, пожарную сигнализацию, огнезащиту, ПНР и документацию в Республике Хакасия.;Прометей01 выполняет монтаж, настройку и обслуживание систем безопасности в Республике Хакасия: видеонаблюдение, СКУД, пожарная сигнализация, электромонтаж и слаботочные сети. В первом экране стоит сразу показать, для каких объектов проводится работа и какие документы передаются после завершения.;draft
respublika-ingushetiya;Республика Ингушетия;Республика Ингушетия;Республике Ингушетия;Системы безопасности в Республике Ингушетия | Прометей01;Прометей01 выполняет видеонаблюдение, СКУД, слаботочные сети, электромонтаж, пожарную сигнализацию, огнезащиту, ПНР и документацию в Республике Ингушетия.;Прометей01 выполняет монтаж, настройку и обслуживание систем безопасности в Республике Ингушетия: видеонаблюдение, СКУД, пожарная сигнализация, электромонтаж и слаботочные сети. В первом экране стоит сразу показать, для каких объектов проводится работа и какие документы передаются после завершения.;draft
sahalinskaya-oblast;Сахалинская область;Сахалинская область;Сахалинской области;Системы безопасности в Сахалинской области | Прометей01;Прометей01 выполняет видеонаблюдение, СКУД, слаботочные сети, электромонтаж, пожарную сигнализацию, огнезащиту, ПНР и документацию в Сахалинской области.;Прометей01 выполняет монтаж, настройку и обслуживание систем безопасности в Сахалинской области: видеонаблюдение, СКУД, пожарная сигнализация, электромонтаж и слаботочные сети. В первом экране стоит сразу показать, для каких объектов проводится работа и какие документы передаются после завершения.;draft
karachaevo-cherkesskaya-respublika;Карачаево-Черкесская Республика;Карачаево-Черкесская Республика;Карачаево-Черкесской Республике;Системы безопасности в Карачаево-Черкесской Республике | Прометей01;Прометей01 выполняет видеонаблюдение, СКУД, слаботочные сети, электромонтаж, пожарную сигнализацию, огнезащиту, ПНР и документацию в Карачаево-Черкесской Республике.;Прометей01 выполняет монтаж, настройку и обслуживание систем безопасности в Карачаево-Черкесской Республике: видеонаблюдение, СКУД, пожарная сигнализация, электромонтаж и слаботочные сети. В первом экране стоит сразу показать, для каких объектов проводится работа и какие документы передаются после завершения.;draft
respublika-adygeya;Республика Адыгея;Республика Адыгея;Республике Адыгея;Системы безопасности в Республике Адыгея | Прометей01;Прометей01 выполняет видеонаблюдение, СКУД, слаботочные сети, электромонтаж, пожарную сигнализацию, огнезащиту и ПНР в Республике Адыгея.;Прометей01 выполняет монтаж, настройку и обслуживание систем безопасности в Республике Адыгея: видеонаблюдение, СКУД, пожарную сигнализацию, электромонтаж и слаботочные сети. Формат работ зависит от объекта, требований к доступу, пожарной безопасности и исполнительной документации.;draft
respublika-tyva;Республика Тыва;Республика Тыва;Республике Тыва;Системы безопасности в Республике Тыва | Прометей01;Прометей01 выполняет видеонаблюдение, СКУД, слаботочные сети, электромонтаж, пожарную сигнализацию, огнезащиту и ПНР в Республике Тыва.;Прометей01 выполняет монтаж, настройку и обслуживание систем безопасности в Республике Тыва: видеонаблюдение, СКУД, пожарную сигнализацию, электромонтаж и слаботочные сети. Формат работ зависит от объекта, требований к доступу, пожарной безопасности и исполнительной документации.;draft
kamchatskiy-kray;Камчатский край;Камчатский край;Камчатском крае;Системы безопасности в Камчатском крае | Прометей01;Прометей01 выполняет видеонаблюдение, СКУД, слаботочные сети, электромонтаж, пожарную сигнализацию, огнезащиту и ПНР в Камчатском крае.;Прометей01 выполняет монтаж, настройку и обслуживание систем безопасности в Камчатском крае: видеонаблюдение, СКУД, пожарную сигнализацию, электромонтаж и слаботочные сети. Формат работ зависит от объекта, требований к доступу, пожарной безопасности и исполнительной документации.;draft
respublika-kalmykiya;Республика Калмыкия;Республика Калмыкия;Республике Калмыкия;Системы безопасности в Республике Калмыкия | Прометей01;Прометей01 выполняет видеонаблюдение, СКУД, слаботочные сети, электромонтаж, пожарную сигнализацию, огнезащиту и ПНР в Республике Калмыкия.;Прометей01 выполняет монтаж, настройку и обслуживание систем безопасности в Республике Калмыкия: видеонаблюдение, СКУД, пожарную сигнализацию, электромонтаж и слаботочные сети. Формат работ зависит от объекта, требований к доступу, пожарной безопасности и исполнительной документации.;draft
respublika-altay;Республика Алтай;Республика Алтай;Республике Алтай;Системы безопасности в Республике Алтай | Прометей01;Прометей01 выполняет видеонаблюдение, СКУД, слаботочные сети, электромонтаж, пожарную сигнализацию, огнезащиту и ПНР в Республике Алтай.;Прометей01 выполняет монтаж, настройку и обслуживание систем безопасности в Республике Алтай: видеонаблюдение, СКУД, пожарную сигнализацию, электромонтаж и слаботочные сети. Формат работ зависит от объекта, требований к доступу, пожарной безопасности и исполнительной документации.;draft
evreyskaya-avtonomnaya-oblast;Еврейская автономная область;Еврейская автономная область;Еврейской автономной области;Системы безопасности в Еврейской автономной области | Прометей01;Прометей01 выполняет видеонаблюдение, СКУД, слаботочные сети, электромонтаж, пожарную сигнализацию, огнезащиту и ПНР в Еврейской автономной области.;Прометей01 выполняет монтаж, настройку и обслуживание систем безопасности в Еврейской автономной области: видеонаблюдение, СКУД, пожарную сигнализацию, электромонтаж и слаботочные сети. Формат работ зависит от объекта, требований к доступу, пожарной безопасности и исполнительной документации.;draft
magadanskaya-oblast;Магаданская область;Магаданская область;Магаданской области;Системы безопасности в Магаданской области | Прометей01;Прометей01 выполняет видеонаблюдение, СКУД, слаботочные сети, электромонтаж, пожарную сигнализацию, огнезащиту и ПНР в Магаданской области.;Прометей01 выполняет монтаж, настройку и обслуживание систем безопасности в Магаданской области: видеонаблюдение, СКУД, пожарную сигнализацию, электромонтаж и слаботочные сети. Формат работ зависит от объекта, требований к доступу, пожарной безопасности и исполнительной документации.;draft
chukotskiy-avtonomnyy-okrug;Чукотский автономный округ;Чукотский автономный округ;Чукотском автономном округе;Системы безопасности в Чукотском автономном округе | Прометей01;Прометей01 выполняет видеонаблюдение, СКУД, слаботочные сети, электромонтаж, пожарную сигнализацию, огнезащиту и ПНР в Чукотском автономном округе.;Прометей01 выполняет монтаж, настройку и обслуживание систем безопасности в Чукотском автономном округе: видеонаблюдение, СКУД, пожарную сигнализацию, электромонтаж и слаботочные сети. Формат работ зависит от объекта, требований к доступу, пожарной безопасности и исполнительной документации.;draft
neneckiy-avtonomnyy-okrug;Ненецкий автономный округ;Ненецкий автономный округ;Ненецком автономном округе;Системы безопасности в Ненецком автономном округе | Прометей01;Прометей01 выполняет видеонаблюдение, СКУД, слаботочные сети, электромонтаж, пожарную сигнализацию, огнезащиту и ПНР в Ненецком автономном округе.;Прометей01 выполняет монтаж, настройку и обслуживание систем безопасности в Ненецком автономном округе: видеонаблюдение, СКУД, пожарную сигнализацию, электромонтаж и слаботочные сети. Формат работ зависит от объекта, требований к доступу, пожарной безопасности и исполнительной документации.;draft
